site_id,date,tmin_c,tmax_c,precipitation_mm,et0_mm,dataset_id
konya,2024-01-01,0.1,9.7,1.2,0.9,open_meteo_era5_konya_2024_2025_83aec22d823b
konya,2024-01-02,5.4,12.6,3.7,1.21,open_meteo_era5_konya_2024_2025_83aec22d823b
konya,2024-01-03,3.4,12.7,0.7,1.41,open_meteo_era5_konya_2024_2025_83aec22d823b
konya,2024-01-04,5.1,13.2,0.1,1.51,open_meteo_era5_konya_2024_2025_83aec22d823b
konya,2024-01-05,3.4,12.6,0.1,1.45,open_meteo_era5_konya_2024_2025_83aec22d823b
konya,2024-01-06,0.2,14.1,0.0,1.62,open_meteo_era5_konya_2024_2025_83aec22d823b
konya,2024-01-07,3.0,14.6,0.0,2.22,open_meteo_era5_konya_2024_2025_83aec22d823b
konya,2024-01-08,7.2,13.9,0.1,2.1,open_meteo_era5_konya_2024_2025_83aec22d823b
konya,2024-01-09,2.3,10.5,4.6,0.91,open_meteo_era5_konya_2024_2025_83aec22d823b
konya,2024-01-10,2.2,5.2,2.2,0.84,open_meteo_era5_konya_2024_2025_83aec22d823b
konya,2024-01-11,1.4,5.5,0.2,0.77,open_meteo_era5_konya_2024_2025_83aec22d823b
konya,2024-01-12,-1.0,7.0,0.4,1.27,open_meteo_era5_konya_2024_2025_83aec22d823b
konya,2024-01-13,-3.5,1.4,0.0,0.87,open_meteo_era5_konya_2024_2025_83aec22d823b
konya,2024-01-14,-5.0,4.9,0.0,1.16,open_meteo_era5_konya_2024_2025_83aec22d823b
konya,2024-01-15,-3.1,8.4,0.0,1.27,open_meteo_era5_konya_2024_2025_83aec22d823b
konya,2024-01-16,5.1,10.2,6.3,1.15,open_meteo_era5_konya_2024_2025_83aec22d823b
konya,2024-01-17,2.4,11.9,0.4,1.27,open_meteo_era5_konya_2024_2025_83aec22d823b
konya,2024-01-18,1.2,11.9,0.2,1.34,open_meteo_era5_konya_2024_2025_83aec22d823b
konya,2024-01-19,6.1,13.3,0.2,1.43,open_meteo_era5_konya_2024_2025_83aec22d823b
konya,2024-01-20,4.8,14.1,0.1,1.5,open_meteo_era5_konya_2024_2025_83aec22d823b
konya,2024-01-21,1.4,8.3,14.7,0.52,open_meteo_era5_konya_2024_2025_83aec22d823b
konya,2024-01-22,-0.1,1.5,0.9,0.71,open_meteo_era5_konya_2024_2025_83aec22d823b
konya,2024-01-23,-3.2,1.6,0.0,0.92,open_meteo_era5_konya_2024_2025_83aec22d823b
konya,2024-01-24,-4.2,3.0,0.0,1.18,open_meteo_era5_konya_2024_2025_83aec22d823b
konya,2024-01-25,-5.8,4.8,0.0,1.07,open_meteo_era5_konya_2024_2025_83aec22d823b
konya,2024-01-26,-1.1,3.3,7.0,1.06,open_meteo_era5_konya_2024_2025_83aec22d823b
konya,2024-01-27,-1.0,3.2,0.0,1.15,open_meteo_era5_konya_2024_2025_83aec22d823b
konya,2024-01-28,-2.4,2.3,1.1,1.05,open_meteo_era5_konya_2024_2025_83aec22d823b
konya,2024-01-29,-2.3,0.7,0.8,0.89,open_meteo_era5_konya_2024_2025_83aec22d823b
konya,2024-01-30,-2.6,2.1,0.5,1.3,open_meteo_era5_konya_2024_2025_83aec22d823b
konya,2024-01-31,-1.6,3.2,0.0,1.06,open_meteo_era5_konya_2024_2025_83aec22d823b
konya,2024-02-01,-4.1,5.6,0.0,1.41,open_meteo_era5_konya_2024_2025_83aec22d823b
konya,2024-02-02,-4.7,7.4,0.0,1.6,open_meteo_era5_konya_2024_2025_83aec22d823b
konya,2024-02-03,-2.8,6.0,0.0,1.42,open_meteo_era5_konya_2024_2025_83aec22d823b
konya,2024-02-04,-3.1,9.2,0.0,1.69,open_meteo_era5_konya_2024_2025_83aec22d823b
konya,2024-02-05,-0.9,9.6,0.0,1.68,open_meteo_era5_konya_2024_2025_83aec22d823b
konya,2024-02-06,1.3,16.0,0.0,2.47,open_meteo_era5_konya_2024_2025_83aec22d823b
konya,2024-02-07,0.6,18.4,0.0,2.76,open_meteo_era5_konya_2024_2025_83aec22d823b
konya,2024-02-08,3.8,12.9,0.0,1.9,open_meteo_era5_konya_2024_2025_83aec22d823b
konya,2024-02-09,1.8,12.6,0.6,1.75,open_meteo_era5_konya_2024_2025_83aec22d823b
konya,2024-02-10,0.3,14.9,0.0,2.2,open_meteo_era5_konya_2024_2025_83aec22d823b
konya,2024-02-11,3.6,14.8,0.0,2.23,open_meteo_era5_konya_2024_2025_83aec22d823b
konya,2024-02-12,6.4,14.1,0.0,2.39,open_meteo_era5_konya_2024_2025_83aec22d823b
konya,2024-02-13,4.7,12.3,4.5,1.88,open_meteo_era5_konya_2024_2025_83aec22d823b
konya,2024-02-14,1.9,7.4,9.5,0.79,open_meteo_era5_konya_2024_2025_83aec22d823b
konya,2024-02-15,1.6,10.5,0.3,1.79,open_meteo_era5_konya_2024_2025_83aec22d823b
konya,2024-02-16,2.6,7.7,0.1,1.11,open_meteo_era5_konya_2024_2025_83aec22d823b
konya,2024-02-17,3.7,8.2,0.2,1.37,open_meteo_era5_konya_2024_2025_83aec22d823b
konya,2024-02-18,2.3,5.8,1.8,0.98,open_meteo_era5_konya_2024_2025_83aec22d823b
konya,2024-02-19,0.2,6.7,0.2,1.23,open_meteo_era5_konya_2024_2025_83aec22d823b
konya,2024-02-20,-2.1,10.1,0.0,1.69,open_meteo_era5_konya_2024_2025_83aec22d823b
konya,2024-02-21,0.0,11.9,0.0,2.08,open_meteo_era5_konya_2024_2025_83aec22d823b
konya,2024-02-22,2.0,10.5,0.5,1.72,open_meteo_era5_konya_2024_2025_83aec22d823b
konya,2024-02-23,0.5,13.8,0.0,2.45,open_meteo_era5_konya_2024_2025_83aec22d823b
konya,2024-02-24,1.3,14.9,0.0,2.56,open_meteo_era5_konya_2024_2025_83aec22d823b
konya,2024-02-25,1.5,15.1,0.0,2.7,open_meteo_era5_konya_2024_2025_83aec22d823b
konya,2024-02-26,4.0,12.2,0.1,1.89,open_meteo_era5_konya_2024_2025_83aec22d823b
konya,2024-02-27,3.2,14.2,0.0,2.49,open_meteo_era5_konya_2024_2025_83aec22d823b
konya,2024-02-28,2.3,16.2,0.0,2.91,open_meteo_era5_konya_2024_2025_83aec22d823b
konya,2024-02-29,3.9,17.0,0.0,3.03,open_meteo_era5_konya_2024_2025_83aec22d823b
konya,2024-03-01,6.4,18.5,0.0,3.32,open_meteo_era5_konya_2024_2025_83aec22d823b
konya,2024-03-02,5.0,17.1,0.1,3.37,open_meteo_era5_konya_2024_2025_83aec22d823b
konya,2024-03-03,4.2,12.9,0.7,2.57,open_meteo_era5_konya_2024_2025_83aec22d823b
konya,2024-03-04,2.2,13.9,0.8,2.64,open_meteo_era5_konya_2024_2025_83aec22d823b
konya,2024-03-05,2.6,15.0,2.6,3.04,open_meteo_era5_konya_2024_2025_83aec22d823b
konya,2024-03-06,2.1,8.5,6.0,1.5,open_meteo_era5_konya_2024_2025_83aec22d823b
konya,2024-03-07,1.2,10.9,0.2,2.02,open_meteo_era5_konya_2024_2025_83aec22d823b
konya,2024-03-08,0.4,12.0,1.6,2.25,open_meteo_era5_konya_2024_2025_83aec22d823b
konya,2024-03-09,2.2,8.0,0.0,1.85,open_meteo_era5_konya_2024_2025_83aec22d823b
konya,2024-03-10,0.2,8.7,0.0,1.97,open_meteo_era5_konya_2024_2025_83aec22d823b
konya,2024-03-11,-1.5,15.7,0.0,3.05,open_meteo_era5_konya_2024_2025_83aec22d823b
konya,2024-03-12,1.7,19.7,0.0,4.0,open_meteo_era5_konya_2024_2025_83aec22d823b
konya,2024-03-13,4.8,15.4,0.3,2.91,open_meteo_era5_konya_2024_2025_83aec22d823b
konya,2024-03-14,1.7,14.0,1.1,2.83,open_meteo_era5_konya_2024_2025_83aec22d823b
konya,2024-03-15,3.0,11.1,4.1,2.3,open_meteo_era5_konya_2024_2025_83aec22d823b
konya,2024-03-16,2.1,12.3,1.5,2.59,open_meteo_era5_konya_2024_2025_83aec22d823b
konya,2024-03-17,2.8,12.7,0.2,2.22,open_meteo_era5_konya_2024_2025_83aec22d823b
konya,2024-03-18,3.6,13.0,0.3,3.09,open_meteo_era5_konya_2024_2025_83aec22d823b
konya,2024-03-19,4.1,14.4,0.0,3.51,open_meteo_era5_konya_2024_2025_83aec22d823b
konya,2024-03-20,3.3,14.4,4.1,2.49,open_meteo_era5_konya_2024_2025_83aec22d823b
konya,2024-03-21,-1.4,5.6,5.5,1.48,open_meteo_era5_konya_2024_2025_83aec22d823b
konya,2024-03-22,-2.5,5.4,2.8,2.02,open_meteo_era5_konya_2024_2025_83aec22d823b
konya,2024-03-23,-2.7,6.9,0.0,2.11,open_meteo_era5_konya_2024_2025_83aec22d823b
konya,2024-03-24,-2.8,13.9,0.0,3.39,open_meteo_era5_konya_2024_2025_83aec22d823b
konya,2024-03-25,1.0,14.9,1.9,3.75,open_meteo_era5_konya_2024_2025_83aec22d823b
konya,2024-03-26,4.7,12.7,1.9,2.75,open_meteo_era5_konya_2024_2025_83aec22d823b
konya,2024-03-27,6.9,18.6,0.3,3.36,open_meteo_era5_konya_2024_2025_83aec22d823b
konya,2024-03-28,4.6,22.9,0.0,4.45,open_meteo_era5_konya_2024_2025_83aec22d823b
konya,2024-03-29,9.7,20.2,0.7,3.36,open_meteo_era5_konya_2024_2025_83aec22d823b
konya,2024-03-30,7.4,22.9,0.0,4.48,open_meteo_era5_konya_2024_2025_83aec22d823b
konya,2024-03-31,8.6,25.2,0.0,4.49,open_meteo_era5_konya_2024_2025_83aec22d823b
konya,2024-04-01,9.4,25.2,0.0,4.75,open_meteo_era5_konya_2024_2025_83aec22d823b
konya,2024-04-02,9.2,25.8,0.0,4.7,open_meteo_era5_konya_2024_2025_83aec22d823b
konya,2024-04-03,10.5,27.1,0.0,5.55,open_meteo_era5_konya_2024_2025_83aec22d823b
konya,2024-04-04,9.0,26.3,0.0,5.5,open_meteo_era5_konya_2024_2025_83aec22d823b
konya,2024-04-05,9.5,20.3,0.0,4.82,open_meteo_era5_konya_2024_2025_83aec22d823b
konya,2024-04-06,7.8,17.0,1.1,4.54,open_meteo_era5_konya_2024_2025_83aec22d823b
konya,2024-04-07,6.0,16.6,0.0,4.53,open_meteo_era5_konya_2024_2025_83aec22d823b
konya,2024-04-08,5.0,9.4,1.4,1.63,open_meteo_era5_konya_2024_2025_83aec22d823b
konya,2024-04-09,5.0,14.1,4.7,1.99,open_meteo_era5_konya_2024_2025_83aec22d823b
konya,2024-04-10,8.5,18.0,2.2,3.24,open_meteo_era5_konya_2024_2025_83aec22d823b
konya,2024-04-11,7.9,18.5,0.1,3.55,open_meteo_era5_konya_2024_2025_83aec22d823b
konya,2024-04-12,8.4,18.9,0.2,3.59,open_meteo_era5_konya_2024_2025_83aec22d823b
konya,2024-04-13,10.8,17.6,2.2,3.08,open_meteo_era5_konya_2024_2025_83aec22d823b
konya,2024-04-14,9.9,16.8,2.3,3.46,open_meteo_era5_konya_2024_2025_83aec22d823b
konya,2024-04-15,7.4,20.1,0.0,4.84,open_meteo_era5_konya_2024_2025_83aec22d823b
konya,2024-04-16,6.0,26.2,0.0,5.6,open_meteo_era5_konya_2024_2025_83aec22d823b
konya,2024-04-17,11.2,26.5,0.0,6.46,open_meteo_era5_konya_2024_2025_83aec22d823b
konya,2024-04-18,11.1,25.0,0.0,6.01,open_meteo_era5_konya_2024_2025_83aec22d823b
konya,2024-04-19,8.1,24.3,0.0,5.45,open_meteo_era5_konya_2024_2025_83aec22d823b
konya,2024-04-20,7.3,19.0,2.1,4.13,open_meteo_era5_konya_2024_2025_83aec22d823b
konya,2024-04-21,5.5,22.1,0.0,5.02,open_meteo_era5_konya_2024_2025_83aec22d823b
konya,2024-04-22,8.4,24.1,0.0,5.1,open_meteo_era5_konya_2024_2025_83aec22d823b
konya,2024-04-23,10.6,28.7,0.0,6.48,open_meteo_era5_konya_2024_2025_83aec22d823b
konya,2024-04-24,15.9,29.8,0.0,7.68,open_meteo_era5_konya_2024_2025_83aec22d823b
konya,2024-04-25,17.4,28.3,0.0,7.01,open_meteo_era5_konya_2024_2025_83aec22d823b
konya,2024-04-26,14.8,27.9,0.0,6.8,open_meteo_era5_konya_2024_2025_83aec22d823b
konya,2024-04-27,12.1,24.0,1.8,4.05,open_meteo_era5_konya_2024_2025_83aec22d823b
konya,2024-04-28,13.0,27.5,0.1,5.4,open_meteo_era5_konya_2024_2025_83aec22d823b
konya,2024-04-29,13.8,24.8,2.5,4.18,open_meteo_era5_konya_2024_2025_83aec22d823b
konya,2024-04-30,13.4,22.4,0.9,3.44,open_meteo_era5_konya_2024_2025_83aec22d823b
konya,2024-05-01,11.3,21.3,12.8,3.25,open_meteo_era5_konya_2024_2025_83aec22d823b
konya,2024-05-02,10.2,22.8,0.7,4.44,open_meteo_era5_konya_2024_2025_83aec22d823b
konya,2024-05-03,9.0,19.1,0.2,3.41,open_meteo_era5_konya_2024_2025_83aec22d823b
konya,2024-05-04,6.5,17.5,5.2,3.29,open_meteo_era5_konya_2024_2025_83aec22d823b
konya,2024-05-05,6.1,11.4,11.6,1.73,open_meteo_era5_konya_2024_2025_83aec22d823b
konya,2024-05-06,4.5,14.8,0.1,3.95,open_meteo_era5_konya_2024_2025_83aec22d823b
konya,2024-05-07,2.9,19.6,0.0,5.0,open_meteo_era5_konya_2024_2025_83aec22d823b
konya,2024-05-08,6.6,23.4,0.0,5.02,open_meteo_era5_konya_2024_2025_83aec22d823b
konya,2024-05-09,9.9,22.5,0.0,4.22,open_meteo_era5_konya_2024_2025_83aec22d823b
konya,2024-05-10,9.1,25.4,0.5,6.1,open_meteo_era5_konya_2024_2025_83aec22d823b
konya,2024-05-11,10.9,18.2,0.3,4.19,open_meteo_era5_konya_2024_2025_83aec22d823b
konya,2024-05-12,9.4,13.9,8.7,2.2,open_meteo_era5_konya_2024_2025_83aec22d823b
konya,2024-05-13,8.2,15.9,3.6,3.76,open_meteo_era5_konya_2024_2025_83aec22d823b
konya,2024-05-14,6.4,16.5,0.0,3.94,open_meteo_era5_konya_2024_2025_83aec22d823b
konya,2024-05-15,6.5,21.5,0.2,5.0,open_meteo_era5_konya_2024_2025_83aec22d823b
konya,2024-05-16,7.9,22.0,0.3,4.88,open_meteo_era5_konya_2024_2025_83aec22d823b
konya,2024-05-17,10.2,25.2,0.5,5.04,open_meteo_era5_konya_2024_2025_83aec22d823b
konya,2024-05-18,15.0,28.1,6.9,5.67,open_meteo_era5_konya_2024_2025_83aec22d823b
konya,2024-05-19,13.6,24.7,0.7,4.48,open_meteo_era5_konya_2024_2025_83aec22d823b
konya,2024-05-20,14.5,25.9,3.5,4.83,open_meteo_era5_konya_2024_2025_83aec22d823b
konya,2024-05-21,13.3,26.8,2.0,5.59,open_meteo_era5_konya_2024_2025_83aec22d823b
konya,2024-05-22,13.2,28.5,2.9,5.19,open_meteo_era5_konya_2024_2025_83aec22d823b
konya,2024-05-23,12.7,26.2,0.3,5.54,open_meteo_era5_konya_2024_2025_83aec22d823b
konya,2024-05-24,11.9,16.8,1.9,3.43,open_meteo_era5_konya_2024_2025_83aec22d823b
konya,2024-05-25,11.9,21.8,1.0,4.73,open_meteo_era5_konya_2024_2025_83aec22d823b
konya,2024-05-26,10.1,24.1,3.9,4.67,open_meteo_era5_konya_2024_2025_83aec22d823b
konya,2024-05-27,11.3,18.2,7.0,3.33,open_meteo_era5_konya_2024_2025_83aec22d823b
konya,2024-05-28,11.3,18.5,3.0,3.5,open_meteo_era5_konya_2024_2025_83aec22d823b
konya,2024-05-29,10.2,23.1,3.5,4.0,open_meteo_era5_konya_2024_2025_83aec22d823b
konya,2024-05-30,10.9,23.5,0.2,5.15,open_meteo_era5_konya_2024_2025_83aec22d823b
konya,2024-05-31,10.5,23.2,2.1,4.84,open_meteo_era5_konya_2024_2025_83aec22d823b
konya,2024-06-01,11.2,27.5,0.0,5.62,open_meteo_era5_konya_2024_2025_83aec22d823b
konya,2024-06-02,14.0,29.1,0.0,6.63,open_meteo_era5_konya_2024_2025_83aec22d823b
konya,2024-06-03,16.1,31.4,0.0,7.05,open_meteo_era5_konya_2024_2025_83aec22d823b
konya,2024-06-04,17.9,32.6,1.3,6.42,open_meteo_era5_konya_2024_2025_83aec22d823b
konya,2024-06-05,17.2,32.9,0.0,6.79,open_meteo_era5_konya_2024_2025_83aec22d823b
konya,2024-06-06,19.4,32.6,2.2,7.01,open_meteo_era5_konya_2024_2025_83aec22d823b
konya,2024-06-07,17.1,29.2,4.7,5.32,open_meteo_era5_konya_2024_2025_83aec22d823b
konya,2024-06-08,14.6,25.9,3.5,4.76,open_meteo_era5_konya_2024_2025_83aec22d823b
konya,2024-06-09,13.8,25.3,0.0,5.26,open_meteo_era5_konya_2024_2025_83aec22d823b
konya,2024-06-10,14.7,27.9,0.0,6.75,open_meteo_era5_konya_2024_2025_83aec22d823b
konya,2024-06-11,14.5,32.1,0.0,6.74,open_meteo_era5_konya_2024_2025_83aec22d823b
konya,2024-06-12,17.8,35.1,0.1,7.23,open_meteo_era5_konya_2024_2025_83aec22d823b
konya,2024-06-13,19.4,34.5,0.1,6.96,open_meteo_era5_konya_2024_2025_83aec22d823b
konya,2024-06-14,20.4,35.6,2.0,6.54,open_meteo_era5_konya_2024_2025_83aec22d823b
konya,2024-06-15,18.4,28.7,0.6,6.43,open_meteo_era5_konya_2024_2025_83aec22d823b
konya,2024-06-16,15.8,31.1,0.0,6.16,open_meteo_era5_konya_2024_2025_83aec22d823b
konya,2024-06-17,18.0,32.9,0.9,6.73,open_meteo_era5_konya_2024_2025_83aec22d823b
konya,2024-06-18,19.9,33.7,0.1,7.82,open_meteo_era5_konya_2024_2025_83aec22d823b
konya,2024-06-19,20.1,33.4,0.0,7.75,open_meteo_era5_konya_2024_2025_83aec22d823b
konya,2024-06-20,19.8,33.7,0.0,8.01,open_meteo_era5_konya_2024_2025_83aec22d823b
konya,2024-06-21,20.7,30.7,0.0,8.55,open_meteo_era5_konya_2024_2025_83aec22d823b
konya,2024-06-22,18.5,31.9,0.0,8.26,open_meteo_era5_konya_2024_2025_83aec22d823b
konya,2024-06-23,17.8,33.3,0.0,8.0,open_meteo_era5_konya_2024_2025_83aec22d823b
konya,2024-06-24,17.6,35.8,0.0,7.31,open_meteo_era5_konya_2024_2025_83aec22d823b
konya,2024-06-25,18.8,36.4,0.7,7.96,open_meteo_era5_konya_2024_2025_83aec22d823b
konya,2024-06-26,20.5,31.3,0.0,7.55,open_meteo_era5_konya_2024_2025_83aec22d823b
konya,2024-06-27,17.7,31.2,0.0,7.21,open_meteo_era5_konya_2024_2025_83aec22d823b
konya,2024-06-28,17.1,33.3,1.0,6.55,open_meteo_era5_konya_2024_2025_83aec22d823b
konya,2024-06-29,18.5,27.9,0.1,8.18,open_meteo_era5_konya_2024_2025_83aec22d823b
konya,2024-06-30,16.2,25.9,0.0,6.6,open_meteo_era5_konya_2024_2025_83aec22d823b
konya,2024-07-01,16.9,27.5,0.0,6.65,open_meteo_era5_konya_2024_2025_83aec22d823b
konya,2024-07-02,17.2,30.0,0.0,7.14,open_meteo_era5_konya_2024_2025_83aec22d823b
konya,2024-07-03,16.6,35.5,1.9,8.05,open_meteo_era5_konya_2024_2025_83aec22d823b
konya,2024-07-04,17.8,32.3,0.0,8.01,open_meteo_era5_konya_2024_2025_83aec22d823b
konya,2024-07-05,15.8,29.5,2.3,6.28,open_meteo_era5_konya_2024_2025_83aec22d823b
konya,2024-07-06,18.4,27.0,0.2,6.01,open_meteo_era5_konya_2024_2025_83aec22d823b
konya,2024-07-07,19.9,30.4,0.0,7.11,open_meteo_era5_konya_2024_2025_83aec22d823b
konya,2024-07-08,20.0,30.2,0.0,5.67,open_meteo_era5_konya_2024_2025_83aec22d823b
konya,2024-07-09,21.1,30.8,0.0,6.85,open_meteo_era5_konya_2024_2025_83aec22d823b
konya,2024-07-10,18.3,30.8,1.3,5.59,open_meteo_era5_konya_2024_2025_83aec22d823b
konya,2024-07-11,17.1,30.6,1.0,5.55,open_meteo_era5_konya_2024_2025_83aec22d823b
konya,2024-07-12,18.1,31.9,0.0,5.96,open_meteo_era5_konya_2024_2025_83aec22d823b
konya,2024-07-13,19.8,32.1,1.1,6.22,open_meteo_era5_konya_2024_2025_83aec22d823b
konya,2024-07-14,20.2,28.2,0.1,5.62,open_meteo_era5_konya_2024_2025_83aec22d823b
konya,2024-07-15,19.8,30.7,0.0,6.56,open_meteo_era5_konya_2024_2025_83aec22d823b
konya,2024-07-16,20.0,31.5,0.0,6.63,open_meteo_era5_konya_2024_2025_83aec22d823b
konya,2024-07-17,21.2,32.2,0.0,6.43,open_meteo_era5_konya_2024_2025_83aec22d823b
konya,2024-07-18,20.3,31.7,0.0,6.33,open_meteo_era5_konya_2024_2025_83aec22d823b
konya,2024-07-19,22.9,30.9,0.0,7.45,open_meteo_era5_konya_2024_2025_83aec22d823b
konya,2024-07-20,21.5,30.6,0.0,7.46,open_meteo_era5_konya_2024_2025_83aec22d823b
konya,2024-07-21,20.2,33.9,0.0,6.79,open_meteo_era5_konya_2024_2025_83aec22d823b
konya,2024-07-22,21.2,34.3,0.0,5.82,open_meteo_era5_konya_2024_2025_83aec22d823b
konya,2024-07-23,23.3,35.6,0.0,6.85,open_meteo_era5_konya_2024_2025_83aec22d823b
konya,2024-07-24,22.3,31.6,0.3,5.9,open_meteo_era5_konya_2024_2025_83aec22d823b
konya,2024-07-25,20.2,32.1,1.2,4.92,open_meteo_era5_konya_2024_2025_83aec22d823b
konya,2024-07-26,18.6,27.9,2.4,5.3,open_meteo_era5_konya_2024_2025_83aec22d823b
konya,2024-07-27,16.8,27.4,0.0,6.52,open_meteo_era5_konya_2024_2025_83aec22d823b
konya,2024-07-28,17.3,28.0,0.0,6.34,open_meteo_era5_konya_2024_2025_83aec22d823b
konya,2024-07-29,18.0,30.1,0.0,7.21,open_meteo_era5_konya_2024_2025_83aec22d823b
konya,2024-07-30,17.7,30.0,0.0,7.43,open_meteo_era5_konya_2024_2025_83aec22d823b
konya,2024-07-31,19.0,28.8,0.0,6.7,open_meteo_era5_konya_2024_2025_83aec22d823b
konya,2024-08-01,17.9,30.0,0.0,6.69,open_meteo_era5_konya_2024_2025_83aec22d823b
konya,2024-08-02,16.7,32.4,0.0,6.69,open_meteo_era5_konya_2024_2025_83aec22d823b
konya,2024-08-03,18.5,34.4,0.0,6.29,open_meteo_era5_konya_2024_2025_83aec22d823b
konya,2024-08-04,20.5,33.5,0.0,6.11,open_meteo_era5_konya_2024_2025_83aec22d823b
konya,2024-08-05,21.6,32.9,0.2,6.19,open_meteo_era5_konya_2024_2025_83aec22d823b
konya,2024-08-06,20.4,33.0,0.6,6.0,open_meteo_era5_konya_2024_2025_83aec22d823b
konya,2024-08-07,21.2,32.5,0.0,7.04,open_meteo_era5_konya_2024_2025_83aec22d823b
konya,2024-08-08,20.2,32.8,0.0,5.48,open_meteo_era5_konya_2024_2025_83aec22d823b
konya,2024-08-09,20.4,33.8,0.0,6.21,open_meteo_era5_konya_2024_2025_83aec22d823b
konya,2024-08-10,21.2,32.4,0.9,5.54,open_meteo_era5_konya_2024_2025_83aec22d823b
konya,2024-08-11,19.7,29.1,0.0,6.87,open_meteo_era5_konya_2024_2025_83aec22d823b
konya,2024-08-12,18.5,28.8,0.0,7.18,open_meteo_era5_konya_2024_2025_83aec22d823b
konya,2024-08-13,18.6,30.9,0.0,6.63,open_meteo_era5_konya_2024_2025_83aec22d823b
konya,2024-08-14,18.5,33.2,0.0,7.59,open_meteo_era5_konya_2024_2025_83aec22d823b
konya,2024-08-15,19.6,32.3,0.0,7.35,open_meteo_era5_konya_2024_2025_83aec22d823b
konya,2024-08-16,18.7,28.2,0.0,7.42,open_meteo_era5_konya_2024_2025_83aec22d823b
konya,2024-08-17,15.7,26.6,0.0,6.18,open_meteo_era5_konya_2024_2025_83aec22d823b
konya,2024-08-18,15.7,32.3,0.0,5.86,open_meteo_era5_konya_2024_2025_83aec22d823b
konya,2024-08-19,17.0,34.9,0.0,6.26,open_meteo_era5_konya_2024_2025_83aec22d823b
konya,2024-08-20,18.8,35.5,0.0,5.81,open_meteo_era5_konya_2024_2025_83aec22d823b
konya,2024-08-21,19.6,36.7,0.0,6.81,open_meteo_era5_konya_2024_2025_83aec22d823b
konya,2024-08-22,18.1,33.9,0.0,5.93,open_meteo_era5_konya_2024_2025_83aec22d823b
konya,2024-08-23,20.1,31.6,0.6,5.78,open_meteo_era5_konya_2024_2025_83aec22d823b
konya,2024-08-24,18.1,26.7,6.1,4.8,open_meteo_era5_konya_2024_2025_83aec22d823b
konya,2024-08-25,16.2,27.3,1.3,4.75,open_meteo_era5_konya_2024_2025_83aec22d823b
konya,2024-08-26,15.3,28.5,3.9,4.26,open_meteo_era5_konya_2024_2025_83aec22d823b
konya,2024-08-27,15.4,29.3,0.4,4.55,open_meteo_era5_konya_2024_2025_83aec22d823b
konya,2024-08-28,16.2,28.7,0.0,4.65,open_meteo_era5_konya_2024_2025_83aec22d823b
konya,2024-08-29,17.6,29.1,1.6,4.36,open_meteo_era5_konya_2024_2025_83aec22d823b
konya,2024-08-30,15.8,28.0,0.6,4.19,open_meteo_era5_konya_2024_2025_83aec22d823b
konya,2024-08-31,16.8,28.2,1.1,4.25,open_meteo_era5_konya_2024_2025_83aec22d823b
konya,2024-09-01,16.1,27.9,0.6,4.43,open_meteo_era5_konya_2024_2025_83aec22d823b
konya,2024-09-02,14.7,26.6,0.0,3.99,open_meteo_era5_konya_2024_2025_83aec22d823b
konya,2024-09-03,15.8,27.6,2.1,4.13,open_meteo_era5_konya_2024_2025_83aec22d823b
konya,2024-09-04,16.9,28.5,4.0,4.51,open_meteo_era5_konya_2024_2025_83aec22d823b
konya,2024-09-05,17.9,28.3,3.5,4.42,open_meteo_era5_konya_2024_2025_83aec22d823b
konya,2024-09-06,16.9,27.8,0.0,5.07,open_meteo_era5_konya_2024_2025_83aec22d823b
konya,2024-09-07,15.9,27.9,0.0,5.29,open_meteo_era5_konya_2024_2025_83aec22d823b
konya,2024-09-08,15.5,27.5,1.3,4.31,open_meteo_era5_konya_2024_2025_83aec22d823b
konya,2024-09-09,14.2,28.8,0.0,4.48,open_meteo_era5_konya_2024_2025_83aec22d823b
konya,2024-09-10,14.4,30.8,0.0,5.65,open_meteo_era5_konya_2024_2025_83aec22d823b
konya,2024-09-11,15.0,29.0,0.0,5.05,open_meteo_era5_konya_2024_2025_83aec22d823b
konya,2024-09-12,16.0,29.1,0.0,4.4,open_meteo_era5_konya_2024_2025_83aec22d823b
konya,2024-09-13,15.4,31.0,0.0,4.91,open_meteo_era5_konya_2024_2025_83aec22d823b
konya,2024-09-14,15.8,30.2,0.0,4.61,open_meteo_era5_konya_2024_2025_83aec22d823b
konya,2024-09-15,17.2,31.4,0.0,5.34,open_meteo_era5_konya_2024_2025_83aec22d823b
konya,2024-09-16,16.0,26.9,0.0,3.56,open_meteo_era5_konya_2024_2025_83aec22d823b
konya,2024-09-17,15.2,27.1,0.0,4.0,open_meteo_era5_konya_2024_2025_83aec22d823b
konya,2024-09-18,16.2,27.8,0.0,3.93,open_meteo_era5_konya_2024_2025_83aec22d823b
konya,2024-09-19,15.7,23.5,1.0,3.38,open_meteo_era5_konya_2024_2025_83aec22d823b
konya,2024-09-20,13.6,22.9,3.4,3.0,open_meteo_era5_konya_2024_2025_83aec22d823b
konya,2024-09-21,13.6,23.3,6.5,3.37,open_meteo_era5_konya_2024_2025_83aec22d823b
konya,2024-09-22,12.0,18.0,7.7,2.36,open_meteo_era5_konya_2024_2025_83aec22d823b
konya,2024-09-23,10.2,20.7,0.3,3.11,open_meteo_era5_konya_2024_2025_83aec22d823b
konya,2024-09-24,9.1,21.8,0.0,2.92,open_meteo_era5_konya_2024_2025_83aec22d823b
konya,2024-09-25,9.7,23.9,0.0,3.81,open_meteo_era5_konya_2024_2025_83aec22d823b
konya,2024-09-26,10.5,25.1,0.0,4.14,open_meteo_era5_konya_2024_2025_83aec22d823b
konya,2024-09-27,11.7,26.0,0.0,4.36,open_meteo_era5_konya_2024_2025_83aec22d823b
konya,2024-09-28,11.3,28.6,0.0,4.23,open_meteo_era5_konya_2024_2025_83aec22d823b
konya,2024-09-29,10.9,29.6,0.0,4.13,open_meteo_era5_konya_2024_2025_83aec22d823b
konya,2024-09-30,12.2,27.2,8.7,4.26,open_meteo_era5_konya_2024_2025_83aec22d823b
konya,2024-10-01,9.8,18.4,0.0,2.82,open_meteo_era5_konya_2024_2025_83aec22d823b
konya,2024-10-02,9.3,19.7,0.0,2.96,open_meteo_era5_konya_2024_2025_83aec22d823b
konya,2024-10-03,8.0,24.3,0.0,3.4,open_meteo_era5_konya_2024_2025_83aec22d823b
konya,2024-10-04,9.6,25.6,0.0,3.65,open_meteo_era5_konya_2024_2025_83aec22d823b
konya,2024-10-05,11.1,26.3,0.0,3.91,open_meteo_era5_konya_2024_2025_83aec22d823b
konya,2024-10-06,11.6,28.1,0.0,4.02,open_meteo_era5_konya_2024_2025_83aec22d823b
konya,2024-10-07,11.6,27.3,0.0,3.79,open_meteo_era5_konya_2024_2025_83aec22d823b
konya,2024-10-08,12.1,26.2,0.0,3.77,open_meteo_era5_konya_2024_2025_83aec22d823b
konya,2024-10-09,13.3,29.2,0.0,4.25,open_meteo_era5_konya_2024_2025_83aec22d823b
konya,2024-10-10,11.2,27.9,0.0,4.12,open_meteo_era5_konya_2024_2025_83aec22d823b
konya,2024-10-11,12.9,27.0,0.0,3.51,open_meteo_era5_konya_2024_2025_83aec22d823b
konya,2024-10-12,12.1,28.7,1.0,3.44,open_meteo_era5_konya_2024_2025_83aec22d823b
konya,2024-10-13,14.3,27.2,0.0,3.61,open_meteo_era5_konya_2024_2025_83aec22d823b
konya,2024-10-14,12.0,24.2,0.0,3.1,open_meteo_era5_konya_2024_2025_83aec22d823b
konya,2024-10-15,12.3,23.4,0.0,3.04,open_meteo_era5_konya_2024_2025_83aec22d823b
konya,2024-10-16,10.4,24.2,0.0,3.73,open_meteo_era5_konya_2024_2025_83aec22d823b
konya,2024-10-17,5.2,16.0,0.0,3.09,open_meteo_era5_konya_2024_2025_83aec22d823b
konya,2024-10-18,3.8,13.0,0.0,2.62,open_meteo_era5_konya_2024_2025_83aec22d823b
konya,2024-10-19,1.9,12.6,0.0,2.03,open_meteo_era5_konya_2024_2025_83aec22d823b
konya,2024-10-20,-0.4,14.6,0.0,2.75,open_meteo_era5_konya_2024_2025_83aec22d823b
konya,2024-10-21,2.9,13.1,0.0,2.69,open_meteo_era5_konya_2024_2025_83aec22d823b
konya,2024-10-22,5.0,13.4,0.0,2.67,open_meteo_era5_konya_2024_2025_83aec22d823b
konya,2024-10-23,3.8,13.9,0.0,2.59,open_meteo_era5_konya_2024_2025_83aec22d823b
konya,2024-10-24,2.4,16.5,0.0,2.76,open_meteo_era5_konya_2024_2025_83aec22d823b
konya,2024-10-25,3.6,15.0,0.0,2.5,open_meteo_era5_konya_2024_2025_83aec22d823b
konya,2024-10-26,3.0,16.4,0.0,2.75,open_meteo_era5_konya_2024_2025_83aec22d823b
konya,2024-10-27,3.0,17.0,0.0,2.65,open_meteo_era5_konya_2024_2025_83aec22d823b
konya,2024-10-28,1.9,17.7,0.0,2.72,open_meteo_era5_konya_2024_2025_83aec22d823b
konya,2024-10-29,2.8,17.7,0.0,3.11,open_meteo_era5_konya_2024_2025_83aec22d823b
konya,2024-10-30,5.6,16.0,0.0,2.76,open_meteo_era5_konya_2024_2025_83aec22d823b
konya,2024-10-31,3.1,15.4,0.0,2.3,open_meteo_era5_konya_2024_2025_83aec22d823b
konya,2024-11-01,3.1,16.5,0.0,2.35,open_meteo_era5_konya_2024_2025_83aec22d823b
konya,2024-11-02,3.9,18.4,0.0,2.44,open_meteo_era5_konya_2024_2025_83aec22d823b
konya,2024-11-03,4.4,16.6,0.0,2.87,open_meteo_era5_konya_2024_2025_83aec22d823b
konya,2024-11-04,2.3,12.9,0.0,1.82,open_meteo_era5_konya_2024_2025_83aec22d823b
konya,2024-11-05,0.8,12.0,0.0,2.14,open_meteo_era5_konya_2024_2025_83aec22d823b
konya,2024-11-06,-0.3,12.4,0.0,2.1,open_meteo_era5_konya_2024_2025_83aec22d823b
konya,2024-11-07,-0.2,12.1,0.0,2.17,open_meteo_era5_konya_2024_2025_83aec22d823b
konya,2024-11-08,-1.8,13.2,0.0,2.16,open_meteo_era5_konya_2024_2025_83aec22d823b
konya,2024-11-09,-0.7,12.8,0.0,2.07,open_meteo_era5_konya_2024_2025_83aec22d823b
konya,2024-11-10,0.7,9.0,0.6,1.05,open_meteo_era5_konya_2024_2025_83aec22d823b
konya,2024-11-11,4.7,13.5,0.0,1.14,open_meteo_era5_konya_2024_2025_83aec22d823b
konya,2024-11-12,3.8,15.1,0.0,1.38,open_meteo_era5_konya_2024_2025_83aec22d823b
konya,2024-11-13,2.0,16.4,0.0,1.88,open_meteo_era5_konya_2024_2025_83aec22d823b
konya,2024-11-14,3.5,16.5,0.0,1.73,open_meteo_era5_konya_2024_2025_83aec22d823b
konya,2024-11-15,5.0,17.6,0.0,2.08,open_meteo_era5_konya_2024_2025_83aec22d823b
konya,2024-11-16,5.0,16.2,0.6,1.55,open_meteo_era5_konya_2024_2025_83aec22d823b
konya,2024-11-17,4.6,12.0,1.9,1.16,open_meteo_era5_konya_2024_2025_83aec22d823b
konya,2024-11-18,3.0,12.7,0.7,1.32,open_meteo_era5_konya_2024_2025_83aec22d823b
konya,2024-11-19,4.3,12.6,0.6,1.2,open_meteo_era5_konya_2024_2025_83aec22d823b
konya,2024-11-20,2.4,15.3,0.0,1.95,open_meteo_era5_konya_2024_2025_83aec22d823b
konya,2024-11-21,4.9,15.4,0.0,2.14,open_meteo_era5_konya_2024_2025_83aec22d823b
konya,2024-11-22,9.4,16.7,0.1,1.76,open_meteo_era5_konya_2024_2025_83aec22d823b
konya,2024-11-23,-1.3,17.2,13.7,2.33,open_meteo_era5_konya_2024_2025_83aec22d823b
konya,2024-11-24,-4.8,-0.3,4.4,0.97,open_meteo_era5_konya_2024_2025_83aec22d823b
konya,2024-11-25,-5.2,-0.1,0.7,1.0,open_meteo_era5_konya_2024_2025_83aec22d823b
konya,2024-11-26,-4.9,2.0,0.3,0.72,open_meteo_era5_konya_2024_2025_83aec22d823b
konya,2024-11-27,-3.9,3.8,0.0,0.99,open_meteo_era5_konya_2024_2025_83aec22d823b
konya,2024-11-28,-1.6,5.7,0.0,1.09,open_meteo_era5_konya_2024_2025_83aec22d823b
konya,2024-11-29,-1.5,6.7,0.0,1.15,open_meteo_era5_konya_2024_2025_83aec22d823b
konya,2024-11-30,-2.0,7.9,0.0,1.22,open_meteo_era5_konya_2024_2025_83aec22d823b
konya,2024-12-01,-0.9,7.3,0.0,1.18,open_meteo_era5_konya_2024_2025_83aec22d823b
konya,2024-12-02,-1.5,7.4,0.0,1.07,open_meteo_era5_konya_2024_2025_83aec22d823b
konya,2024-12-03,-0.8,5.0,2.5,0.59,open_meteo_era5_konya_2024_2025_83aec22d823b
konya,2024-12-04,1.8,10.2,0.7,0.96,open_meteo_era5_konya_2024_2025_83aec22d823b
konya,2024-12-05,4.3,9.9,0.0,0.91,open_meteo_era5_konya_2024_2025_83aec22d823b
konya,2024-12-06,3.8,7.7,0.0,0.97,open_meteo_era5_konya_2024_2025_83aec22d823b
konya,2024-12-07,1.8,8.7,0.0,1.22,open_meteo_era5_konya_2024_2025_83aec22d823b
konya,2024-12-08,4.4,12.6,0.0,1.41,open_meteo_era5_konya_2024_2025_83aec22d823b
konya,2024-12-09,3.9,14.4,0.0,1.38,open_meteo_era5_konya_2024_2025_83aec22d823b
konya,2024-12-10,4.9,15.0,0.0,1.36,open_meteo_era5_konya_2024_2025_83aec22d823b
konya,2024-12-11,4.1,14.0,0.0,1.41,open_meteo_era5_konya_2024_2025_83aec22d823b
konya,2024-12-12,2.6,10.4,0.0,1.25,open_meteo_era5_konya_2024_2025_83aec22d823b
konya,2024-12-13,-0.3,4.4,0.0,1.02,open_meteo_era5_konya_2024_2025_83aec22d823b
konya,2024-12-14,-3.4,3.7,0.0,0.93,open_meteo_era5_konya_2024_2025_83aec22d823b
konya,2024-12-15,-3.7,9.8,0.1,1.33,open_meteo_era5_konya_2024_2025_83aec22d823b
konya,2024-12-16,2.4,5.4,5.3,0.41,open_meteo_era5_konya_2024_2025_83aec22d823b
konya,2024-12-17,-0.8,7.4,0.0,1.01,open_meteo_era5_konya_2024_2025_83aec22d823b
konya,2024-12-18,-1.9,9.8,0.0,1.21,open_meteo_era5_konya_2024_2025_83aec22d823b
konya,2024-12-19,-1.1,8.3,0.0,1.13,open_meteo_era5_konya_2024_2025_83aec22d823b
konya,2024-12-20,-1.4,8.1,0.0,1.08,open_meteo_era5_konya_2024_2025_83aec22d823b
konya,2024-12-21,-0.5,8.9,2.7,0.79,open_meteo_era5_konya_2024_2025_83aec22d823b
konya,2024-12-22,1.9,11.3,0.3,1.43,open_meteo_era5_konya_2024_2025_83aec22d823b
konya,2024-12-23,2.4,10.3,0.1,0.99,open_meteo_era5_konya_2024_2025_83aec22d823b
konya,2024-12-24,2.7,11.5,1.0,1.47,open_meteo_era5_konya_2024_2025_83aec22d823b
konya,2024-12-25,3.1,8.5,17.8,0.92,open_meteo_era5_konya_2024_2025_83aec22d823b
konya,2024-12-26,2.8,8.0,0.6,0.91,open_meteo_era5_konya_2024_2025_83aec22d823b
konya,2024-12-27,2.3,6.9,1.0,0.72,open_meteo_era5_konya_2024_2025_83aec22d823b
konya,2024-12-28,2.8,5.3,1.3,0.64,open_meteo_era5_konya_2024_2025_83aec22d823b
konya,2024-12-29,2.2,6.6,3.1,0.77,open_meteo_era5_konya_2024_2025_83aec22d823b
konya,2024-12-30,1.8,4.0,1.6,0.61,open_meteo_era5_konya_2024_2025_83aec22d823b
konya,2024-12-31,2.2,5.3,0.2,0.78,open_meteo_era5_konya_2024_2025_83aec22d823b
konya,2025-01-01,-2.5,6.1,0.0,1.0,open_meteo_era5_konya_2024_2025_83aec22d823b
konya,2025-01-02,-2.6,8.2,0.0,1.18,open_meteo_era5_konya_2024_2025_83aec22d823b
konya,2025-01-03,-2.7,9.0,0.0,1.26,open_meteo_era5_konya_2024_2025_83aec22d823b
konya,2025-01-04,-0.4,10.0,3.3,1.04,open_meteo_era5_konya_2024_2025_83aec22d823b
konya,2025-01-05,2.7,8.4,1.1,0.59,open_meteo_era5_konya_2024_2025_83aec22d823b
konya,2025-01-06,-0.1,7.4,0.0,0.83,open_meteo_era5_konya_2024_2025_83aec22d823b
konya,2025-01-07,-1.4,11.9,0.0,1.31,open_meteo_era5_konya_2024_2025_83aec22d823b
konya,2025-01-08,0.7,12.1,0.0,1.09,open_meteo_era5_konya_2024_2025_83aec22d823b
konya,2025-01-09,-0.3,10.8,0.0,1.23,open_meteo_era5_konya_2024_2025_83aec22d823b
konya,2025-01-10,0.6,9.3,0.0,1.33,open_meteo_era5_konya_2024_2025_83aec22d823b
konya,2025-01-11,-1.4,10.8,0.3,1.39,open_meteo_era5_konya_2024_2025_83aec22d823b
konya,2025-01-12,3.2,12.5,0.0,1.46,open_meteo_era5_konya_2024_2025_83aec22d823b
konya,2025-01-13,5.4,14.5,0.0,1.39,open_meteo_era5_konya_2024_2025_83aec22d823b
konya,2025-01-14,4.1,12.5,1.4,1.15,open_meteo_era5_konya_2024_2025_83aec22d823b
konya,2025-01-15,2.2,10.6,0.5,1.13,open_meteo_era5_konya_2024_2025_83aec22d823b
konya,2025-01-16,2.2,9.7,0.0,1.17,open_meteo_era5_konya_2024_2025_83aec22d823b
konya,2025-01-17,-1.6,6.8,0.0,1.12,open_meteo_era5_konya_2024_2025_83aec22d823b
konya,2025-01-18,-3.0,9.2,0.0,1.57,open_meteo_era5_konya_2024_2025_83aec22d823b
konya,2025-01-19,-2.7,11.4,0.0,1.59,open_meteo_era5_konya_2024_2025_83aec22d823b
konya,2025-01-20,-1.2,9.5,0.0,1.59,open_meteo_era5_konya_2024_2025_83aec22d823b
konya,2025-01-21,-1.9,11.8,0.3,1.47,open_meteo_era5_konya_2024_2025_83aec22d823b
konya,2025-01-22,2.8,6.0,13.6,0.42,open_meteo_era5_konya_2024_2025_83aec22d823b
konya,2025-01-23,0.0,8.6,0.6,1.04,open_meteo_era5_konya_2024_2025_83aec22d823b
konya,2025-01-24,0.2,10.2,0.0,1.3,open_meteo_era5_konya_2024_2025_83aec22d823b
konya,2025-01-25,-0.4,11.0,1.4,1.21,open_meteo_era5_konya_2024_2025_83aec22d823b
konya,2025-01-26,-0.1,10.8,0.0,1.52,open_meteo_era5_konya_2024_2025_83aec22d823b
konya,2025-01-27,-0.9,9.6,0.0,1.51,open_meteo_era5_konya_2024_2025_83aec22d823b
konya,2025-01-28,-0.6,11.8,0.0,1.72,open_meteo_era5_konya_2024_2025_83aec22d823b
konya,2025-01-29,-1.4,13.7,0.0,1.81,open_meteo_era5_konya_2024_2025_83aec22d823b
konya,2025-01-30,0.1,14.0,0.0,1.92,open_meteo_era5_konya_2024_2025_83aec22d823b
konya,2025-01-31,-0.5,12.8,0.0,2.02,open_meteo_era5_konya_2024_2025_83aec22d823b
konya,2025-02-01,-1.9,12.4,0.0,1.88,open_meteo_era5_konya_2024_2025_83aec22d823b
konya,2025-02-02,-2.5,11.9,0.0,1.78,open_meteo_era5_konya_2024_2025_83aec22d823b
konya,2025-02-03,-1.5,14.4,0.0,2.01,open_meteo_era5_konya_2024_2025_83aec22d823b
konya,2025-02-04,-0.2,9.7,5.0,1.52,open_meteo_era5_konya_2024_2025_83aec22d823b
konya,2025-02-05,-3.8,0.8,2.4,1.08,open_meteo_era5_konya_2024_2025_83aec22d823b
konya,2025-02-06,-5.0,0.5,0.0,1.51,open_meteo_era5_konya_2024_2025_83aec22d823b
konya,2025-02-07,-6.2,0.7,0.0,1.44,open_meteo_era5_konya_2024_2025_83aec22d823b
konya,2025-02-08,-2.9,1.7,0.0,0.98,open_meteo_era5_konya_2024_2025_83aec22d823b
konya,2025-02-09,-1.4,1.9,0.6,0.98,open_meteo_era5_konya_2024_2025_83aec22d823b
konya,2025-02-10,-2.5,1.6,0.7,0.99,open_meteo_era5_konya_2024_2025_83aec22d823b
konya,2025-02-11,-3.2,1.8,0.0,1.21,open_meteo_era5_konya_2024_2025_83aec22d823b
konya,2025-02-12,-4.3,2.1,0.3,1.29,open_meteo_era5_konya_2024_2025_83aec22d823b
konya,2025-02-13,-3.1,3.2,0.9,1.33,open_meteo_era5_konya_2024_2025_83aec22d823b
konya,2025-02-14,-5.5,7.8,0.0,1.89,open_meteo_era5_konya_2024_2025_83aec22d823b
konya,2025-02-15,-1.5,10.7,0.0,1.85,open_meteo_era5_konya_2024_2025_83aec22d823b
konya,2025-02-16,-1.7,12.4,0.1,2.24,open_meteo_era5_konya_2024_2025_83aec22d823b
konya,2025-02-17,-1.2,12.3,0.3,2.36,open_meteo_era5_konya_2024_2025_83aec22d823b
konya,2025-02-18,1.8,9.2,0.7,1.49,open_meteo_era5_konya_2024_2025_83aec22d823b
konya,2025-02-19,-1.4,6.0,3.2,0.93,open_meteo_era5_konya_2024_2025_83aec22d823b
konya,2025-02-20,-5.9,-0.7,0.0,1.36,open_meteo_era5_konya_2024_2025_83aec22d823b
konya,2025-02-21,-8.2,-1.7,0.0,1.51,open_meteo_era5_konya_2024_2025_83aec22d823b
konya,2025-02-22,-9.3,-3.5,0.0,1.4,open_meteo_era5_konya_2024_2025_83aec22d823b
konya,2025-02-23,-10.5,-3.3,0.0,1.39,open_meteo_era5_konya_2024_2025_83aec22d823b
konya,2025-02-24,-10.4,-1.3,0.0,1.56,open_meteo_era5_konya_2024_2025_83aec22d823b
konya,2025-02-25,-10.3,5.4,0.0,2.06,open_meteo_era5_konya_2024_2025_83aec22d823b
konya,2025-02-26,-5.3,9.3,0.0,2.04,open_meteo_era5_konya_2024_2025_83aec22d823b
konya,2025-02-27,-4.4,10.7,0.0,2.42,open_meteo_era5_konya_2024_2025_83aec22d823b
konya,2025-02-28,0.8,9.9,2.5,1.46,open_meteo_era5_konya_2024_2025_83aec22d823b
konya,2025-03-01,0.5,11.2,0.1,1.83,open_meteo_era5_konya_2024_2025_83aec22d823b
konya,2025-03-02,-0.9,14.7,0.1,2.56,open_meteo_era5_konya_2024_2025_83aec22d823b
konya,2025-03-03,2.8,6.0,11.2,0.61,open_meteo_era5_konya_2024_2025_83aec22d823b
konya,2025-03-04,1.5,7.6,0.1,1.7,open_meteo_era5_konya_2024_2025_83aec22d823b
konya,2025-03-05,-0.2,12.1,0.0,2.85,open_meteo_era5_konya_2024_2025_83aec22d823b
konya,2025-03-06,2.1,14.8,0.0,3.77,open_meteo_era5_konya_2024_2025_83aec22d823b
konya,2025-03-07,2.0,15.6,0.0,3.61,open_meteo_era5_konya_2024_2025_83aec22d823b
konya,2025-03-08,-0.2,17.0,0.0,3.26,open_meteo_era5_konya_2024_2025_83aec22d823b
konya,2025-03-09,2.5,19.6,0.0,3.69,open_meteo_era5_konya_2024_2025_83aec22d823b
konya,2025-03-10,2.6,19.7,0.0,3.53,open_meteo_era5_konya_2024_2025_83aec22d823b
konya,2025-03-11,3.2,21.3,0.0,4.06,open_meteo_era5_konya_2024_2025_83aec22d823b
konya,2025-03-12,2.8,21.8,0.0,4.06,open_meteo_era5_konya_2024_2025_83aec22d823b
konya,2025-03-13,3.4,22.4,0.0,4.42,open_meteo_era5_konya_2024_2025_83aec22d823b
konya,2025-03-14,5.8,23.4,0.0,3.88,open_meteo_era5_konya_2024_2025_83aec22d823b
konya,2025-03-15,7.7,25.7,0.0,4.24,open_meteo_era5_konya_2024_2025_83aec22d823b
konya,2025-03-16,7.4,27.8,0.0,5.19,open_meteo_era5_konya_2024_2025_83aec22d823b
konya,2025-03-17,12.1,21.6,0.0,5.06,open_meteo_era5_konya_2024_2025_83aec22d823b
konya,2025-03-18,6.4,18.2,0.0,4.27,open_meteo_era5_konya_2024_2025_83aec22d823b
konya,2025-03-19,-3.2,5.8,8.7,0.83,open_meteo_era5_konya_2024_2025_83aec22d823b
konya,2025-03-20,-5.6,1.3,0.5,1.76,open_meteo_era5_konya_2024_2025_83aec22d823b
konya,2025-03-21,-2.7,4.0,0.0,1.91,open_meteo_era5_konya_2024_2025_83aec22d823b
konya,2025-03-22,-2.8,9.5,0.0,2.74,open_meteo_era5_konya_2024_2025_83aec22d823b
konya,2025-03-23,-2.8,16.6,0.0,3.73,open_meteo_era5_konya_2024_2025_83aec22d823b
konya,2025-03-24,7.8,18.1,0.0,2.91,open_meteo_era5_konya_2024_2025_83aec22d823b
konya,2025-03-25,7.9,22.8,0.0,3.84,open_meteo_era5_konya_2024_2025_83aec22d823b
konya,2025-03-26,10.8,23.1,0.0,4.13,open_meteo_era5_konya_2024_2025_83aec22d823b
konya,2025-03-27,9.7,25.5,0.1,4.61,open_meteo_era5_konya_2024_2025_83aec22d823b
konya,2025-03-28,13.8,24.7,0.1,5.26,open_meteo_era5_konya_2024_2025_83aec22d823b
konya,2025-03-29,8.7,19.4,0.0,5.0,open_meteo_era5_konya_2024_2025_83aec22d823b
konya,2025-03-30,4.4,16.1,1.0,3.54,open_meteo_era5_konya_2024_2025_83aec22d823b
konya,2025-03-31,4.2,16.3,0.7,3.33,open_meteo_era5_konya_2024_2025_83aec22d823b
konya,2025-04-01,7.2,14.1,3.6,2.49,open_meteo_era5_konya_2024_2025_83aec22d823b
konya,2025-04-02,6.0,14.3,0.8,2.95,open_meteo_era5_konya_2024_2025_83aec22d823b
konya,2025-04-03,6.0,13.5,3.4,2.15,open_meteo_era5_konya_2024_2025_83aec22d823b
konya,2025-04-04,5.5,13.3,3.6,2.39,open_meteo_era5_konya_2024_2025_83aec22d823b
konya,2025-04-05,4.5,13.4,1.2,3.02,open_meteo_era5_konya_2024_2025_83aec22d823b
konya,2025-04-06,5.0,14.9,0.7,3.32,open_meteo_era5_konya_2024_2025_83aec22d823b
konya,2025-04-07,3.3,16.2,0.0,3.8,open_meteo_era5_konya_2024_2025_83aec22d823b
konya,2025-04-08,5.8,16.3,2.3,2.8,open_meteo_era5_konya_2024_2025_83aec22d823b
konya,2025-04-09,0.6,11.9,9.0,2.28,open_meteo_era5_konya_2024_2025_83aec22d823b
konya,2025-04-10,-0.6,7.0,0.3,2.32,open_meteo_era5_konya_2024_2025_83aec22d823b
konya,2025-04-11,-5.1,6.9,2.6,2.17,open_meteo_era5_konya_2024_2025_83aec22d823b
konya,2025-04-12,-6.2,9.1,3.6,2.72,open_meteo_era5_konya_2024_2025_83aec22d823b
konya,2025-04-13,0.9,9.7,1.5,3.07,open_meteo_era5_konya_2024_2025_83aec22d823b
konya,2025-04-14,-0.2,8.5,0.0,3.09,open_meteo_era5_konya_2024_2025_83aec22d823b
konya,2025-04-15,0.5,15.0,0.0,3.95,open_meteo_era5_konya_2024_2025_83aec22d823b
konya,2025-04-16,1.7,19.6,0.0,4.74,open_meteo_era5_konya_2024_2025_83aec22d823b
konya,2025-04-17,5.6,22.8,0.0,4.81,open_meteo_era5_konya_2024_2025_83aec22d823b
konya,2025-04-18,8.4,25.4,0.0,5.21,open_meteo_era5_konya_2024_2025_83aec22d823b
konya,2025-04-19,10.0,25.4,0.1,6.25,open_meteo_era5_konya_2024_2025_83aec22d823b
konya,2025-04-20,8.5,23.3,0.0,5.1,open_meteo_era5_konya_2024_2025_83aec22d823b
konya,2025-04-21,8.3,24.2,0.1,5.26,open_meteo_era5_konya_2024_2025_83aec22d823b
konya,2025-04-22,9.2,25.8,0.2,5.52,open_meteo_era5_konya_2024_2025_83aec22d823b
konya,2025-04-23,11.8,24.2,0.2,4.88,open_meteo_era5_konya_2024_2025_83aec22d823b
konya,2025-04-24,9.9,23.3,0.5,5.21,open_meteo_era5_konya_2024_2025_83aec22d823b
konya,2025-04-25,8.5,18.7,1.8,3.96,open_meteo_era5_konya_2024_2025_83aec22d823b
konya,2025-04-26,7.2,17.6,2.5,3.8,open_meteo_era5_konya_2024_2025_83aec22d823b
konya,2025-04-27,6.5,18.2,1.7,3.47,open_meteo_era5_konya_2024_2025_83aec22d823b
konya,2025-04-28,8.7,18.1,0.1,4.03,open_meteo_era5_konya_2024_2025_83aec22d823b
konya,2025-04-29,6.5,17.1,0.3,4.21,open_meteo_era5_konya_2024_2025_83aec22d823b
konya,2025-04-30,9.4,18.6,0.9,3.34,open_meteo_era5_konya_2024_2025_83aec22d823b
konya,2025-05-01,7.1,19.9,3.7,4.58,open_meteo_era5_konya_2024_2025_83aec22d823b
konya,2025-05-02,5.4,17.6,1.0,4.21,open_meteo_era5_konya_2024_2025_83aec22d823b
konya,2025-05-03,9.1,16.2,2.6,2.94,open_meteo_era5_konya_2024_2025_83aec22d823b
konya,2025-05-04,6.9,19.6,1.1,4.18,open_meteo_era5_konya_2024_2025_83aec22d823b
konya,2025-05-05,5.3,22.2,0.0,5.49,open_meteo_era5_konya_2024_2025_83aec22d823b
konya,2025-05-06,10.6,23.9,0.2,4.98,open_meteo_era5_konya_2024_2025_83aec22d823b
konya,2025-05-07,11.2,27.3,0.8,5.58,open_meteo_era5_konya_2024_2025_83aec22d823b
konya,2025-05-08,13.3,25.1,1.1,3.8,open_meteo_era5_konya_2024_2025_83aec22d823b
konya,2025-05-09,10.6,26.9,1.4,5.62,open_meteo_era5_konya_2024_2025_83aec22d823b
konya,2025-05-10,13.2,27.0,0.1,5.75,open_meteo_era5_konya_2024_2025_83aec22d823b
konya,2025-05-11,12.3,26.9,0.0,6.22,open_meteo_era5_konya_2024_2025_83aec22d823b
konya,2025-05-12,10.7,24.4,1.9,5.01,open_meteo_era5_konya_2024_2025_83aec22d823b
konya,2025-05-13,9.9,18.7,0.9,4.54,open_meteo_era5_konya_2024_2025_83aec22d823b
konya,2025-05-14,8.1,19.7,5.9,4.27,open_meteo_era5_konya_2024_2025_83aec22d823b
konya,2025-05-15,7.6,20.9,0.1,4.07,open_meteo_era5_konya_2024_2025_83aec22d823b
konya,2025-05-16,10.0,27.1,0.0,6.49,open_meteo_era5_konya_2024_2025_83aec22d823b
konya,2025-05-17,13.7,28.7,0.0,7.81,open_meteo_era5_konya_2024_2025_83aec22d823b
konya,2025-05-18,11.9,25.3,0.0,6.45,open_meteo_era5_konya_2024_2025_83aec22d823b
konya,2025-05-19,9.7,23.5,0.0,5.01,open_meteo_era5_konya_2024_2025_83aec22d823b
konya,2025-05-20,9.6,25.6,0.0,6.36,open_meteo_era5_konya_2024_2025_83aec22d823b
konya,2025-05-21,10.4,25.0,0.0,6.01,open_meteo_era5_konya_2024_2025_83aec22d823b
konya,2025-05-22,10.5,28.0,0.0,5.94,open_meteo_era5_konya_2024_2025_83aec22d823b
konya,2025-05-23,12.9,30.4,0.0,6.81,open_meteo_era5_konya_2024_2025_83aec22d823b
konya,2025-05-24,15.0,29.0,1.5,6.61,open_meteo_era5_konya_2024_2025_83aec22d823b
konya,2025-05-25,14.4,32.4,0.0,6.53,open_meteo_era5_konya_2024_2025_83aec22d823b
konya,2025-05-26,16.8,28.9,0.0,7.1,open_meteo_era5_konya_2024_2025_83aec22d823b
konya,2025-05-27,13.7,26.7,0.2,6.45,open_meteo_era5_konya_2024_2025_83aec22d823b
konya,2025-05-28,12.0,24.7,0.0,5.95,open_meteo_era5_konya_2024_2025_83aec22d823b
konya,2025-05-29,10.7,20.4,4.8,3.58,open_meteo_era5_konya_2024_2025_83aec22d823b
konya,2025-05-30,9.8,18.1,7.4,3.04,open_meteo_era5_konya_2024_2025_83aec22d823b
konya,2025-05-31,8.7,18.8,4.3,3.17,open_meteo_era5_konya_2024_2025_83aec22d823b
konya,2025-06-01,9.1,18.4,5.3,3.39,open_meteo_era5_konya_2024_2025_83aec22d823b
konya,2025-06-02,10.2,20.0,1.2,3.87,open_meteo_era5_konya_2024_2025_83aec22d823b
konya,2025-06-03,11.6,22.7,0.3,5.02,open_meteo_era5_konya_2024_2025_83aec22d823b
konya,2025-06-04,11.0,25.2,0.0,6.22,open_meteo_era5_konya_2024_2025_83aec22d823b
konya,2025-06-05,11.7,27.7,0.0,6.81,open_meteo_era5_konya_2024_2025_83aec22d823b
konya,2025-06-06,12.5,30.0,0.0,7.06,open_meteo_era5_konya_2024_2025_83aec22d823b
konya,2025-06-07,15.7,30.5,0.0,7.54,open_meteo_era5_konya_2024_2025_83aec22d823b
konya,2025-06-08,14.8,30.2,0.0,7.58,open_meteo_era5_konya_2024_2025_83aec22d823b
konya,2025-06-09,12.8,32.2,0.0,7.27,open_meteo_era5_konya_2024_2025_83aec22d823b
konya,2025-06-10,17.0,31.6,0.0,8.0,open_meteo_era5_konya_2024_2025_83aec22d823b
konya,2025-06-11,17.5,30.7,0.0,7.01,open_meteo_era5_konya_2024_2025_83aec22d823b
konya,2025-06-12,16.7,32.8,0.0,7.38,open_meteo_era5_konya_2024_2025_83aec22d823b
konya,2025-06-13,19.1,32.8,1.6,6.5,open_meteo_era5_konya_2024_2025_83aec22d823b
konya,2025-06-14,17.7,26.8,0.7,5.67,open_meteo_era5_konya_2024_2025_83aec22d823b
konya,2025-06-15,13.8,25.6,0.0,7.04,open_meteo_era5_konya_2024_2025_83aec22d823b
konya,2025-06-16,13.0,25.1,0.0,6.88,open_meteo_era5_konya_2024_2025_83aec22d823b
konya,2025-06-17,13.6,25.2,0.0,6.9,open_meteo_era5_konya_2024_2025_83aec22d823b
konya,2025-06-18,13.8,26.5,0.0,7.28,open_meteo_era5_konya_2024_2025_83aec22d823b
konya,2025-06-19,15.2,29.1,0.0,7.22,open_meteo_era5_konya_2024_2025_83aec22d823b
konya,2025-06-20,15.2,32.0,0.1,7.29,open_meteo_era5_konya_2024_2025_83aec22d823b
konya,2025-06-21,17.5,30.2,1.1,6.39,open_meteo_era5_konya_2024_2025_83aec22d823b
konya,2025-06-22,15.2,24.6,0.1,5.33,open_meteo_era5_konya_2024_2025_83aec22d823b
konya,2025-06-23,13.9,26.6,0.0,7.18,open_meteo_era5_konya_2024_2025_83aec22d823b
konya,2025-06-24,14.4,29.1,0.0,7.48,open_meteo_era5_konya_2024_2025_83aec22d823b
konya,2025-06-25,15.6,31.7,0.0,8.08,open_meteo_era5_konya_2024_2025_83aec22d823b
konya,2025-06-26,17.6,32.7,0.0,8.55,open_meteo_era5_konya_2024_2025_83aec22d823b
konya,2025-06-27,19.7,31.0,0.0,8.41,open_meteo_era5_konya_2024_2025_83aec22d823b
konya,2025-06-28,18.0,31.4,0.0,8.16,open_meteo_era5_konya_2024_2025_83aec22d823b
konya,2025-06-29,16.1,25.9,0.0,7.44,open_meteo_era5_konya_2024_2025_83aec22d823b
konya,2025-06-30,13.0,24.8,0.0,6.84,open_meteo_era5_konya_2024_2025_83aec22d823b
konya,2025-07-01,15.6,28.3,0.0,7.03,open_meteo_era5_konya_2024_2025_83aec22d823b
konya,2025-07-02,16.7,27.8,0.0,7.57,open_meteo_era5_konya_2024_2025_83aec22d823b
konya,2025-07-03,13.8,25.6,0.0,7.35,open_meteo_era5_konya_2024_2025_83aec22d823b
konya,2025-07-04,14.2,24.9,0.0,7.07,open_meteo_era5_konya_2024_2025_83aec22d823b
konya,2025-07-05,13.4,27.1,0.0,6.78,open_meteo_era5_konya_2024_2025_83aec22d823b
konya,2025-07-06,14.9,30.4,0.0,7.21,open_meteo_era5_konya_2024_2025_83aec22d823b
konya,2025-07-07,16.3,32.5,0.0,7.37,open_meteo_era5_konya_2024_2025_83aec22d823b
konya,2025-07-08,17.8,35.6,0.0,7.05,open_meteo_era5_konya_2024_2025_83aec22d823b
konya,2025-07-09,19.7,36.3,0.0,7.93,open_meteo_era5_konya_2024_2025_83aec22d823b
konya,2025-07-10,18.9,36.1,0.0,7.54,open_meteo_era5_konya_2024_2025_83aec22d823b
konya,2025-07-11,19.0,36.7,0.0,7.58,open_meteo_era5_konya_2024_2025_83aec22d823b
konya,2025-07-12,18.8,37.3,0.0,7.2,open_meteo_era5_konya_2024_2025_83aec22d823b
konya,2025-07-13,22.2,37.0,0.0,8.27,open_meteo_era5_konya_2024_2025_83aec22d823b
konya,2025-07-14,22.7,36.4,0.0,8.76,open_meteo_era5_konya_2024_2025_83aec22d823b
konya,2025-07-15,21.8,35.0,0.0,8.16,open_meteo_era5_konya_2024_2025_83aec22d823b
konya,2025-07-16,19.3,31.5,1.8,5.58,open_meteo_era5_konya_2024_2025_83aec22d823b
konya,2025-07-17,16.7,32.5,0.1,5.29,open_meteo_era5_konya_2024_2025_83aec22d823b
konya,2025-07-18,20.0,34.7,1.7,5.56,open_meteo_era5_konya_2024_2025_83aec22d823b
konya,2025-07-19,19.4,33.6,1.0,6.5,open_meteo_era5_konya_2024_2025_83aec22d823b
konya,2025-07-20,19.8,31.9,0.0,6.23,open_meteo_era5_konya_2024_2025_83aec22d823b
konya,2025-07-21,20.2,33.2,0.0,7.45,open_meteo_era5_konya_2024_2025_83aec22d823b
konya,2025-07-22,18.6,35.3,0.0,7.32,open_meteo_era5_konya_2024_2025_83aec22d823b
konya,2025-07-23,18.4,36.2,0.0,7.85,open_meteo_era5_konya_2024_2025_83aec22d823b
konya,2025-07-24,21.2,34.0,0.0,8.89,open_meteo_era5_konya_2024_2025_83aec22d823b
konya,2025-07-25,21.7,32.0,0.0,9.0,open_meteo_era5_konya_2024_2025_83aec22d823b
konya,2025-07-26,18.6,31.1,0.0,7.88,open_meteo_era5_konya_2024_2025_83aec22d823b
konya,2025-07-27,21.4,36.9,0.0,7.33,open_meteo_era5_konya_2024_2025_83aec22d823b
konya,2025-07-28,22.0,39.3,0.0,6.3,open_meteo_era5_konya_2024_2025_83aec22d823b
konya,2025-07-29,23.1,39.0,0.0,8.49,open_meteo_era5_konya_2024_2025_83aec22d823b
konya,2025-07-30,19.7,39.0,0.0,7.43,open_meteo_era5_konya_2024_2025_83aec22d823b
konya,2025-07-31,22.5,35.9,0.0,6.43,open_meteo_era5_konya_2024_2025_83aec22d823b
konya,2025-08-01,22.4,33.9,0.5,7.06,open_meteo_era5_konya_2024_2025_83aec22d823b
konya,2025-08-02,20.2,32.0,1.5,5.42,open_meteo_era5_konya_2024_2025_83aec22d823b
konya,2025-08-03,19.1,31.8,0.0,5.17,open_meteo_era5_konya_2024_2025_83aec22d823b
konya,2025-08-04,20.5,32.1,0.0,6.03,open_meteo_era5_konya_2024_2025_83aec22d823b
konya,2025-08-05,21.1,34.9,0.0,6.97,open_meteo_era5_konya_2024_2025_83aec22d823b
konya,2025-08-06,21.3,35.9,0.0,7.69,open_meteo_era5_konya_2024_2025_83aec22d823b
konya,2025-08-07,21.8,34.5,0.0,7.81,open_meteo_era5_konya_2024_2025_83aec22d823b
konya,2025-08-08,21.3,32.0,0.0,7.23,open_meteo_era5_konya_2024_2025_83aec22d823b
konya,2025-08-09,21.1,32.2,0.0,7.64,open_meteo_era5_konya_2024_2025_83aec22d823b
konya,2025-08-10,20.8,32.8,0.0,7.53,open_meteo_era5_konya_2024_2025_83aec22d823b
konya,2025-08-11,19.1,32.4,0.0,7.16,open_meteo_era5_konya_2024_2025_83aec22d823b
konya,2025-08-12,18.2,31.7,0.0,7.43,open_meteo_era5_konya_2024_2025_83aec22d823b
konya,2025-08-13,17.9,32.4,0.0,6.85,open_meteo_era5_konya_2024_2025_83aec22d823b
konya,2025-08-14,19.5,35.9,0.0,6.89,open_meteo_era5_konya_2024_2025_83aec22d823b
konya,2025-08-15,19.0,36.4,0.0,8.22,open_meteo_era5_konya_2024_2025_83aec22d823b
konya,2025-08-16,18.4,31.5,0.0,7.42,open_meteo_era5_konya_2024_2025_83aec22d823b
konya,2025-08-17,16.9,33.5,0.0,6.16,open_meteo_era5_konya_2024_2025_83aec22d823b
konya,2025-08-18,17.6,33.8,0.0,6.29,open_meteo_era5_konya_2024_2025_83aec22d823b
konya,2025-08-19,19.8,31.3,0.0,5.86,open_meteo_era5_konya_2024_2025_83aec22d823b
konya,2025-08-20,20.0,30.3,0.0,6.19,open_meteo_era5_konya_2024_2025_83aec22d823b
konya,2025-08-21,17.9,31.3,0.0,6.27,open_meteo_era5_konya_2024_2025_83aec22d823b
konya,2025-08-22,16.6,34.3,0.0,5.69,open_meteo_era5_konya_2024_2025_83aec22d823b
konya,2025-08-23,16.3,35.1,0.0,5.97,open_meteo_era5_konya_2024_2025_83aec22d823b
konya,2025-08-24,19.7,32.5,0.0,7.07,open_meteo_era5_konya_2024_2025_83aec22d823b
konya,2025-08-25,18.3,28.1,0.0,6.18,open_meteo_era5_konya_2024_2025_83aec22d823b
konya,2025-08-26,16.1,28.6,0.0,5.93,open_meteo_era5_konya_2024_2025_83aec22d823b
konya,2025-08-27,16.5,28.5,0.0,6.11,open_meteo_era5_konya_2024_2025_83aec22d823b
konya,2025-08-28,16.7,27.9,0.0,5.93,open_meteo_era5_konya_2024_2025_83aec22d823b
konya,2025-08-29,15.0,31.0,0.0,5.76,open_meteo_era5_konya_2024_2025_83aec22d823b
konya,2025-08-30,16.4,33.6,0.0,5.54,open_meteo_era5_konya_2024_2025_83aec22d823b
konya,2025-08-31,16.8,35.0,0.0,5.63,open_meteo_era5_konya_2024_2025_83aec22d823b
konya,2025-09-01,16.8,35.0,0.0,5.69,open_meteo_era5_konya_2024_2025_83aec22d823b
konya,2025-09-02,19.2,31.6,0.2,6.72,open_meteo_era5_konya_2024_2025_83aec22d823b
konya,2025-09-03,18.3,29.3,0.0,6.41,open_meteo_era5_konya_2024_2025_83aec22d823b
konya,2025-09-04,16.3,27.5,0.0,5.72,open_meteo_era5_konya_2024_2025_83aec22d823b
konya,2025-09-05,15.5,30.4,0.2,4.89,open_meteo_era5_konya_2024_2025_83aec22d823b
konya,2025-09-06,15.8,30.8,0.0,5.8,open_meteo_era5_konya_2024_2025_83aec22d823b
konya,2025-09-07,15.6,26.0,0.5,3.96,open_meteo_era5_konya_2024_2025_83aec22d823b
konya,2025-09-08,14.3,22.1,4.3,3.41,open_meteo_era5_konya_2024_2025_83aec22d823b
konya,2025-09-09,12.3,25.3,0.0,4.26,open_meteo_era5_konya_2024_2025_83aec22d823b
konya,2025-09-10,11.1,26.9,0.0,5.12,open_meteo_era5_konya_2024_2025_83aec22d823b
konya,2025-09-11,13.7,27.1,0.0,5.14,open_meteo_era5_konya_2024_2025_83aec22d823b
konya,2025-09-12,13.2,29.4,0.0,4.9,open_meteo_era5_konya_2024_2025_83aec22d823b
konya,2025-09-13,15.1,28.3,0.0,4.95,open_meteo_era5_konya_2024_2025_83aec22d823b
konya,2025-09-14,15.3,28.6,0.0,4.86,open_meteo_era5_konya_2024_2025_83aec22d823b
konya,2025-09-15,13.6,29.9,0.0,4.11,open_meteo_era5_konya_2024_2025_83aec22d823b
konya,2025-09-16,15.4,28.7,0.0,5.2,open_meteo_era5_konya_2024_2025_83aec22d823b
konya,2025-09-17,12.1,30.4,0.0,4.6,open_meteo_era5_konya_2024_2025_83aec22d823b
konya,2025-09-18,11.4,23.7,0.0,5.43,open_meteo_era5_konya_2024_2025_83aec22d823b
konya,2025-09-19,8.4,19.8,0.0,4.71,open_meteo_era5_konya_2024_2025_83aec22d823b
konya,2025-09-20,9.9,20.9,0.0,4.55,open_meteo_era5_konya_2024_2025_83aec22d823b
konya,2025-09-21,10.6,21.7,0.0,4.7,open_meteo_era5_konya_2024_2025_83aec22d823b
konya,2025-09-22,8.9,24.4,0.0,4.47,open_meteo_era5_konya_2024_2025_83aec22d823b
konya,2025-09-23,8.3,28.0,0.0,4.56,open_meteo_era5_konya_2024_2025_83aec22d823b
konya,2025-09-24,12.5,28.5,0.0,4.76,open_meteo_era5_konya_2024_2025_83aec22d823b
konya,2025-09-25,10.2,27.8,0.0,5.09,open_meteo_era5_konya_2024_2025_83aec22d823b
konya,2025-09-26,12.5,24.1,0.0,4.77,open_meteo_era5_konya_2024_2025_83aec22d823b
konya,2025-09-27,9.9,23.9,0.0,3.87,open_meteo_era5_konya_2024_2025_83aec22d823b
konya,2025-09-28,10.0,28.4,0.0,5.03,open_meteo_era5_konya_2024_2025_83aec22d823b
konya,2025-09-29,13.8,24.6,0.0,4.07,open_meteo_era5_konya_2024_2025_83aec22d823b
konya,2025-09-30,10.9,18.4,1.8,1.57,open_meteo_era5_konya_2024_2025_83aec22d823b
konya,2025-10-01,8.9,20.8,0.0,3.48,open_meteo_era5_konya_2024_2025_83aec22d823b
konya,2025-10-02,7.3,22.2,0.0,3.59,open_meteo_era5_konya_2024_2025_83aec22d823b
konya,2025-10-03,9.4,24.4,0.1,4.46,open_meteo_era5_konya_2024_2025_83aec22d823b
konya,2025-10-04,11.9,26.3,0.0,4.59,open_meteo_era5_konya_2024_2025_83aec22d823b
konya,2025-10-05,9.5,22.9,0.0,3.44,open_meteo_era5_konya_2024_2025_83aec22d823b
konya,2025-10-06,8.6,24.5,0.0,3.84,open_meteo_era5_konya_2024_2025_83aec22d823b
konya,2025-10-07,10.1,22.5,0.8,3.7,open_meteo_era5_konya_2024_2025_83aec22d823b
konya,2025-10-08,9.9,16.5,1.4,2.83,open_meteo_era5_konya_2024_2025_83aec22d823b
konya,2025-10-09,7.3,18.0,0.1,3.19,open_meteo_era5_konya_2024_2025_83aec22d823b
konya,2025-10-10,6.6,18.3,0.0,2.89,open_meteo_era5_konya_2024_2025_83aec22d823b
konya,2025-10-11,4.0,21.5,0.0,3.45,open_meteo_era5_konya_2024_2025_83aec22d823b
konya,2025-10-12,5.9,13.1,3.2,2.4,open_meteo_era5_konya_2024_2025_83aec22d823b
konya,2025-10-13,3.9,15.7,0.0,2.78,open_meteo_era5_konya_2024_2025_83aec22d823b
konya,2025-10-14,2.5,19.4,0.0,2.93,open_meteo_era5_konya_2024_2025_83aec22d823b
konya,2025-10-15,5.1,19.8,0.0,3.04,open_meteo_era5_konya_2024_2025_83aec22d823b
konya,2025-10-16,5.3,20.7,0.0,3.16,open_meteo_era5_konya_2024_2025_83aec22d823b
konya,2025-10-17,5.9,22.4,0.0,3.21,open_meteo_era5_konya_2024_2025_83aec22d823b
konya,2025-10-18,6.1,24.3,0.0,3.52,open_meteo_era5_konya_2024_2025_83aec22d823b
konya,2025-10-19,8.1,23.2,0.0,3.7,open_meteo_era5_konya_2024_2025_83aec22d823b
konya,2025-10-20,12.0,18.8,0.2,1.81,open_meteo_era5_konya_2024_2025_83aec22d823b
konya,2025-10-21,9.8,18.8,5.0,1.69,open_meteo_era5_konya_2024_2025_83aec22d823b
konya,2025-10-22,8.6,20.4,0.3,2.92,open_meteo_era5_konya_2024_2025_83aec22d823b
konya,2025-10-23,9.2,20.3,0.2,2.8,open_meteo_era5_konya_2024_2025_83aec22d823b
konya,2025-10-24,8.8,22.0,0.0,3.18,open_meteo_era5_konya_2024_2025_83aec22d823b
konya,2025-10-25,9.4,22.9,0.0,3.06,open_meteo_era5_konya_2024_2025_83aec22d823b
konya,2025-10-26,10.3,23.0,0.0,2.78,open_meteo_era5_konya_2024_2025_83aec22d823b
konya,2025-10-27,9.5,25.6,0.0,3.32,open_meteo_era5_konya_2024_2025_83aec22d823b
konya,2025-10-28,11.2,22.1,0.2,2.88,open_meteo_era5_konya_2024_2025_83aec22d823b
konya,2025-10-29,4.0,16.7,1.0,2.33,open_meteo_era5_konya_2024_2025_83aec22d823b
konya,2025-10-30,2.5,17.8,0.0,2.45,open_meteo_era5_konya_2024_2025_83aec22d823b
konya,2025-10-31,3.5,21.4,0.0,2.6,open_meteo_era5_konya_2024_2025_83aec22d823b
konya,2025-11-01,5.1,19.9,0.1,2.51,open_meteo_era5_konya_2024_2025_83aec22d823b
konya,2025-11-02,4.4,18.9,0.0,2.28,open_meteo_era5_konya_2024_2025_83aec22d823b
konya,2025-11-03,5.3,21.2,0.0,2.66,open_meteo_era5_konya_2024_2025_83aec22d823b
konya,2025-11-04,6.7,22.3,0.0,2.63,open_meteo_era5_konya_2024_2025_83aec22d823b
konya,2025-11-05,6.6,21.4,0.0,2.7,open_meteo_era5_konya_2024_2025_83aec22d823b
konya,2025-11-06,10.2,19.6,0.7,2.38,open_meteo_era5_konya_2024_2025_83aec22d823b
konya,2025-11-07,8.1,20.0,0.2,2.57,open_meteo_era5_konya_2024_2025_83aec22d823b
konya,2025-11-08,6.2,20.1,0.0,2.2,open_meteo_era5_konya_2024_2025_83aec22d823b
konya,2025-11-09,7.0,20.5,0.0,2.22,open_meteo_era5_konya_2024_2025_83aec22d823b
konya,2025-11-10,5.7,19.4,0.0,2.02,open_meteo_era5_konya_2024_2025_83aec22d823b
konya,2025-11-11,8.8,21.2,0.0,2.63,open_meteo_era5_konya_2024_2025_83aec22d823b
konya,2025-11-12,6.1,18.5,0.0,2.03,open_meteo_era5_konya_2024_2025_83aec22d823b
konya,2025-11-13,6.7,14.4,1.0,1.68,open_meteo_era5_konya_2024_2025_83aec22d823b
konya,2025-11-14,5.4,12.4,0.0,2.19,open_meteo_era5_konya_2024_2025_83aec22d823b
konya,2025-11-15,1.4,10.2,0.0,1.51,open_meteo_era5_konya_2024_2025_83aec22d823b
konya,2025-11-16,-0.6,14.7,0.0,1.9,open_meteo_era5_konya_2024_2025_83aec22d823b
konya,2025-11-17,1.1,17.3,0.0,2.05,open_meteo_era5_konya_2024_2025_83aec22d823b
konya,2025-11-18,2.2,18.2,0.0,1.94,open_meteo_era5_konya_2024_2025_83aec22d823b
konya,2025-11-19,3.0,18.3,0.0,2.03,open_meteo_era5_konya_2024_2025_83aec22d823b
konya,2025-11-20,3.1,19.5,0.0,2.06,open_meteo_era5_konya_2024_2025_83aec22d823b
konya,2025-11-21,2.9,20.7,0.0,2.35,open_meteo_era5_konya_2024_2025_83aec22d823b
konya,2025-11-22,8.9,23.1,0.0,2.93,open_meteo_era5_konya_2024_2025_83aec22d823b
konya,2025-11-23,10.8,22.7,0.0,2.98,open_meteo_era5_konya_2024_2025_83aec22d823b
konya,2025-11-24,8.2,16.9,3.3,1.55,open_meteo_era5_konya_2024_2025_83aec22d823b
konya,2025-11-25,4.4,13.7,1.8,1.23,open_meteo_era5_konya_2024_2025_83aec22d823b
konya,2025-11-26,2.1,15.5,0.0,1.34,open_meteo_era5_konya_2024_2025_83aec22d823b
konya,2025-11-27,4.4,16.4,0.0,1.52,open_meteo_era5_konya_2024_2025_83aec22d823b
konya,2025-11-28,2.8,14.4,0.0,1.39,open_meteo_era5_konya_2024_2025_83aec22d823b
konya,2025-11-29,2.0,16.5,4.3,2.23,open_meteo_era5_konya_2024_2025_83aec22d823b
konya,2025-11-30,3.7,12.1,7.1,1.24,open_meteo_era5_konya_2024_2025_83aec22d823b
konya,2025-12-01,1.2,12.6,0.0,1.59,open_meteo_era5_konya_2024_2025_83aec22d823b
konya,2025-12-02,1.4,10.9,0.0,1.31,open_meteo_era5_konya_2024_2025_83aec22d823b
konya,2025-12-03,0.6,10.8,0.0,1.34,open_meteo_era5_konya_2024_2025_83aec22d823b
konya,2025-12-04,2.9,10.2,0.0,1.15,open_meteo_era5_konya_2024_2025_83aec22d823b
konya,2025-12-05,3.4,11.1,0.9,1.16,open_meteo_era5_konya_2024_2025_83aec22d823b
konya,2025-12-06,3.5,10.2,4.7,0.86,open_meteo_era5_konya_2024_2025_83aec22d823b
konya,2025-12-07,3.0,8.6,0.8,0.74,open_meteo_era5_konya_2024_2025_83aec22d823b
konya,2025-12-08,3.2,8.7,0.0,0.75,open_meteo_era5_konya_2024_2025_83aec22d823b
konya,2025-12-09,5.3,8.3,0.3,0.73,open_meteo_era5_konya_2024_2025_83aec22d823b
konya,2025-12-10,6.2,9.7,0.2,0.83,open_meteo_era5_konya_2024_2025_83aec22d823b
konya,2025-12-11,3.7,7.7,1.1,0.88,open_meteo_era5_konya_2024_2025_83aec22d823b
konya,2025-12-12,-0.2,7.9,0.0,0.97,open_meteo_era5_konya_2024_2025_83aec22d823b
konya,2025-12-13,-0.9,8.8,0.0,0.92,open_meteo_era5_konya_2024_2025_83aec22d823b
konya,2025-12-14,1.0,8.9,0.0,1.01,open_meteo_era5_konya_2024_2025_83aec22d823b
konya,2025-12-15,1.2,7.0,0.0,1.15,open_meteo_era5_konya_2024_2025_83aec22d823b
konya,2025-12-16,-0.8,5.7,0.0,1.22,open_meteo_era5_konya_2024_2025_83aec22d823b
konya,2025-12-17,-2.7,6.5,0.0,1.26,open_meteo_era5_konya_2024_2025_83aec22d823b
konya,2025-12-18,-4.0,8.4,0.0,1.19,open_meteo_era5_konya_2024_2025_83aec22d823b
konya,2025-12-19,-2.0,10.0,0.0,1.34,open_meteo_era5_konya_2024_2025_83aec22d823b
konya,2025-12-20,-2.8,7.6,0.0,1.19,open_meteo_era5_konya_2024_2025_83aec22d823b
konya,2025-12-21,2.7,8.8,0.0,0.84,open_meteo_era5_konya_2024_2025_83aec22d823b
konya,2025-12-22,0.5,8.5,0.6,1.11,open_meteo_era5_konya_2024_2025_83aec22d823b
konya,2025-12-23,3.7,9.7,1.2,0.8,open_meteo_era5_konya_2024_2025_83aec22d823b
konya,2025-12-24,3.3,8.6,0.5,0.64,open_meteo_era5_konya_2024_2025_83aec22d823b
konya,2025-12-25,2.4,8.7,3.3,0.89,open_meteo_era5_konya_2024_2025_83aec22d823b
konya,2025-12-26,3.4,8.0,2.0,0.79,open_meteo_era5_konya_2024_2025_83aec22d823b
konya,2025-12-27,-3.6,3.9,0.6,1.06,open_meteo_era5_konya_2024_2025_83aec22d823b
konya,2025-12-28,-4.8,5.3,0.8,1.14,open_meteo_era5_konya_2024_2025_83aec22d823b
konya,2025-12-29,-5.6,1.2,0.0,1.04,open_meteo_era5_konya_2024_2025_83aec22d823b
konya,2025-12-30,-7.1,7.9,0.5,1.48,open_meteo_era5_konya_2024_2025_83aec22d823b
konya,2025-12-31,-0.2,6.9,6.8,0.76,open_meteo_era5_konya_2024_2025_83aec22d823b
seyhan_adana,2024-01-01,6.5,17.2,0.0,1.38,open_meteo_era5_seyhan_adana_2024_2025_290c2d915da5
seyhan_adana,2024-01-02,12.4,18.4,1.5,1.56,open_meteo_era5_seyhan_adana_2024_2025_290c2d915da5
seyhan_adana,2024-01-03,11.5,18.1,0.0,1.36,open_meteo_era5_seyhan_adana_2024_2025_290c2d915da5
seyhan_adana,2024-01-04,12.7,17.9,6.1,1.05,open_meteo_era5_seyhan_adana_2024_2025_290c2d915da5
seyhan_adana,2024-01-05,10.4,21.3,0.9,1.84,open_meteo_era5_seyhan_adana_2024_2025_290c2d915da5
seyhan_adana,2024-01-06,7.3,19.2,0.0,2.11,open_meteo_era5_seyhan_adana_2024_2025_290c2d915da5
seyhan_adana,2024-01-07,11.0,16.7,0.0,2.18,open_meteo_era5_seyhan_adana_2024_2025_290c2d915da5
seyhan_adana,2024-01-08,12.7,15.0,3.6,1.76,open_meteo_era5_seyhan_adana_2024_2025_290c2d915da5
seyhan_adana,2024-01-09,11.3,16.6,19.3,1.21,open_meteo_era5_seyhan_adana_2024_2025_290c2d915da5
seyhan_adana,2024-01-10,10.2,15.3,12.9,1.29,open_meteo_era5_seyhan_adana_2024_2025_290c2d915da5
seyhan_adana,2024-01-11,9.2,16.4,0.8,1.59,open_meteo_era5_seyhan_adana_2024_2025_290c2d915da5
seyhan_adana,2024-01-12,9.0,15.0,0.0,1.5,open_meteo_era5_seyhan_adana_2024_2025_290c2d915da5
seyhan_adana,2024-01-13,6.5,14.6,0.0,2.21,open_meteo_era5_seyhan_adana_2024_2025_290c2d915da5
seyhan_adana,2024-01-14,3.3,13.6,0.0,1.69,open_meteo_era5_seyhan_adana_2024_2025_290c2d915da5
seyhan_adana,2024-01-15,4.9,13.0,0.7,1.37,open_meteo_era5_seyhan_adana_2024_2025_290c2d915da5
seyhan_adana,2024-01-16,10.1,13.9,9.3,1.0,open_meteo_era5_seyhan_adana_2024_2025_290c2d915da5
seyhan_adana,2024-01-17,10.9,14.8,4.8,0.87,open_meteo_era5_seyhan_adana_2024_2025_290c2d915da5
seyhan_adana,2024-01-18,9.6,16.8,0.3,1.32,open_meteo_era5_seyhan_adana_2024_2025_290c2d915da5
seyhan_adana,2024-01-19,11.7,16.5,1.9,1.01,open_meteo_era5_seyhan_adana_2024_2025_290c2d915da5
seyhan_adana,2024-01-20,11.8,18.5,1.3,1.37,open_meteo_era5_seyhan_adana_2024_2025_290c2d915da5
seyhan_adana,2024-01-21,12.2,14.5,10.8,0.65,open_meteo_era5_seyhan_adana_2024_2025_290c2d915da5
seyhan_adana,2024-01-22,10.7,19.6,0.8,2.52,open_meteo_era5_seyhan_adana_2024_2025_290c2d915da5
seyhan_adana,2024-01-23,10.0,14.1,4.3,1.34,open_meteo_era5_seyhan_adana_2024_2025_290c2d915da5
seyhan_adana,2024-01-24,6.2,15.6,0.0,2.6,open_meteo_era5_seyhan_adana_2024_2025_290c2d915da5
seyhan_adana,2024-01-25,4.6,13.2,0.0,1.92,open_meteo_era5_seyhan_adana_2024_2025_290c2d915da5
seyhan_adana,2024-01-26,5.3,9.6,2.1,0.9,open_meteo_era5_seyhan_adana_2024_2025_290c2d915da5
seyhan_adana,2024-01-27,4.7,14.7,0.0,2.12,open_meteo_era5_seyhan_adana_2024_2025_290c2d915da5
seyhan_adana,2024-01-28,5.6,13.4,0.0,2.17,open_meteo_era5_seyhan_adana_2024_2025_290c2d915da5
seyhan_adana,2024-01-29,5.4,13.4,0.5,2.83,open_meteo_era5_seyhan_adana_2024_2025_290c2d915da5
seyhan_adana,2024-01-30,8.3,9.5,13.6,1.57,open_meteo_era5_seyhan_adana_2024_2025_290c2d915da5
seyhan_adana,2024-01-31,5.3,11.6,5.0,1.29,open_meteo_era5_seyhan_adana_2024_2025_290c2d915da5
seyhan_adana,2024-02-01,3.7,15.0,0.0,1.88,open_meteo_era5_seyhan_adana_2024_2025_290c2d915da5
seyhan_adana,2024-02-02,1.9,15.0,0.0,1.96,open_meteo_era5_seyhan_adana_2024_2025_290c2d915da5
seyhan_adana,2024-02-03,2.9,14.6,0.8,1.76,open_meteo_era5_seyhan_adana_2024_2025_290c2d915da5
seyhan_adana,2024-02-04,6.2,14.9,0.9,1.56,open_meteo_era5_seyhan_adana_2024_2025_290c2d915da5
seyhan_adana,2024-02-05,8.2,16.8,0.0,1.79,open_meteo_era5_seyhan_adana_2024_2025_290c2d915da5
seyhan_adana,2024-02-06,9.0,19.0,0.0,2.01,open_meteo_era5_seyhan_adana_2024_2025_290c2d915da5
seyhan_adana,2024-02-07,9.3,18.6,0.7,1.65,open_meteo_era5_seyhan_adana_2024_2025_290c2d915da5
seyhan_adana,2024-02-08,11.0,17.6,0.1,1.72,open_meteo_era5_seyhan_adana_2024_2025_290c2d915da5
seyhan_adana,2024-02-09,11.4,18.1,1.5,1.88,open_meteo_era5_seyhan_adana_2024_2025_290c2d915da5
seyhan_adana,2024-02-10,9.2,19.5,0.0,2.31,open_meteo_era5_seyhan_adana_2024_2025_290c2d915da5
seyhan_adana,2024-02-11,8.1,20.2,0.0,2.34,open_meteo_era5_seyhan_adana_2024_2025_290c2d915da5
seyhan_adana,2024-02-12,10.7,20.1,0.0,2.65,open_meteo_era5_seyhan_adana_2024_2025_290c2d915da5
seyhan_adana,2024-02-13,14.7,19.7,5.0,2.71,open_meteo_era5_seyhan_adana_2024_2025_290c2d915da5
seyhan_adana,2024-02-14,10.5,14.8,26.4,0.93,open_meteo_era5_seyhan_adana_2024_2025_290c2d915da5
seyhan_adana,2024-02-15,9.1,17.1,4.0,1.67,open_meteo_era5_seyhan_adana_2024_2025_290c2d915da5
seyhan_adana,2024-02-16,9.8,15.3,5.8,1.25,open_meteo_era5_seyhan_adana_2024_2025_290c2d915da5
seyhan_adana,2024-02-17,8.9,17.9,0.0,2.2,open_meteo_era5_seyhan_adana_2024_2025_290c2d915da5
seyhan_adana,2024-02-18,8.1,18.0,2.0,2.19,open_meteo_era5_seyhan_adana_2024_2025_290c2d915da5
seyhan_adana,2024-02-19,9.6,18.7,1.4,2.53,open_meteo_era5_seyhan_adana_2024_2025_290c2d915da5
seyhan_adana,2024-02-20,8.7,17.4,0.2,2.27,open_meteo_era5_seyhan_adana_2024_2025_290c2d915da5
seyhan_adana,2024-02-21,8.9,17.5,0.1,2.32,open_meteo_era5_seyhan_adana_2024_2025_290c2d915da5
seyhan_adana,2024-02-22,9.9,18.7,0.0,2.56,open_meteo_era5_seyhan_adana_2024_2025_290c2d915da5
seyhan_adana,2024-02-23,8.6,19.1,0.0,2.36,open_meteo_era5_seyhan_adana_2024_2025_290c2d915da5
seyhan_adana,2024-02-24,7.8,21.3,0.0,3.07,open_meteo_era5_seyhan_adana_2024_2025_290c2d915da5
seyhan_adana,2024-02-25,6.5,21.5,0.0,2.95,open_meteo_era5_seyhan_adana_2024_2025_290c2d915da5
seyhan_adana,2024-02-26,11.0,18.6,0.2,2.84,open_meteo_era5_seyhan_adana_2024_2025_290c2d915da5
seyhan_adana,2024-02-27,6.7,19.3,0.0,3.37,open_meteo_era5_seyhan_adana_2024_2025_290c2d915da5
seyhan_adana,2024-02-28,5.7,19.9,0.0,3.19,open_meteo_era5_seyhan_adana_2024_2025_290c2d915da5
seyhan_adana,2024-02-29,5.8,22.2,0.0,3.31,open_meteo_era5_seyhan_adana_2024_2025_290c2d915da5
seyhan_adana,2024-03-01,7.6,21.9,0.0,3.38,open_meteo_era5_seyhan_adana_2024_2025_290c2d915da5
seyhan_adana,2024-03-02,10.2,21.5,1.0,4.11,open_meteo_era5_seyhan_adana_2024_2025_290c2d915da5
seyhan_adana,2024-03-03,9.6,18.8,0.0,3.36,open_meteo_era5_seyhan_adana_2024_2025_290c2d915da5
seyhan_adana,2024-03-04,8.0,19.1,0.9,2.78,open_meteo_era5_seyhan_adana_2024_2025_290c2d915da5
seyhan_adana,2024-03-05,8.9,19.6,2.6,2.63,open_meteo_era5_seyhan_adana_2024_2025_290c2d915da5
seyhan_adana,2024-03-06,9.7,16.4,21.7,2.0,open_meteo_era5_seyhan_adana_2024_2025_290c2d915da5
seyhan_adana,2024-03-07,7.6,18.6,0.0,3.03,open_meteo_era5_seyhan_adana_2024_2025_290c2d915da5
seyhan_adana,2024-03-08,8.4,19.1,4.3,2.97,open_meteo_era5_seyhan_adana_2024_2025_290c2d915da5
seyhan_adana,2024-03-09,9.6,17.1,2.1,2.66,open_meteo_era5_seyhan_adana_2024_2025_290c2d915da5
seyhan_adana,2024-03-10,7.9,19.2,0.0,3.43,open_meteo_era5_seyhan_adana_2024_2025_290c2d915da5
seyhan_adana,2024-03-11,6.3,19.5,0.0,3.56,open_meteo_era5_seyhan_adana_2024_2025_290c2d915da5
seyhan_adana,2024-03-12,7.0,21.6,0.0,3.72,open_meteo_era5_seyhan_adana_2024_2025_290c2d915da5
seyhan_adana,2024-03-13,11.4,22.5,0.0,4.09,open_meteo_era5_seyhan_adana_2024_2025_290c2d915da5
seyhan_adana,2024-03-14,11.3,19.9,7.1,2.85,open_meteo_era5_seyhan_adana_2024_2025_290c2d915da5
seyhan_adana,2024-03-15,10.5,17.6,6.5,2.15,open_meteo_era5_seyhan_adana_2024_2025_290c2d915da5
seyhan_adana,2024-03-16,9.0,19.7,0.6,3.31,open_meteo_era5_seyhan_adana_2024_2025_290c2d915da5
seyhan_adana,2024-03-17,11.4,20.3,0.3,3.3,open_meteo_era5_seyhan_adana_2024_2025_290c2d915da5
seyhan_adana,2024-03-18,11.2,19.4,0.7,2.97,open_meteo_era5_seyhan_adana_2024_2025_290c2d915da5
seyhan_adana,2024-03-19,9.5,20.9,0.4,3.33,open_meteo_era5_seyhan_adana_2024_2025_290c2d915da5
seyhan_adana,2024-03-20,10.3,20.2,10.3,3.01,open_meteo_era5_seyhan_adana_2024_2025_290c2d915da5
seyhan_adana,2024-03-21,10.7,16.5,8.5,2.24,open_meteo_era5_seyhan_adana_2024_2025_290c2d915da5
seyhan_adana,2024-03-22,8.6,17.6,0.5,3.35,open_meteo_era5_seyhan_adana_2024_2025_290c2d915da5
seyhan_adana,2024-03-23,6.7,17.1,0.0,3.63,open_meteo_era5_seyhan_adana_2024_2025_290c2d915da5
seyhan_adana,2024-03-24,6.7,19.2,0.0,4.01,open_meteo_era5_seyhan_adana_2024_2025_290c2d915da5
seyhan_adana,2024-03-25,7.4,19.7,1.9,3.5,open_meteo_era5_seyhan_adana_2024_2025_290c2d915da5
seyhan_adana,2024-03-26,13.6,22.1,1.6,3.54,open_meteo_era5_seyhan_adana_2024_2025_290c2d915da5
seyhan_adana,2024-03-27,13.6,19.4,0.1,2.26,open_meteo_era5_seyhan_adana_2024_2025_290c2d915da5
seyhan_adana,2024-03-28,12.5,25.4,0.0,4.53,open_meteo_era5_seyhan_adana_2024_2025_290c2d915da5
seyhan_adana,2024-03-29,15.4,26.9,0.0,4.58,open_meteo_era5_seyhan_adana_2024_2025_290c2d915da5
seyhan_adana,2024-03-30,14.5,30.4,0.0,5.24,open_meteo_era5_seyhan_adana_2024_2025_290c2d915da5
seyhan_adana,2024-03-31,13.6,31.0,0.0,5.18,open_meteo_era5_seyhan_adana_2024_2025_290c2d915da5
seyhan_adana,2024-04-01,12.7,30.7,0.0,5.03,open_meteo_era5_seyhan_adana_2024_2025_290c2d915da5
seyhan_adana,2024-04-02,13.1,30.4,0.0,4.91,open_meteo_era5_seyhan_adana_2024_2025_290c2d915da5
seyhan_adana,2024-04-03,13.1,28.5,0.0,4.71,open_meteo_era5_seyhan_adana_2024_2025_290c2d915da5
seyhan_adana,2024-04-04,14.9,26.2,0.0,4.33,open_meteo_era5_seyhan_adana_2024_2025_290c2d915da5
seyhan_adana,2024-04-05,15.4,24.2,0.0,3.52,open_meteo_era5_seyhan_adana_2024_2025_290c2d915da5
seyhan_adana,2024-04-06,13.4,25.3,0.0,4.28,open_meteo_era5_seyhan_adana_2024_2025_290c2d915da5
seyhan_adana,2024-04-07,13.9,22.9,5.2,3.58,open_meteo_era5_seyhan_adana_2024_2025_290c2d915da5
seyhan_adana,2024-04-08,13.7,22.2,5.4,3.78,open_meteo_era5_seyhan_adana_2024_2025_290c2d915da5
seyhan_adana,2024-04-09,14.3,20.8,7.1,2.75,open_meteo_era5_seyhan_adana_2024_2025_290c2d915da5
seyhan_adana,2024-04-10,13.9,20.2,4.1,2.43,open_meteo_era5_seyhan_adana_2024_2025_290c2d915da5
seyhan_adana,2024-04-11,12.7,23.4,0.0,3.9,open_meteo_era5_seyhan_adana_2024_2025_290c2d915da5
seyhan_adana,2024-04-12,14.1,24.9,0.1,3.85,open_meteo_era5_seyhan_adana_2024_2025_290c2d915da5
seyhan_adana,2024-04-13,17.3,24.5,0.1,3.19,open_meteo_era5_seyhan_adana_2024_2025_290c2d915da5
seyhan_adana,2024-04-14,16.0,26.6,0.4,4.34,open_meteo_era5_seyhan_adana_2024_2025_290c2d915da5
seyhan_adana,2024-04-15,14.2,29.2,0.0,5.36,open_meteo_era5_seyhan_adana_2024_2025_290c2d915da5
seyhan_adana,2024-04-16,13.5,29.3,0.0,5.4,open_meteo_era5_seyhan_adana_2024_2025_290c2d915da5
seyhan_adana,2024-04-17,15.1,30.9,0.0,5.67,open_meteo_era5_seyhan_adana_2024_2025_290c2d915da5
seyhan_adana,2024-04-18,18.8,30.8,0.1,5.67,open_meteo_era5_seyhan_adana_2024_2025_290c2d915da5
seyhan_adana,2024-04-19,16.4,25.3,1.0,4.3,open_meteo_era5_seyhan_adana_2024_2025_290c2d915da5
seyhan_adana,2024-04-20,15.2,24.7,0.0,3.87,open_meteo_era5_seyhan_adana_2024_2025_290c2d915da5
seyhan_adana,2024-04-21,15.1,25.1,0.2,4.52,open_meteo_era5_seyhan_adana_2024_2025_290c2d915da5
seyhan_adana,2024-04-22,15.0,25.2,0.0,4.53,open_meteo_era5_seyhan_adana_2024_2025_290c2d915da5
seyhan_adana,2024-04-23,14.1,30.3,0.0,5.1,open_meteo_era5_seyhan_adana_2024_2025_290c2d915da5
seyhan_adana,2024-04-24,17.1,35.6,0.0,6.31,open_meteo_era5_seyhan_adana_2024_2025_290c2d915da5
seyhan_adana,2024-04-25,20.2,35.4,0.0,6.15,open_meteo_era5_seyhan_adana_2024_2025_290c2d915da5
seyhan_adana,2024-04-26,21.8,34.4,1.5,6.21,open_meteo_era5_seyhan_adana_2024_2025_290c2d915da5
seyhan_adana,2024-04-27,20.1,32.0,0.0,4.86,open_meteo_era5_seyhan_adana_2024_2025_290c2d915da5
seyhan_adana,2024-04-28,19.5,28.5,0.0,3.03,open_meteo_era5_seyhan_adana_2024_2025_290c2d915da5
seyhan_adana,2024-04-29,20.1,32.8,1.9,4.97,open_meteo_era5_seyhan_adana_2024_2025_290c2d915da5
seyhan_adana,2024-04-30,20.1,31.0,3.0,4.47,open_meteo_era5_seyhan_adana_2024_2025_290c2d915da5
seyhan_adana,2024-05-01,20.7,29.0,2.8,4.7,open_meteo_era5_seyhan_adana_2024_2025_290c2d915da5
seyhan_adana,2024-05-02,18.4,26.5,7.2,3.75,open_meteo_era5_seyhan_adana_2024_2025_290c2d915da5
seyhan_adana,2024-05-03,17.4,25.8,1.6,4.25,open_meteo_era5_seyhan_adana_2024_2025_290c2d915da5
seyhan_adana,2024-05-04,17.2,22.8,8.6,3.33,open_meteo_era5_seyhan_adana_2024_2025_290c2d915da5
seyhan_adana,2024-05-05,13.1,19.7,13.1,2.68,open_meteo_era5_seyhan_adana_2024_2025_290c2d915da5
seyhan_adana,2024-05-06,12.0,21.9,0.7,4.24,open_meteo_era5_seyhan_adana_2024_2025_290c2d915da5
seyhan_adana,2024-05-07,12.5,24.3,0.0,5.23,open_meteo_era5_seyhan_adana_2024_2025_290c2d915da5
seyhan_adana,2024-05-08,14.5,26.2,0.0,4.95,open_meteo_era5_seyhan_adana_2024_2025_290c2d915da5
seyhan_adana,2024-05-09,14.9,29.6,0.0,4.94,open_meteo_era5_seyhan_adana_2024_2025_290c2d915da5
seyhan_adana,2024-05-10,18.0,32.3,0.4,6.56,open_meteo_era5_seyhan_adana_2024_2025_290c2d915da5
seyhan_adana,2024-05-11,17.7,26.8,2.4,4.71,open_meteo_era5_seyhan_adana_2024_2025_290c2d915da5
seyhan_adana,2024-05-12,16.3,23.0,12.2,3.6,open_meteo_era5_seyhan_adana_2024_2025_290c2d915da5
seyhan_adana,2024-05-13,15.6,23.4,5.8,4.0,open_meteo_era5_seyhan_adana_2024_2025_290c2d915da5
seyhan_adana,2024-05-14,14.6,24.6,0.7,4.64,open_meteo_era5_seyhan_adana_2024_2025_290c2d915da5
seyhan_adana,2024-05-15,15.6,25.5,0.3,3.98,open_meteo_era5_seyhan_adana_2024_2025_290c2d915da5
seyhan_adana,2024-05-16,16.0,26.1,0.5,4.75,open_meteo_era5_seyhan_adana_2024_2025_290c2d915da5
seyhan_adana,2024-05-17,16.7,26.8,0.0,4.25,open_meteo_era5_seyhan_adana_2024_2025_290c2d915da5
seyhan_adana,2024-05-18,19.1,28.1,0.1,4.5,open_meteo_era5_seyhan_adana_2024_2025_290c2d915da5
seyhan_adana,2024-05-19,19.0,29.0,0.0,4.95,open_meteo_era5_seyhan_adana_2024_2025_290c2d915da5
seyhan_adana,2024-05-20,19.7,30.5,0.0,5.05,open_meteo_era5_seyhan_adana_2024_2025_290c2d915da5
seyhan_adana,2024-05-21,20.5,31.0,0.0,5.28,open_meteo_era5_seyhan_adana_2024_2025_290c2d915da5
seyhan_adana,2024-05-22,19.9,30.0,0.0,5.41,open_meteo_era5_seyhan_adana_2024_2025_290c2d915da5
seyhan_adana,2024-05-23,21.2,29.3,2.5,4.29,open_meteo_era5_seyhan_adana_2024_2025_290c2d915da5
seyhan_adana,2024-05-24,17.7,23.7,7.7,3.43,open_meteo_era5_seyhan_adana_2024_2025_290c2d915da5
seyhan_adana,2024-05-25,17.0,26.6,5.7,4.54,open_meteo_era5_seyhan_adana_2024_2025_290c2d915da5
seyhan_adana,2024-05-26,17.1,26.6,3.4,4.63,open_meteo_era5_seyhan_adana_2024_2025_290c2d915da5
seyhan_adana,2024-05-27,19.0,28.3,1.4,5.09,open_meteo_era5_seyhan_adana_2024_2025_290c2d915da5
seyhan_adana,2024-05-28,19.3,27.2,8.7,4.34,open_meteo_era5_seyhan_adana_2024_2025_290c2d915da5
seyhan_adana,2024-05-29,17.8,27.9,0.8,5.06,open_meteo_era5_seyhan_adana_2024_2025_290c2d915da5
seyhan_adana,2024-05-30,19.2,28.2,2.0,5.09,open_meteo_era5_seyhan_adana_2024_2025_290c2d915da5
seyhan_adana,2024-05-31,19.2,27.6,0.3,5.02,open_meteo_era5_seyhan_adana_2024_2025_290c2d915da5
seyhan_adana,2024-06-01,19.5,30.0,0.0,5.5,open_meteo_era5_seyhan_adana_2024_2025_290c2d915da5
seyhan_adana,2024-06-02,18.4,36.0,0.0,6.66,open_meteo_era5_seyhan_adana_2024_2025_290c2d915da5
seyhan_adana,2024-06-03,20.0,39.7,0.0,7.15,open_meteo_era5_seyhan_adana_2024_2025_290c2d915da5
seyhan_adana,2024-06-04,21.3,41.0,0.0,7.28,open_meteo_era5_seyhan_adana_2024_2025_290c2d915da5
seyhan_adana,2024-06-05,21.4,40.9,0.0,7.14,open_meteo_era5_seyhan_adana_2024_2025_290c2d915da5
seyhan_adana,2024-06-06,22.9,41.2,0.0,7.4,open_meteo_era5_seyhan_adana_2024_2025_290c2d915da5
seyhan_adana,2024-06-07,24.1,41.5,0.5,7.34,open_meteo_era5_seyhan_adana_2024_2025_290c2d915da5
seyhan_adana,2024-06-08,23.5,37.3,0.7,6.81,open_meteo_era5_seyhan_adana_2024_2025_290c2d915da5
seyhan_adana,2024-06-09,22.0,35.0,0.9,5.76,open_meteo_era5_seyhan_adana_2024_2025_290c2d915da5
seyhan_adana,2024-06-10,23.7,34.2,0.0,6.42,open_meteo_era5_seyhan_adana_2024_2025_290c2d915da5
seyhan_adana,2024-06-11,22.6,34.3,0.0,6.65,open_meteo_era5_seyhan_adana_2024_2025_290c2d915da5
seyhan_adana,2024-06-12,22.6,35.2,0.0,6.33,open_meteo_era5_seyhan_adana_2024_2025_290c2d915da5
seyhan_adana,2024-06-13,23.4,37.3,0.0,6.63,open_meteo_era5_seyhan_adana_2024_2025_290c2d915da5
seyhan_adana,2024-06-14,23.8,40.2,0.0,7.29,open_meteo_era5_seyhan_adana_2024_2025_290c2d915da5
seyhan_adana,2024-06-15,24.8,37.3,0.0,6.62,open_meteo_era5_seyhan_adana_2024_2025_290c2d915da5
seyhan_adana,2024-06-16,23.7,33.9,0.0,6.41,open_meteo_era5_seyhan_adana_2024_2025_290c2d915da5
seyhan_adana,2024-06-17,24.0,33.3,0.0,5.8,open_meteo_era5_seyhan_adana_2024_2025_290c2d915da5
seyhan_adana,2024-06-18,24.2,34.7,0.0,5.94,open_meteo_era5_seyhan_adana_2024_2025_290c2d915da5
seyhan_adana,2024-06-19,24.0,37.8,0.0,6.62,open_meteo_era5_seyhan_adana_2024_2025_290c2d915da5
seyhan_adana,2024-06-20,25.6,36.4,0.0,6.51,open_meteo_era5_seyhan_adana_2024_2025_290c2d915da5
seyhan_adana,2024-06-21,25.8,35.4,0.0,6.22,open_meteo_era5_seyhan_adana_2024_2025_290c2d915da5
seyhan_adana,2024-06-22,25.5,32.6,1.7,4.8,open_meteo_era5_seyhan_adana_2024_2025_290c2d915da5
seyhan_adana,2024-06-23,25.4,32.9,0.9,5.03,open_meteo_era5_seyhan_adana_2024_2025_290c2d915da5
seyhan_adana,2024-06-24,24.4,34.1,0.4,6.31,open_meteo_era5_seyhan_adana_2024_2025_290c2d915da5
seyhan_adana,2024-06-25,24.1,34.4,0.1,5.93,open_meteo_era5_seyhan_adana_2024_2025_290c2d915da5
seyhan_adana,2024-06-26,25.9,34.5,0.0,6.01,open_meteo_era5_seyhan_adana_2024_2025_290c2d915da5
seyhan_adana,2024-06-27,25.0,35.4,0.0,6.78,open_meteo_era5_seyhan_adana_2024_2025_290c2d915da5
seyhan_adana,2024-06-28,24.5,36.0,0.1,6.52,open_meteo_era5_seyhan_adana_2024_2025_290c2d915da5
seyhan_adana,2024-06-29,25.7,34.7,0.4,5.95,open_meteo_era5_seyhan_adana_2024_2025_290c2d915da5
seyhan_adana,2024-06-30,26.2,35.8,0.6,6.19,open_meteo_era5_seyhan_adana_2024_2025_290c2d915da5
seyhan_adana,2024-07-01,25.8,36.4,0.0,6.83,open_meteo_era5_seyhan_adana_2024_2025_290c2d915da5
seyhan_adana,2024-07-02,25.1,36.3,0.0,7.03,open_meteo_era5_seyhan_adana_2024_2025_290c2d915da5
seyhan_adana,2024-07-03,25.7,34.9,0.5,6.07,open_meteo_era5_seyhan_adana_2024_2025_290c2d915da5
seyhan_adana,2024-07-04,26.2,34.8,0.2,6.47,open_meteo_era5_seyhan_adana_2024_2025_290c2d915da5
seyhan_adana,2024-07-05,25.0,33.1,2.2,5.45,open_meteo_era5_seyhan_adana_2024_2025_290c2d915da5
seyhan_adana,2024-07-06,24.3,35.3,0.7,6.34,open_meteo_era5_seyhan_adana_2024_2025_290c2d915da5
seyhan_adana,2024-07-07,25.5,38.7,0.0,7.0,open_meteo_era5_seyhan_adana_2024_2025_290c2d915da5
seyhan_adana,2024-07-08,25.9,36.7,0.4,6.34,open_meteo_era5_seyhan_adana_2024_2025_290c2d915da5
seyhan_adana,2024-07-09,26.5,37.0,0.0,6.13,open_meteo_era5_seyhan_adana_2024_2025_290c2d915da5
seyhan_adana,2024-07-10,26.3,36.2,0.2,5.8,open_meteo_era5_seyhan_adana_2024_2025_290c2d915da5
seyhan_adana,2024-07-11,26.6,37.3,0.2,6.44,open_meteo_era5_seyhan_adana_2024_2025_290c2d915da5
seyhan_adana,2024-07-12,27.1,36.8,0.0,6.12,open_meteo_era5_seyhan_adana_2024_2025_290c2d915da5
seyhan_adana,2024-07-13,27.0,36.6,0.0,5.85,open_meteo_era5_seyhan_adana_2024_2025_290c2d915da5
seyhan_adana,2024-07-14,26.9,34.8,1.1,6.04,open_meteo_era5_seyhan_adana_2024_2025_290c2d915da5
seyhan_adana,2024-07-15,27.3,36.1,0.3,6.14,open_meteo_era5_seyhan_adana_2024_2025_290c2d915da5
seyhan_adana,2024-07-16,27.0,36.1,1.2,6.17,open_meteo_era5_seyhan_adana_2024_2025_290c2d915da5
seyhan_adana,2024-07-17,27.2,36.0,0.0,5.9,open_meteo_era5_seyhan_adana_2024_2025_290c2d915da5
seyhan_adana,2024-07-18,27.2,36.7,0.2,5.66,open_meteo_era5_seyhan_adana_2024_2025_290c2d915da5
seyhan_adana,2024-07-19,28.2,37.9,0.0,6.31,open_meteo_era5_seyhan_adana_2024_2025_290c2d915da5
seyhan_adana,2024-07-20,27.8,38.3,0.0,7.15,open_meteo_era5_seyhan_adana_2024_2025_290c2d915da5
seyhan_adana,2024-07-21,27.6,37.5,0.0,6.77,open_meteo_era5_seyhan_adana_2024_2025_290c2d915da5
seyhan_adana,2024-07-22,27.1,37.3,0.0,6.31,open_meteo_era5_seyhan_adana_2024_2025_290c2d915da5
seyhan_adana,2024-07-23,28.7,36.9,0.3,5.84,open_meteo_era5_seyhan_adana_2024_2025_290c2d915da5
seyhan_adana,2024-07-24,28.5,36.3,1.2,5.51,open_meteo_era5_seyhan_adana_2024_2025_290c2d915da5
seyhan_adana,2024-07-25,27.5,35.5,2.1,4.68,open_meteo_era5_seyhan_adana_2024_2025_290c2d915da5
seyhan_adana,2024-07-26,26.3,34.6,3.8,5.56,open_meteo_era5_seyhan_adana_2024_2025_290c2d915da5
seyhan_adana,2024-07-27,25.6,36.9,0.1,6.47,open_meteo_era5_seyhan_adana_2024_2025_290c2d915da5
seyhan_adana,2024-07-28,25.1,39.2,0.0,7.04,open_meteo_era5_seyhan_adana_2024_2025_290c2d915da5
seyhan_adana,2024-07-29,25.4,38.3,0.0,7.42,open_meteo_era5_seyhan_adana_2024_2025_290c2d915da5
seyhan_adana,2024-07-30,25.4,36.4,0.0,6.59,open_meteo_era5_seyhan_adana_2024_2025_290c2d915da5
seyhan_adana,2024-07-31,26.5,37.9,0.0,6.84,open_meteo_era5_seyhan_adana_2024_2025_290c2d915da5
seyhan_adana,2024-08-01,27.1,36.7,0.0,6.48,open_meteo_era5_seyhan_adana_2024_2025_290c2d915da5
seyhan_adana,2024-08-02,26.2,37.5,0.0,6.93,open_meteo_era5_seyhan_adana_2024_2025_290c2d915da5
seyhan_adana,2024-08-03,26.4,35.7,0.2,6.44,open_meteo_era5_seyhan_adana_2024_2025_290c2d915da5
seyhan_adana,2024-08-04,26.2,35.4,0.6,5.53,open_meteo_era5_seyhan_adana_2024_2025_290c2d915da5
seyhan_adana,2024-08-05,26.6,36.2,0.3,5.92,open_meteo_era5_seyhan_adana_2024_2025_290c2d915da5
seyhan_adana,2024-08-06,26.8,36.7,0.0,5.64,open_meteo_era5_seyhan_adana_2024_2025_290c2d915da5
seyhan_adana,2024-08-07,26.7,36.0,0.0,5.66,open_meteo_era5_seyhan_adana_2024_2025_290c2d915da5
seyhan_adana,2024-08-08,26.5,36.2,0.0,5.99,open_meteo_era5_seyhan_adana_2024_2025_290c2d915da5
seyhan_adana,2024-08-09,26.3,36.2,0.0,5.94,open_meteo_era5_seyhan_adana_2024_2025_290c2d915da5
seyhan_adana,2024-08-10,27.3,35.1,0.2,4.79,open_meteo_era5_seyhan_adana_2024_2025_290c2d915da5
seyhan_adana,2024-08-11,27.4,37.1,0.1,5.71,open_meteo_era5_seyhan_adana_2024_2025_290c2d915da5
seyhan_adana,2024-08-12,26.5,38.2,0.0,6.52,open_meteo_era5_seyhan_adana_2024_2025_290c2d915da5
seyhan_adana,2024-08-13,26.1,37.6,0.0,6.63,open_meteo_era5_seyhan_adana_2024_2025_290c2d915da5
seyhan_adana,2024-08-14,26.8,37.1,0.0,6.21,open_meteo_era5_seyhan_adana_2024_2025_290c2d915da5
seyhan_adana,2024-08-15,26.2,36.1,0.0,5.91,open_meteo_era5_seyhan_adana_2024_2025_290c2d915da5
seyhan_adana,2024-08-16,26.2,37.4,0.0,5.95,open_meteo_era5_seyhan_adana_2024_2025_290c2d915da5
seyhan_adana,2024-08-17,26.7,37.8,0.4,6.13,open_meteo_era5_seyhan_adana_2024_2025_290c2d915da5
seyhan_adana,2024-08-18,25.5,36.8,0.0,6.14,open_meteo_era5_seyhan_adana_2024_2025_290c2d915da5
seyhan_adana,2024-08-19,25.6,36.5,0.0,6.14,open_meteo_era5_seyhan_adana_2024_2025_290c2d915da5
seyhan_adana,2024-08-20,26.2,36.0,0.1,5.27,open_meteo_era5_seyhan_adana_2024_2025_290c2d915da5
seyhan_adana,2024-08-21,25.7,35.1,0.2,5.2,open_meteo_era5_seyhan_adana_2024_2025_290c2d915da5
seyhan_adana,2024-08-22,26.6,36.2,0.2,5.98,open_meteo_era5_seyhan_adana_2024_2025_290c2d915da5
seyhan_adana,2024-08-23,26.0,36.0,0.1,5.76,open_meteo_era5_seyhan_adana_2024_2025_290c2d915da5
seyhan_adana,2024-08-24,24.5,35.3,1.6,5.15,open_meteo_era5_seyhan_adana_2024_2025_290c2d915da5
seyhan_adana,2024-08-25,24.2,35.8,0.3,5.74,open_meteo_era5_seyhan_adana_2024_2025_290c2d915da5
seyhan_adana,2024-08-26,25.0,35.3,0.9,5.08,open_meteo_era5_seyhan_adana_2024_2025_290c2d915da5
seyhan_adana,2024-08-27,24.8,36.4,0.4,5.32,open_meteo_era5_seyhan_adana_2024_2025_290c2d915da5
seyhan_adana,2024-08-28,26.2,35.5,0.0,5.53,open_meteo_era5_seyhan_adana_2024_2025_290c2d915da5
seyhan_adana,2024-08-29,25.5,35.7,1.9,5.35,open_meteo_era5_seyhan_adana_2024_2025_290c2d915da5
seyhan_adana,2024-08-30,24.9,34.4,1.7,5.05,open_meteo_era5_seyhan_adana_2024_2025_290c2d915da5
seyhan_adana,2024-08-31,25.5,35.0,1.1,5.34,open_meteo_era5_seyhan_adana_2024_2025_290c2d915da5
seyhan_adana,2024-09-01,24.2,34.2,2.9,4.87,open_meteo_era5_seyhan_adana_2024_2025_290c2d915da5
seyhan_adana,2024-09-02,23.2,32.6,1.9,4.69,open_meteo_era5_seyhan_adana_2024_2025_290c2d915da5
seyhan_adana,2024-09-03,23.5,34.1,0.1,5.16,open_meteo_era5_seyhan_adana_2024_2025_290c2d915da5
seyhan_adana,2024-09-04,24.6,35.3,0.6,5.12,open_meteo_era5_seyhan_adana_2024_2025_290c2d915da5
seyhan_adana,2024-09-05,25.4,35.0,0.5,4.52,open_meteo_era5_seyhan_adana_2024_2025_290c2d915da5
seyhan_adana,2024-09-06,24.9,36.0,0.0,5.38,open_meteo_era5_seyhan_adana_2024_2025_290c2d915da5
seyhan_adana,2024-09-07,25.9,35.8,1.0,4.95,open_meteo_era5_seyhan_adana_2024_2025_290c2d915da5
seyhan_adana,2024-09-08,24.6,33.2,2.0,3.95,open_meteo_era5_seyhan_adana_2024_2025_290c2d915da5
seyhan_adana,2024-09-09,22.8,36.2,0.0,5.11,open_meteo_era5_seyhan_adana_2024_2025_290c2d915da5
seyhan_adana,2024-09-10,24.0,34.4,0.1,5.18,open_meteo_era5_seyhan_adana_2024_2025_290c2d915da5
seyhan_adana,2024-09-11,23.4,33.7,0.1,4.94,open_meteo_era5_seyhan_adana_2024_2025_290c2d915da5
seyhan_adana,2024-09-12,23.6,34.5,0.0,5.11,open_meteo_era5_seyhan_adana_2024_2025_290c2d915da5
seyhan_adana,2024-09-13,24.2,34.6,0.0,5.1,open_meteo_era5_seyhan_adana_2024_2025_290c2d915da5
seyhan_adana,2024-09-14,25.1,33.6,0.0,4.43,open_meteo_era5_seyhan_adana_2024_2025_290c2d915da5
seyhan_adana,2024-09-15,24.7,33.1,0.0,4.24,open_meteo_era5_seyhan_adana_2024_2025_290c2d915da5
seyhan_adana,2024-09-16,23.8,31.6,0.3,3.93,open_meteo_era5_seyhan_adana_2024_2025_290c2d915da5
seyhan_adana,2024-09-17,23.6,32.4,0.2,4.61,open_meteo_era5_seyhan_adana_2024_2025_290c2d915da5
seyhan_adana,2024-09-18,22.4,32.7,0.2,4.33,open_meteo_era5_seyhan_adana_2024_2025_290c2d915da5
seyhan_adana,2024-09-19,21.6,28.9,3.4,3.32,open_meteo_era5_seyhan_adana_2024_2025_290c2d915da5
seyhan_adana,2024-09-20,20.4,29.6,2.2,3.26,open_meteo_era5_seyhan_adana_2024_2025_290c2d915da5
seyhan_adana,2024-09-21,20.1,30.6,5.1,3.36,open_meteo_era5_seyhan_adana_2024_2025_290c2d915da5
seyhan_adana,2024-09-22,19.0,26.5,11.1,2.98,open_meteo_era5_seyhan_adana_2024_2025_290c2d915da5
seyhan_adana,2024-09-23,18.3,30.0,0.0,4.26,open_meteo_era5_seyhan_adana_2024_2025_290c2d915da5
seyhan_adana,2024-09-24,18.1,30.1,0.0,3.63,open_meteo_era5_seyhan_adana_2024_2025_290c2d915da5
seyhan_adana,2024-09-25,17.4,33.2,0.0,4.54,open_meteo_era5_seyhan_adana_2024_2025_290c2d915da5
seyhan_adana,2024-09-26,18.8,34.8,0.0,4.93,open_meteo_era5_seyhan_adana_2024_2025_290c2d915da5
seyhan_adana,2024-09-27,19.2,35.7,0.0,4.79,open_meteo_era5_seyhan_adana_2024_2025_290c2d915da5
seyhan_adana,2024-09-28,18.4,36.3,0.0,4.66,open_meteo_era5_seyhan_adana_2024_2025_290c2d915da5
seyhan_adana,2024-09-29,18.7,33.2,0.0,4.12,open_meteo_era5_seyhan_adana_2024_2025_290c2d915da5
seyhan_adana,2024-09-30,21.3,32.0,3.8,4.1,open_meteo_era5_seyhan_adana_2024_2025_290c2d915da5
seyhan_adana,2024-10-01,20.0,28.2,1.4,3.35,open_meteo_era5_seyhan_adana_2024_2025_290c2d915da5
seyhan_adana,2024-10-02,18.0,30.2,0.0,4.63,open_meteo_era5_seyhan_adana_2024_2025_290c2d915da5
seyhan_adana,2024-10-03,17.0,30.6,0.0,4.39,open_meteo_era5_seyhan_adana_2024_2025_290c2d915da5
seyhan_adana,2024-10-04,16.1,32.2,0.0,4.19,open_meteo_era5_seyhan_adana_2024_2025_290c2d915da5
seyhan_adana,2024-10-05,16.6,34.0,0.0,4.16,open_meteo_era5_seyhan_adana_2024_2025_290c2d915da5
seyhan_adana,2024-10-06,16.5,35.9,0.0,4.59,open_meteo_era5_seyhan_adana_2024_2025_290c2d915da5
seyhan_adana,2024-10-07,18.4,34.1,0.0,4.14,open_meteo_era5_seyhan_adana_2024_2025_290c2d915da5
seyhan_adana,2024-10-08,21.1,32.5,0.0,3.8,open_meteo_era5_seyhan_adana_2024_2025_290c2d915da5
seyhan_adana,2024-10-09,20.9,32.9,0.0,3.77,open_meteo_era5_seyhan_adana_2024_2025_290c2d915da5
seyhan_adana,2024-10-10,19.9,31.2,0.0,3.74,open_meteo_era5_seyhan_adana_2024_2025_290c2d915da5
seyhan_adana,2024-10-11,21.1,30.7,0.1,3.24,open_meteo_era5_seyhan_adana_2024_2025_290c2d915da5
seyhan_adana,2024-10-12,20.2,31.7,0.0,3.52,open_meteo_era5_seyhan_adana_2024_2025_290c2d915da5
seyhan_adana,2024-10-13,20.9,30.7,0.6,3.15,open_meteo_era5_seyhan_adana_2024_2025_290c2d915da5
seyhan_adana,2024-10-14,20.6,30.9,0.0,3.33,open_meteo_era5_seyhan_adana_2024_2025_290c2d915da5
seyhan_adana,2024-10-15,19.7,31.1,0.0,3.5,open_meteo_era5_seyhan_adana_2024_2025_290c2d915da5
seyhan_adana,2024-10-16,19.3,31.4,0.3,3.51,open_meteo_era5_seyhan_adana_2024_2025_290c2d915da5
seyhan_adana,2024-10-17,19.8,30.4,0.3,5.12,open_meteo_era5_seyhan_adana_2024_2025_290c2d915da5
seyhan_adana,2024-10-18,14.9,25.0,0.0,4.77,open_meteo_era5_seyhan_adana_2024_2025_290c2d915da5
seyhan_adana,2024-10-19,11.7,24.2,0.0,3.83,open_meteo_era5_seyhan_adana_2024_2025_290c2d915da5
seyhan_adana,2024-10-20,11.6,24.7,0.0,3.93,open_meteo_era5_seyhan_adana_2024_2025_290c2d915da5
seyhan_adana,2024-10-21,12.2,24.7,0.0,4.07,open_meteo_era5_seyhan_adana_2024_2025_290c2d915da5
seyhan_adana,2024-10-22,12.6,24.4,0.0,4.72,open_meteo_era5_seyhan_adana_2024_2025_290c2d915da5
seyhan_adana,2024-10-23,12.0,26.3,0.0,4.0,open_meteo_era5_seyhan_adana_2024_2025_290c2d915da5
seyhan_adana,2024-10-24,10.1,27.2,0.0,3.64,open_meteo_era5_seyhan_adana_2024_2025_290c2d915da5
seyhan_adana,2024-10-25,11.1,28.1,0.0,4.04,open_meteo_era5_seyhan_adana_2024_2025_290c2d915da5
seyhan_adana,2024-10-26,11.8,29.5,0.0,4.4,open_meteo_era5_seyhan_adana_2024_2025_290c2d915da5
seyhan_adana,2024-10-27,12.1,28.0,0.0,4.19,open_meteo_era5_seyhan_adana_2024_2025_290c2d915da5
seyhan_adana,2024-10-28,9.7,27.8,0.0,3.65,open_meteo_era5_seyhan_adana_2024_2025_290c2d915da5
seyhan_adana,2024-10-29,9.3,28.4,0.0,3.73,open_meteo_era5_seyhan_adana_2024_2025_290c2d915da5
seyhan_adana,2024-10-30,10.9,28.9,0.0,4.14,open_meteo_era5_seyhan_adana_2024_2025_290c2d915da5
seyhan_adana,2024-10-31,12.7,28.1,0.0,4.23,open_meteo_era5_seyhan_adana_2024_2025_290c2d915da5
seyhan_adana,2024-11-01,16.6,29.3,0.0,4.3,open_meteo_era5_seyhan_adana_2024_2025_290c2d915da5
seyhan_adana,2024-11-02,15.6,29.0,0.1,4.31,open_meteo_era5_seyhan_adana_2024_2025_290c2d915da5
seyhan_adana,2024-11-03,15.0,25.8,1.0,3.03,open_meteo_era5_seyhan_adana_2024_2025_290c2d915da5
seyhan_adana,2024-11-04,12.5,24.6,0.0,2.81,open_meteo_era5_seyhan_adana_2024_2025_290c2d915da5
seyhan_adana,2024-11-05,11.0,25.3,0.0,3.39,open_meteo_era5_seyhan_adana_2024_2025_290c2d915da5
seyhan_adana,2024-11-06,11.0,25.3,0.0,3.53,open_meteo_era5_seyhan_adana_2024_2025_290c2d915da5
seyhan_adana,2024-11-07,12.9,26.7,0.0,3.9,open_meteo_era5_seyhan_adana_2024_2025_290c2d915da5
seyhan_adana,2024-11-08,12.2,27.1,0.0,3.76,open_meteo_era5_seyhan_adana_2024_2025_290c2d915da5
seyhan_adana,2024-11-09,10.6,26.6,0.0,3.87,open_meteo_era5_seyhan_adana_2024_2025_290c2d915da5
seyhan_adana,2024-11-10,17.7,25.3,0.5,4.22,open_meteo_era5_seyhan_adana_2024_2025_290c2d915da5
seyhan_adana,2024-11-11,11.5,24.1,0.0,2.94,open_meteo_era5_seyhan_adana_2024_2025_290c2d915da5
seyhan_adana,2024-11-12,10.4,25.5,0.0,2.49,open_meteo_era5_seyhan_adana_2024_2025_290c2d915da5
seyhan_adana,2024-11-13,10.4,25.3,0.0,2.51,open_meteo_era5_seyhan_adana_2024_2025_290c2d915da5
seyhan_adana,2024-11-14,11.1,24.0,0.0,2.2,open_meteo_era5_seyhan_adana_2024_2025_290c2d915da5
seyhan_adana,2024-11-15,11.0,23.5,0.8,2.07,open_meteo_era5_seyhan_adana_2024_2025_290c2d915da5
seyhan_adana,2024-11-16,12.7,22.9,0.3,1.94,open_meteo_era5_seyhan_adana_2024_2025_290c2d915da5
seyhan_adana,2024-11-17,13.8,15.8,66.2,0.94,open_meteo_era5_seyhan_adana_2024_2025_290c2d915da5
seyhan_adana,2024-11-18,11.6,18.0,10.6,1.14,open_meteo_era5_seyhan_adana_2024_2025_290c2d915da5
seyhan_adana,2024-11-19,10.4,20.3,0.4,1.59,open_meteo_era5_seyhan_adana_2024_2025_290c2d915da5
seyhan_adana,2024-11-20,11.2,18.8,3.3,1.29,open_meteo_era5_seyhan_adana_2024_2025_290c2d915da5
seyhan_adana,2024-11-21,13.4,17.6,9.9,1.0,open_meteo_era5_seyhan_adana_2024_2025_290c2d915da5
seyhan_adana,2024-11-22,14.4,16.1,22.4,0.69,open_meteo_era5_seyhan_adana_2024_2025_290c2d915da5
seyhan_adana,2024-11-23,13.7,22.0,0.0,1.82,open_meteo_era5_seyhan_adana_2024_2025_290c2d915da5
seyhan_adana,2024-11-24,6.2,14.3,17.8,1.48,open_meteo_era5_seyhan_adana_2024_2025_290c2d915da5
seyhan_adana,2024-11-25,5.6,12.9,0.0,2.71,open_meteo_era5_seyhan_adana_2024_2025_290c2d915da5
seyhan_adana,2024-11-26,5.0,14.2,0.0,1.94,open_meteo_era5_seyhan_adana_2024_2025_290c2d915da5
seyhan_adana,2024-11-27,3.4,14.4,0.0,1.78,open_meteo_era5_seyhan_adana_2024_2025_290c2d915da5
seyhan_adana,2024-11-28,2.9,15.0,0.0,1.8,open_meteo_era5_seyhan_adana_2024_2025_290c2d915da5
seyhan_adana,2024-11-29,4.4,15.9,0.0,1.84,open_meteo_era5_seyhan_adana_2024_2025_290c2d915da5
seyhan_adana,2024-11-30,4.1,15.4,0.0,1.74,open_meteo_era5_seyhan_adana_2024_2025_290c2d915da5
seyhan_adana,2024-12-01,2.6,15.4,0.0,1.64,open_meteo_era5_seyhan_adana_2024_2025_290c2d915da5
seyhan_adana,2024-12-02,3.0,16.0,0.0,1.73,open_meteo_era5_seyhan_adana_2024_2025_290c2d915da5
seyhan_adana,2024-12-03,4.6,16.0,0.1,2.08,open_meteo_era5_seyhan_adana_2024_2025_290c2d915da5
seyhan_adana,2024-12-04,10.5,13.3,3.0,1.54,open_meteo_era5_seyhan_adana_2024_2025_290c2d915da5
seyhan_adana,2024-12-05,10.2,18.3,0.1,2.09,open_meteo_era5_seyhan_adana_2024_2025_290c2d915da5
seyhan_adana,2024-12-06,9.0,18.5,0.0,2.42,open_meteo_era5_seyhan_adana_2024_2025_290c2d915da5
seyhan_adana,2024-12-07,13.5,18.0,0.0,2.57,open_meteo_era5_seyhan_adana_2024_2025_290c2d915da5
seyhan_adana,2024-12-08,9.5,17.3,0.5,1.78,open_meteo_era5_seyhan_adana_2024_2025_290c2d915da5
seyhan_adana,2024-12-09,8.4,18.3,0.0,1.6,open_meteo_era5_seyhan_adana_2024_2025_290c2d915da5
seyhan_adana,2024-12-10,7.8,20.3,0.0,1.66,open_meteo_era5_seyhan_adana_2024_2025_290c2d915da5
seyhan_adana,2024-12-11,8.9,18.4,0.0,1.5,open_meteo_era5_seyhan_adana_2024_2025_290c2d915da5
seyhan_adana,2024-12-12,10.1,18.4,0.2,1.53,open_meteo_era5_seyhan_adana_2024_2025_290c2d915da5
seyhan_adana,2024-12-13,7.1,17.2,0.0,2.05,open_meteo_era5_seyhan_adana_2024_2025_290c2d915da5
seyhan_adana,2024-12-14,3.8,15.1,0.0,2.06,open_meteo_era5_seyhan_adana_2024_2025_290c2d915da5
seyhan_adana,2024-12-15,2.6,14.0,0.0,2.15,open_meteo_era5_seyhan_adana_2024_2025_290c2d915da5
seyhan_adana,2024-12-16,5.9,9.9,10.5,1.04,open_meteo_era5_seyhan_adana_2024_2025_290c2d915da5
seyhan_adana,2024-12-17,4.4,15.7,0.0,1.48,open_meteo_era5_seyhan_adana_2024_2025_290c2d915da5
seyhan_adana,2024-12-18,3.1,16.2,0.0,1.45,open_meteo_era5_seyhan_adana_2024_2025_290c2d915da5
seyhan_adana,2024-12-19,4.5,18.0,0.0,1.95,open_meteo_era5_seyhan_adana_2024_2025_290c2d915da5
seyhan_adana,2024-12-20,5.0,15.9,0.0,1.93,open_meteo_era5_seyhan_adana_2024_2025_290c2d915da5
seyhan_adana,2024-12-21,4.2,13.5,4.3,1.12,open_meteo_era5_seyhan_adana_2024_2025_290c2d915da5
seyhan_adana,2024-12-22,9.9,16.0,2.6,1.0,open_meteo_era5_seyhan_adana_2024_2025_290c2d915da5
seyhan_adana,2024-12-23,10.4,11.6,29.2,0.75,open_meteo_era5_seyhan_adana_2024_2025_290c2d915da5
seyhan_adana,2024-12-24,10.5,12.9,27.0,0.72,open_meteo_era5_seyhan_adana_2024_2025_290c2d915da5
seyhan_adana,2024-12-25,12.4,18.0,7.3,2.05,open_meteo_era5_seyhan_adana_2024_2025_290c2d915da5
seyhan_adana,2024-12-26,11.2,13.4,10.2,1.19,open_meteo_era5_seyhan_adana_2024_2025_290c2d915da5
seyhan_adana,2024-12-27,6.7,13.7,2.5,1.31,open_meteo_era5_seyhan_adana_2024_2025_290c2d915da5
seyhan_adana,2024-12-28,5.2,14.5,2.1,1.22,open_meteo_era5_seyhan_adana_2024_2025_290c2d915da5
seyhan_adana,2024-12-29,9.3,12.2,21.0,0.94,open_meteo_era5_seyhan_adana_2024_2025_290c2d915da5
seyhan_adana,2024-12-30,9.0,13.5,17.6,1.07,open_meteo_era5_seyhan_adana_2024_2025_290c2d915da5
seyhan_adana,2024-12-31,7.9,17.3,0.0,1.99,open_meteo_era5_seyhan_adana_2024_2025_290c2d915da5
seyhan_adana,2025-01-01,5.3,16.9,0.0,1.77,open_meteo_era5_seyhan_adana_2024_2025_290c2d915da5
seyhan_adana,2025-01-02,3.7,16.4,0.0,1.56,open_meteo_era5_seyhan_adana_2024_2025_290c2d915da5
seyhan_adana,2025-01-03,2.9,16.2,0.0,1.57,open_meteo_era5_seyhan_adana_2024_2025_290c2d915da5
seyhan_adana,2025-01-04,6.5,15.0,0.0,1.41,open_meteo_era5_seyhan_adana_2024_2025_290c2d915da5
seyhan_adana,2025-01-05,9.8,15.0,0.6,2.14,open_meteo_era5_seyhan_adana_2024_2025_290c2d915da5
seyhan_adana,2025-01-06,6.4,16.5,0.0,1.89,open_meteo_era5_seyhan_adana_2024_2025_290c2d915da5
seyhan_adana,2025-01-07,4.7,16.8,0.0,1.6,open_meteo_era5_seyhan_adana_2024_2025_290c2d915da5
seyhan_adana,2025-01-08,4.3,17.2,0.0,1.62,open_meteo_era5_seyhan_adana_2024_2025_290c2d915da5
seyhan_adana,2025-01-09,3.7,18.7,0.0,1.82,open_meteo_era5_seyhan_adana_2024_2025_290c2d915da5
seyhan_adana,2025-01-10,5.9,19.2,0.0,2.34,open_meteo_era5_seyhan_adana_2024_2025_290c2d915da5
seyhan_adana,2025-01-11,6.5,19.0,0.0,1.97,open_meteo_era5_seyhan_adana_2024_2025_290c2d915da5
seyhan_adana,2025-01-12,7.1,16.4,0.0,1.15,open_meteo_era5_seyhan_adana_2024_2025_290c2d915da5
seyhan_adana,2025-01-13,10.9,17.3,0.3,1.26,open_meteo_era5_seyhan_adana_2024_2025_290c2d915da5
seyhan_adana,2025-01-14,10.1,20.5,0.0,1.9,open_meteo_era5_seyhan_adana_2024_2025_290c2d915da5
seyhan_adana,2025-01-15,8.8,19.7,0.0,2.01,open_meteo_era5_seyhan_adana_2024_2025_290c2d915da5
seyhan_adana,2025-01-16,8.9,18.9,0.0,1.83,open_meteo_era5_seyhan_adana_2024_2025_290c2d915da5
seyhan_adana,2025-01-17,7.2,19.8,0.0,2.28,open_meteo_era5_seyhan_adana_2024_2025_290c2d915da5
seyhan_adana,2025-01-18,5.2,17.8,0.0,2.15,open_meteo_era5_seyhan_adana_2024_2025_290c2d915da5
seyhan_adana,2025-01-19,3.9,17.9,0.0,2.21,open_meteo_era5_seyhan_adana_2024_2025_290c2d915da5
seyhan_adana,2025-01-20,5.1,18.5,0.0,2.49,open_meteo_era5_seyhan_adana_2024_2025_290c2d915da5
seyhan_adana,2025-01-21,3.2,17.0,0.0,2.17,open_meteo_era5_seyhan_adana_2024_2025_290c2d915da5
seyhan_adana,2025-01-22,6.0,15.4,1.4,1.96,open_meteo_era5_seyhan_adana_2024_2025_290c2d915da5
seyhan_adana,2025-01-23,7.1,13.1,0.8,1.64,open_meteo_era5_seyhan_adana_2024_2025_290c2d915da5
seyhan_adana,2025-01-24,6.6,14.7,0.0,1.52,open_meteo_era5_seyhan_adana_2024_2025_290c2d915da5
seyhan_adana,2025-01-25,6.6,16.6,0.0,2.04,open_meteo_era5_seyhan_adana_2024_2025_290c2d915da5
seyhan_adana,2025-01-26,6.1,18.0,0.0,2.19,open_meteo_era5_seyhan_adana_2024_2025_290c2d915da5
seyhan_adana,2025-01-27,4.2,19.2,0.0,2.29,open_meteo_era5_seyhan_adana_2024_2025_290c2d915da5
seyhan_adana,2025-01-28,2.7,18.8,0.0,2.26,open_meteo_era5_seyhan_adana_2024_2025_290c2d915da5
seyhan_adana,2025-01-29,3.1,19.7,0.0,2.32,open_meteo_era5_seyhan_adana_2024_2025_290c2d915da5
seyhan_adana,2025-01-30,2.9,19.8,0.0,2.23,open_meteo_era5_seyhan_adana_2024_2025_290c2d915da5
seyhan_adana,2025-01-31,4.6,19.4,0.0,2.4,open_meteo_era5_seyhan_adana_2024_2025_290c2d915da5
seyhan_adana,2025-02-01,4.0,19.4,0.0,2.22,open_meteo_era5_seyhan_adana_2024_2025_290c2d915da5
seyhan_adana,2025-02-02,5.3,19.3,0.0,2.2,open_meteo_era5_seyhan_adana_2024_2025_290c2d915da5
seyhan_adana,2025-02-03,6.1,17.5,0.0,1.62,open_meteo_era5_seyhan_adana_2024_2025_290c2d915da5
seyhan_adana,2025-02-04,5.6,18.0,0.0,1.92,open_meteo_era5_seyhan_adana_2024_2025_290c2d915da5
seyhan_adana,2025-02-05,8.6,11.5,5.7,1.38,open_meteo_era5_seyhan_adana_2024_2025_290c2d915da5
seyhan_adana,2025-02-06,5.6,13.7,0.2,3.34,open_meteo_era5_seyhan_adana_2024_2025_290c2d915da5
seyhan_adana,2025-02-07,3.2,11.4,0.0,2.5,open_meteo_era5_seyhan_adana_2024_2025_290c2d915da5
seyhan_adana,2025-02-08,2.6,15.5,0.0,2.49,open_meteo_era5_seyhan_adana_2024_2025_290c2d915da5
seyhan_adana,2025-02-09,5.3,14.2,1.1,2.37,open_meteo_era5_seyhan_adana_2024_2025_290c2d915da5
seyhan_adana,2025-02-10,7.8,12.0,6.6,1.87,open_meteo_era5_seyhan_adana_2024_2025_290c2d915da5
seyhan_adana,2025-02-11,7.5,11.6,6.5,1.4,open_meteo_era5_seyhan_adana_2024_2025_290c2d915da5
seyhan_adana,2025-02-12,6.3,13.1,8.5,1.6,open_meteo_era5_seyhan_adana_2024_2025_290c2d915da5
seyhan_adana,2025-02-13,3.6,11.1,5.0,1.18,open_meteo_era5_seyhan_adana_2024_2025_290c2d915da5
seyhan_adana,2025-02-14,2.6,15.0,0.0,2.38,open_meteo_era5_seyhan_adana_2024_2025_290c2d915da5
seyhan_adana,2025-02-15,3.7,16.5,0.0,2.71,open_meteo_era5_seyhan_adana_2024_2025_290c2d915da5
seyhan_adana,2025-02-16,5.7,17.4,0.0,2.66,open_meteo_era5_seyhan_adana_2024_2025_290c2d915da5
seyhan_adana,2025-02-17,4.5,17.8,1.5,2.24,open_meteo_era5_seyhan_adana_2024_2025_290c2d915da5
seyhan_adana,2025-02-18,9.2,16.1,0.5,1.87,open_meteo_era5_seyhan_adana_2024_2025_290c2d915da5
seyhan_adana,2025-02-19,9.2,15.3,3.5,1.94,open_meteo_era5_seyhan_adana_2024_2025_290c2d915da5
seyhan_adana,2025-02-20,6.1,12.9,0.1,3.1,open_meteo_era5_seyhan_adana_2024_2025_290c2d915da5
seyhan_adana,2025-02-21,1.2,9.5,0.0,2.91,open_meteo_era5_seyhan_adana_2024_2025_290c2d915da5
seyhan_adana,2025-02-22,-0.7,7.2,0.0,2.47,open_meteo_era5_seyhan_adana_2024_2025_290c2d915da5
seyhan_adana,2025-02-23,-2.4,8.0,0.0,2.74,open_meteo_era5_seyhan_adana_2024_2025_290c2d915da5
seyhan_adana,2025-02-24,-3.7,9.3,0.0,2.54,open_meteo_era5_seyhan_adana_2024_2025_290c2d915da5
seyhan_adana,2025-02-25,-4.1,9.9,0.0,2.26,open_meteo_era5_seyhan_adana_2024_2025_290c2d915da5
seyhan_adana,2025-02-26,-0.4,14.0,0.0,2.57,open_meteo_era5_seyhan_adana_2024_2025_290c2d915da5
seyhan_adana,2025-02-27,1.3,16.0,0.0,2.68,open_meteo_era5_seyhan_adana_2024_2025_290c2d915da5
seyhan_adana,2025-02-28,4.2,16.6,0.0,2.25,open_meteo_era5_seyhan_adana_2024_2025_290c2d915da5
seyhan_adana,2025-03-01,6.3,18.9,0.1,2.87,open_meteo_era5_seyhan_adana_2024_2025_290c2d915da5
seyhan_adana,2025-03-02,5.2,17.9,0.6,2.5,open_meteo_era5_seyhan_adana_2024_2025_290c2d915da5
seyhan_adana,2025-03-03,10.3,17.1,1.3,2.04,open_meteo_era5_seyhan_adana_2024_2025_290c2d915da5
seyhan_adana,2025-03-04,10.7,21.2,0.0,5.0,open_meteo_era5_seyhan_adana_2024_2025_290c2d915da5
seyhan_adana,2025-03-05,10.2,24.0,0.0,4.74,open_meteo_era5_seyhan_adana_2024_2025_290c2d915da5
seyhan_adana,2025-03-06,7.5,25.1,0.0,4.07,open_meteo_era5_seyhan_adana_2024_2025_290c2d915da5
seyhan_adana,2025-03-07,8.5,26.0,0.0,4.69,open_meteo_era5_seyhan_adana_2024_2025_290c2d915da5
seyhan_adana,2025-03-08,6.3,23.5,0.0,3.76,open_meteo_era5_seyhan_adana_2024_2025_290c2d915da5
seyhan_adana,2025-03-09,9.8,22.1,0.0,3.04,open_meteo_era5_seyhan_adana_2024_2025_290c2d915da5
seyhan_adana,2025-03-10,10.8,22.1,0.0,3.32,open_meteo_era5_seyhan_adana_2024_2025_290c2d915da5
seyhan_adana,2025-03-11,9.4,22.4,0.0,3.35,open_meteo_era5_seyhan_adana_2024_2025_290c2d915da5
seyhan_adana,2025-03-12,9.0,25.7,0.0,3.81,open_meteo_era5_seyhan_adana_2024_2025_290c2d915da5
seyhan_adana,2025-03-13,9.7,28.3,0.0,4.83,open_meteo_era5_seyhan_adana_2024_2025_290c2d915da5
seyhan_adana,2025-03-14,12.8,30.1,0.0,5.05,open_meteo_era5_seyhan_adana_2024_2025_290c2d915da5
seyhan_adana,2025-03-15,11.4,32.3,0.0,4.7,open_meteo_era5_seyhan_adana_2024_2025_290c2d915da5
seyhan_adana,2025-03-16,11.3,31.8,0.0,4.86,open_meteo_era5_seyhan_adana_2024_2025_290c2d915da5
seyhan_adana,2025-03-17,13.1,27.1,0.0,4.01,open_meteo_era5_seyhan_adana_2024_2025_290c2d915da5
seyhan_adana,2025-03-18,15.3,24.5,0.1,3.92,open_meteo_era5_seyhan_adana_2024_2025_290c2d915da5
seyhan_adana,2025-03-19,8.5,17.0,22.3,2.18,open_meteo_era5_seyhan_adana_2024_2025_290c2d915da5
seyhan_adana,2025-03-20,6.0,12.6,0.0,3.56,open_meteo_era5_seyhan_adana_2024_2025_290c2d915da5
seyhan_adana,2025-03-21,5.8,13.9,0.1,3.01,open_meteo_era5_seyhan_adana_2024_2025_290c2d915da5
seyhan_adana,2025-03-22,5.0,17.1,0.0,3.71,open_meteo_era5_seyhan_adana_2024_2025_290c2d915da5
seyhan_adana,2025-03-23,6.2,18.9,0.0,3.74,open_meteo_era5_seyhan_adana_2024_2025_290c2d915da5
seyhan_adana,2025-03-24,8.2,19.7,0.0,2.89,open_meteo_era5_seyhan_adana_2024_2025_290c2d915da5
seyhan_adana,2025-03-25,11.0,23.2,0.0,3.67,open_meteo_era5_seyhan_adana_2024_2025_290c2d915da5
seyhan_adana,2025-03-26,12.4,25.2,0.0,3.89,open_meteo_era5_seyhan_adana_2024_2025_290c2d915da5
seyhan_adana,2025-03-27,11.8,31.0,0.0,4.68,open_meteo_era5_seyhan_adana_2024_2025_290c2d915da5
seyhan_adana,2025-03-28,16.4,31.0,0.0,5.21,open_meteo_era5_seyhan_adana_2024_2025_290c2d915da5
seyhan_adana,2025-03-29,15.2,21.9,2.7,2.92,open_meteo_era5_seyhan_adana_2024_2025_290c2d915da5
seyhan_adana,2025-03-30,11.8,21.0,0.9,3.41,open_meteo_era5_seyhan_adana_2024_2025_290c2d915da5
seyhan_adana,2025-03-31,11.8,22.6,0.6,3.54,open_meteo_era5_seyhan_adana_2024_2025_290c2d915da5
seyhan_adana,2025-04-01,14.3,23.4,5.9,3.85,open_meteo_era5_seyhan_adana_2024_2025_290c2d915da5
seyhan_adana,2025-04-02,13.9,19.7,17.5,2.69,open_meteo_era5_seyhan_adana_2024_2025_290c2d915da5
seyhan_adana,2025-04-03,12.7,19.5,3.1,2.71,open_meteo_era5_seyhan_adana_2024_2025_290c2d915da5
seyhan_adana,2025-04-04,12.4,21.2,2.3,3.24,open_meteo_era5_seyhan_adana_2024_2025_290c2d915da5
seyhan_adana,2025-04-05,10.4,19.6,4.9,2.7,open_meteo_era5_seyhan_adana_2024_2025_290c2d915da5
seyhan_adana,2025-04-06,12.9,21.5,2.7,3.18,open_meteo_era5_seyhan_adana_2024_2025_290c2d915da5
seyhan_adana,2025-04-07,11.8,24.0,0.0,4.77,open_meteo_era5_seyhan_adana_2024_2025_290c2d915da5
seyhan_adana,2025-04-08,12.2,24.2,0.0,4.24,open_meteo_era5_seyhan_adana_2024_2025_290c2d915da5
seyhan_adana,2025-04-09,12.2,22.4,0.5,3.81,open_meteo_era5_seyhan_adana_2024_2025_290c2d915da5
seyhan_adana,2025-04-10,10.4,18.4,6.3,3.39,open_meteo_era5_seyhan_adana_2024_2025_290c2d915da5
seyhan_adana,2025-04-11,5.8,18.3,2.1,4.22,open_meteo_era5_seyhan_adana_2024_2025_290c2d915da5
seyhan_adana,2025-04-12,4.0,17.0,0.0,4.25,open_meteo_era5_seyhan_adana_2024_2025_290c2d915da5
seyhan_adana,2025-04-13,8.2,19.5,0.2,4.15,open_meteo_era5_seyhan_adana_2024_2025_290c2d915da5
seyhan_adana,2025-04-14,9.4,16.9,0.0,4.08,open_meteo_era5_seyhan_adana_2024_2025_290c2d915da5
seyhan_adana,2025-04-15,8.6,22.8,0.0,4.74,open_meteo_era5_seyhan_adana_2024_2025_290c2d915da5
seyhan_adana,2025-04-16,10.6,23.4,0.0,4.61,open_meteo_era5_seyhan_adana_2024_2025_290c2d915da5
seyhan_adana,2025-04-17,11.0,28.3,0.0,5.34,open_meteo_era5_seyhan_adana_2024_2025_290c2d915da5
seyhan_adana,2025-04-18,11.9,30.0,0.0,5.62,open_meteo_era5_seyhan_adana_2024_2025_290c2d915da5
seyhan_adana,2025-04-19,12.5,29.2,0.0,5.5,open_meteo_era5_seyhan_adana_2024_2025_290c2d915da5
seyhan_adana,2025-04-20,13.1,26.4,0.0,4.82,open_meteo_era5_seyhan_adana_2024_2025_290c2d915da5
seyhan_adana,2025-04-21,13.1,25.7,0.0,4.28,open_meteo_era5_seyhan_adana_2024_2025_290c2d915da5
seyhan_adana,2025-04-22,14.0,32.1,0.0,5.48,open_meteo_era5_seyhan_adana_2024_2025_290c2d915da5
seyhan_adana,2025-04-23,15.1,32.8,0.0,5.42,open_meteo_era5_seyhan_adana_2024_2025_290c2d915da5
seyhan_adana,2025-04-24,16.3,23.7,2.6,3.36,open_meteo_era5_seyhan_adana_2024_2025_290c2d915da5
seyhan_adana,2025-04-25,15.0,22.6,3.3,3.37,open_meteo_era5_seyhan_adana_2024_2025_290c2d915da5
seyhan_adana,2025-04-26,14.3,20.2,7.1,2.65,open_meteo_era5_seyhan_adana_2024_2025_290c2d915da5
seyhan_adana,2025-04-27,13.6,24.9,0.5,4.52,open_meteo_era5_seyhan_adana_2024_2025_290c2d915da5
seyhan_adana,2025-04-28,13.1,29.8,0.0,5.35,open_meteo_era5_seyhan_adana_2024_2025_290c2d915da5
seyhan_adana,2025-04-29,16.7,22.9,7.0,3.32,open_meteo_era5_seyhan_adana_2024_2025_290c2d915da5
seyhan_adana,2025-04-30,16.5,27.2,0.2,5.2,open_meteo_era5_seyhan_adana_2024_2025_290c2d915da5
seyhan_adana,2025-05-01,15.1,21.7,24.5,2.47,open_meteo_era5_seyhan_adana_2024_2025_290c2d915da5
seyhan_adana,2025-05-02,13.0,23.5,3.7,4.39,open_meteo_era5_seyhan_adana_2024_2025_290c2d915da5
seyhan_adana,2025-05-03,14.1,24.1,3.1,4.15,open_meteo_era5_seyhan_adana_2024_2025_290c2d915da5
seyhan_adana,2025-05-04,12.5,25.7,0.0,4.94,open_meteo_era5_seyhan_adana_2024_2025_290c2d915da5
seyhan_adana,2025-05-05,15.0,25.1,0.0,4.35,open_meteo_era5_seyhan_adana_2024_2025_290c2d915da5
seyhan_adana,2025-05-06,16.1,25.5,1.0,3.81,open_meteo_era5_seyhan_adana_2024_2025_290c2d915da5
seyhan_adana,2025-05-07,16.9,27.1,0.0,4.92,open_meteo_era5_seyhan_adana_2024_2025_290c2d915da5
seyhan_adana,2025-05-08,16.1,29.1,0.0,4.57,open_meteo_era5_seyhan_adana_2024_2025_290c2d915da5
seyhan_adana,2025-05-09,16.4,31.3,0.0,5.35,open_meteo_era5_seyhan_adana_2024_2025_290c2d915da5
seyhan_adana,2025-05-10,16.7,34.1,0.0,5.89,open_meteo_era5_seyhan_adana_2024_2025_290c2d915da5
seyhan_adana,2025-05-11,17.6,31.5,0.0,5.39,open_meteo_era5_seyhan_adana_2024_2025_290c2d915da5
seyhan_adana,2025-05-12,17.9,32.9,0.5,6.12,open_meteo_era5_seyhan_adana_2024_2025_290c2d915da5
seyhan_adana,2025-05-13,16.2,24.6,14.0,3.44,open_meteo_era5_seyhan_adana_2024_2025_290c2d915da5
seyhan_adana,2025-05-14,15.0,25.3,0.3,4.48,open_meteo_era5_seyhan_adana_2024_2025_290c2d915da5
seyhan_adana,2025-05-15,16.4,24.8,0.9,4.43,open_meteo_era5_seyhan_adana_2024_2025_290c2d915da5
seyhan_adana,2025-05-16,16.7,28.5,0.0,5.24,open_meteo_era5_seyhan_adana_2024_2025_290c2d915da5
seyhan_adana,2025-05-17,18.2,33.8,0.0,6.75,open_meteo_era5_seyhan_adana_2024_2025_290c2d915da5
seyhan_adana,2025-05-18,19.2,29.3,0.0,5.83,open_meteo_era5_seyhan_adana_2024_2025_290c2d915da5
seyhan_adana,2025-05-19,18.4,27.3,0.0,5.19,open_meteo_era5_seyhan_adana_2024_2025_290c2d915da5
seyhan_adana,2025-05-20,17.5,26.8,0.1,4.59,open_meteo_era5_seyhan_adana_2024_2025_290c2d915da5
seyhan_adana,2025-05-21,17.9,31.3,0.0,5.9,open_meteo_era5_seyhan_adana_2024_2025_290c2d915da5
seyhan_adana,2025-05-22,16.3,34.6,0.0,6.17,open_meteo_era5_seyhan_adana_2024_2025_290c2d915da5
seyhan_adana,2025-05-23,18.5,32.5,0.0,6.14,open_meteo_era5_seyhan_adana_2024_2025_290c2d915da5
seyhan_adana,2025-05-24,18.6,31.5,0.0,5.89,open_meteo_era5_seyhan_adana_2024_2025_290c2d915da5
seyhan_adana,2025-05-25,18.9,33.6,0.0,6.14,open_meteo_era5_seyhan_adana_2024_2025_290c2d915da5
seyhan_adana,2025-05-26,19.5,37.0,0.3,6.25,open_meteo_era5_seyhan_adana_2024_2025_290c2d915da5
seyhan_adana,2025-05-27,21.9,29.5,0.7,5.57,open_meteo_era5_seyhan_adana_2024_2025_290c2d915da5
seyhan_adana,2025-05-28,20.5,25.8,2.7,3.48,open_meteo_era5_seyhan_adana_2024_2025_290c2d915da5
seyhan_adana,2025-05-29,16.9,24.7,9.4,3.29,open_meteo_era5_seyhan_adana_2024_2025_290c2d915da5
seyhan_adana,2025-05-30,16.2,24.7,3.3,4.31,open_meteo_era5_seyhan_adana_2024_2025_290c2d915da5
seyhan_adana,2025-05-31,16.7,31.3,0.5,6.46,open_meteo_era5_seyhan_adana_2024_2025_290c2d915da5
seyhan_adana,2025-06-01,18.6,28.5,0.4,5.87,open_meteo_era5_seyhan_adana_2024_2025_290c2d915da5
seyhan_adana,2025-06-02,17.3,27.7,0.2,5.0,open_meteo_era5_seyhan_adana_2024_2025_290c2d915da5
seyhan_adana,2025-06-03,18.7,29.6,1.0,5.6,open_meteo_era5_seyhan_adana_2024_2025_290c2d915da5
seyhan_adana,2025-06-04,19.4,32.7,0.0,6.4,open_meteo_era5_seyhan_adana_2024_2025_290c2d915da5
seyhan_adana,2025-06-05,19.4,33.4,0.0,6.86,open_meteo_era5_seyhan_adana_2024_2025_290c2d915da5
seyhan_adana,2025-06-06,18.5,34.4,0.0,6.84,open_meteo_era5_seyhan_adana_2024_2025_290c2d915da5
seyhan_adana,2025-06-07,19.3,34.5,0.0,6.81,open_meteo_era5_seyhan_adana_2024_2025_290c2d915da5
seyhan_adana,2025-06-08,19.6,33.8,0.0,6.18,open_meteo_era5_seyhan_adana_2024_2025_290c2d915da5
seyhan_adana,2025-06-09,20.6,34.0,0.0,6.1,open_meteo_era5_seyhan_adana_2024_2025_290c2d915da5
seyhan_adana,2025-06-10,21.1,33.8,0.0,6.17,open_meteo_era5_seyhan_adana_2024_2025_290c2d915da5
seyhan_adana,2025-06-11,21.2,37.3,0.0,6.56,open_meteo_era5_seyhan_adana_2024_2025_290c2d915da5
seyhan_adana,2025-06-12,23.1,34.0,0.0,6.21,open_meteo_era5_seyhan_adana_2024_2025_290c2d915da5
seyhan_adana,2025-06-13,23.2,32.5,0.5,5.53,open_meteo_era5_seyhan_adana_2024_2025_290c2d915da5
seyhan_adana,2025-06-14,23.6,32.1,0.0,5.03,open_meteo_era5_seyhan_adana_2024_2025_290c2d915da5
seyhan_adana,2025-06-15,23.5,32.0,0.2,5.48,open_meteo_era5_seyhan_adana_2024_2025_290c2d915da5
seyhan_adana,2025-06-16,22.2,32.4,0.0,6.36,open_meteo_era5_seyhan_adana_2024_2025_290c2d915da5
seyhan_adana,2025-06-17,21.4,33.7,0.0,6.85,open_meteo_era5_seyhan_adana_2024_2025_290c2d915da5
seyhan_adana,2025-06-18,21.5,35.4,0.0,7.47,open_meteo_era5_seyhan_adana_2024_2025_290c2d915da5
seyhan_adana,2025-06-19,20.3,35.5,0.0,7.33,open_meteo_era5_seyhan_adana_2024_2025_290c2d915da5
seyhan_adana,2025-06-20,21.4,34.0,0.0,6.72,open_meteo_era5_seyhan_adana_2024_2025_290c2d915da5
seyhan_adana,2025-06-21,22.4,32.9,0.0,6.23,open_meteo_era5_seyhan_adana_2024_2025_290c2d915da5
seyhan_adana,2025-06-22,23.6,33.4,0.1,5.95,open_meteo_era5_seyhan_adana_2024_2025_290c2d915da5
seyhan_adana,2025-06-23,23.4,35.0,0.0,6.46,open_meteo_era5_seyhan_adana_2024_2025_290c2d915da5
seyhan_adana,2025-06-24,21.8,36.5,0.0,7.3,open_meteo_era5_seyhan_adana_2024_2025_290c2d915da5
seyhan_adana,2025-06-25,21.2,36.1,0.0,7.25,open_meteo_era5_seyhan_adana_2024_2025_290c2d915da5
seyhan_adana,2025-06-26,21.3,35.3,0.0,6.89,open_meteo_era5_seyhan_adana_2024_2025_290c2d915da5
seyhan_adana,2025-06-27,23.8,36.4,0.0,6.87,open_meteo_era5_seyhan_adana_2024_2025_290c2d915da5
seyhan_adana,2025-06-28,23.5,35.1,0.0,6.67,open_meteo_era5_seyhan_adana_2024_2025_290c2d915da5
seyhan_adana,2025-06-29,23.8,35.6,0.0,6.76,open_meteo_era5_seyhan_adana_2024_2025_290c2d915da5
seyhan_adana,2025-06-30,23.8,34.8,0.0,7.72,open_meteo_era5_seyhan_adana_2024_2025_290c2d915da5
seyhan_adana,2025-07-01,21.9,35.2,0.0,7.37,open_meteo_era5_seyhan_adana_2024_2025_290c2d915da5
seyhan_adana,2025-07-02,23.1,34.6,0.0,6.72,open_meteo_era5_seyhan_adana_2024_2025_290c2d915da5
seyhan_adana,2025-07-03,22.9,35.3,0.0,6.92,open_meteo_era5_seyhan_adana_2024_2025_290c2d915da5
seyhan_adana,2025-07-04,22.8,34.8,0.0,7.72,open_meteo_era5_seyhan_adana_2024_2025_290c2d915da5
seyhan_adana,2025-07-05,22.9,34.5,0.0,7.28,open_meteo_era5_seyhan_adana_2024_2025_290c2d915da5
seyhan_adana,2025-07-06,22.5,36.3,0.0,7.53,open_meteo_era5_seyhan_adana_2024_2025_290c2d915da5
seyhan_adana,2025-07-07,23.2,36.0,0.0,7.14,open_meteo_era5_seyhan_adana_2024_2025_290c2d915da5
seyhan_adana,2025-07-08,23.3,34.9,0.0,6.55,open_meteo_era5_seyhan_adana_2024_2025_290c2d915da5
seyhan_adana,2025-07-09,24.6,33.8,0.3,6.31,open_meteo_era5_seyhan_adana_2024_2025_290c2d915da5
seyhan_adana,2025-07-10,24.2,34.1,0.3,6.03,open_meteo_era5_seyhan_adana_2024_2025_290c2d915da5
seyhan_adana,2025-07-11,24.8,34.8,0.0,6.05,open_meteo_era5_seyhan_adana_2024_2025_290c2d915da5
seyhan_adana,2025-07-12,23.9,35.7,0.0,6.69,open_meteo_era5_seyhan_adana_2024_2025_290c2d915da5
seyhan_adana,2025-07-13,24.3,33.9,0.0,6.07,open_meteo_era5_seyhan_adana_2024_2025_290c2d915da5
seyhan_adana,2025-07-14,24.6,33.0,0.1,5.84,open_meteo_era5_seyhan_adana_2024_2025_290c2d915da5
seyhan_adana,2025-07-15,25.5,33.0,0.6,5.49,open_meteo_era5_seyhan_adana_2024_2025_290c2d915da5
seyhan_adana,2025-07-16,24.9,32.3,0.2,4.56,open_meteo_era5_seyhan_adana_2024_2025_290c2d915da5
seyhan_adana,2025-07-17,24.4,35.4,0.3,5.85,open_meteo_era5_seyhan_adana_2024_2025_290c2d915da5
seyhan_adana,2025-07-18,26.1,35.7,0.7,5.42,open_meteo_era5_seyhan_adana_2024_2025_290c2d915da5
seyhan_adana,2025-07-19,25.1,34.3,0.2,5.7,open_meteo_era5_seyhan_adana_2024_2025_290c2d915da5
seyhan_adana,2025-07-20,25.8,34.9,0.4,5.52,open_meteo_era5_seyhan_adana_2024_2025_290c2d915da5
seyhan_adana,2025-07-21,27.1,35.5,0.2,6.26,open_meteo_era5_seyhan_adana_2024_2025_290c2d915da5
seyhan_adana,2025-07-22,26.7,36.6,0.0,6.5,open_meteo_era5_seyhan_adana_2024_2025_290c2d915da5
seyhan_adana,2025-07-23,26.5,36.6,0.0,6.68,open_meteo_era5_seyhan_adana_2024_2025_290c2d915da5
seyhan_adana,2025-07-24,27.1,37.1,0.1,6.72,open_meteo_era5_seyhan_adana_2024_2025_290c2d915da5
seyhan_adana,2025-07-25,27.6,38.7,0.0,6.92,open_meteo_era5_seyhan_adana_2024_2025_290c2d915da5
seyhan_adana,2025-07-26,27.2,37.1,0.0,6.46,open_meteo_era5_seyhan_adana_2024_2025_290c2d915da5
seyhan_adana,2025-07-27,27.3,36.2,0.1,6.12,open_meteo_era5_seyhan_adana_2024_2025_290c2d915da5
seyhan_adana,2025-07-28,26.5,36.5,0.5,5.81,open_meteo_era5_seyhan_adana_2024_2025_290c2d915da5
seyhan_adana,2025-07-29,27.4,34.6,0.3,5.81,open_meteo_era5_seyhan_adana_2024_2025_290c2d915da5
seyhan_adana,2025-07-30,26.8,34.9,0.2,6.08,open_meteo_era5_seyhan_adana_2024_2025_290c2d915da5
seyhan_adana,2025-07-31,26.3,34.1,1.0,5.47,open_meteo_era5_seyhan_adana_2024_2025_290c2d915da5
seyhan_adana,2025-08-01,26.1,31.4,1.9,4.02,open_meteo_era5_seyhan_adana_2024_2025_290c2d915da5
seyhan_adana,2025-08-02,26.2,33.1,1.2,3.78,open_meteo_era5_seyhan_adana_2024_2025_290c2d915da5
seyhan_adana,2025-08-03,25.3,34.6,0.4,5.92,open_meteo_era5_seyhan_adana_2024_2025_290c2d915da5
seyhan_adana,2025-08-04,25.0,33.9,0.0,5.6,open_meteo_era5_seyhan_adana_2024_2025_290c2d915da5
seyhan_adana,2025-08-05,25.6,34.6,0.4,5.48,open_meteo_era5_seyhan_adana_2024_2025_290c2d915da5
seyhan_adana,2025-08-06,26.4,34.7,0.4,5.32,open_meteo_era5_seyhan_adana_2024_2025_290c2d915da5
seyhan_adana,2025-08-07,26.8,35.0,0.3,5.36,open_meteo_era5_seyhan_adana_2024_2025_290c2d915da5
seyhan_adana,2025-08-08,26.0,37.1,0.0,6.06,open_meteo_era5_seyhan_adana_2024_2025_290c2d915da5
seyhan_adana,2025-08-09,25.8,45.4,0.0,7.16,open_meteo_era5_seyhan_adana_2024_2025_290c2d915da5
seyhan_adana,2025-08-10,26.8,40.1,0.0,6.78,open_meteo_era5_seyhan_adana_2024_2025_290c2d915da5
seyhan_adana,2025-08-11,26.4,40.4,0.0,6.75,open_meteo_era5_seyhan_adana_2024_2025_290c2d915da5
seyhan_adana,2025-08-12,24.4,40.9,0.0,7.07,open_meteo_era5_seyhan_adana_2024_2025_290c2d915da5
seyhan_adana,2025-08-13,24.6,41.5,0.0,7.25,open_meteo_era5_seyhan_adana_2024_2025_290c2d915da5
seyhan_adana,2025-08-14,24.5,42.0,0.0,7.63,open_meteo_era5_seyhan_adana_2024_2025_290c2d915da5
seyhan_adana,2025-08-15,25.5,38.0,0.0,6.71,open_meteo_era5_seyhan_adana_2024_2025_290c2d915da5
seyhan_adana,2025-08-16,25.7,35.1,0.0,6.06,open_meteo_era5_seyhan_adana_2024_2025_290c2d915da5
seyhan_adana,2025-08-17,24.7,35.0,0.0,5.96,open_meteo_era5_seyhan_adana_2024_2025_290c2d915da5
seyhan_adana,2025-08-18,25.4,34.4,0.1,6.12,open_meteo_era5_seyhan_adana_2024_2025_290c2d915da5
seyhan_adana,2025-08-19,24.3,34.0,0.3,5.73,open_meteo_era5_seyhan_adana_2024_2025_290c2d915da5
seyhan_adana,2025-08-20,26.1,34.5,0.0,4.93,open_meteo_era5_seyhan_adana_2024_2025_290c2d915da5
seyhan_adana,2025-08-21,25.8,36.0,0.0,6.07,open_meteo_era5_seyhan_adana_2024_2025_290c2d915da5
seyhan_adana,2025-08-22,25.7,36.4,0.0,6.09,open_meteo_era5_seyhan_adana_2024_2025_290c2d915da5
seyhan_adana,2025-08-23,25.3,36.3,0.2,5.83,open_meteo_era5_seyhan_adana_2024_2025_290c2d915da5
seyhan_adana,2025-08-24,25.9,35.3,0.6,5.54,open_meteo_era5_seyhan_adana_2024_2025_290c2d915da5
seyhan_adana,2025-08-25,26.8,35.3,0.0,5.61,open_meteo_era5_seyhan_adana_2024_2025_290c2d915da5
seyhan_adana,2025-08-26,26.6,34.8,0.3,5.25,open_meteo_era5_seyhan_adana_2024_2025_290c2d915da5
seyhan_adana,2025-08-27,25.0,35.7,0.0,5.78,open_meteo_era5_seyhan_adana_2024_2025_290c2d915da5
seyhan_adana,2025-08-28,26.4,35.5,0.1,5.83,open_meteo_era5_seyhan_adana_2024_2025_290c2d915da5
seyhan_adana,2025-08-29,25.7,33.4,0.5,4.9,open_meteo_era5_seyhan_adana_2024_2025_290c2d915da5
seyhan_adana,2025-08-30,25.6,33.0,2.2,4.78,open_meteo_era5_seyhan_adana_2024_2025_290c2d915da5
seyhan_adana,2025-08-31,25.0,33.0,0.7,4.2,open_meteo_era5_seyhan_adana_2024_2025_290c2d915da5
seyhan_adana,2025-09-01,25.2,33.9,0.0,5.01,open_meteo_era5_seyhan_adana_2024_2025_290c2d915da5
seyhan_adana,2025-09-02,24.9,33.9,0.2,5.32,open_meteo_era5_seyhan_adana_2024_2025_290c2d915da5
seyhan_adana,2025-09-03,26.5,34.1,0.2,5.28,open_meteo_era5_seyhan_adana_2024_2025_290c2d915da5
seyhan_adana,2025-09-04,25.4,34.4,0.3,4.89,open_meteo_era5_seyhan_adana_2024_2025_290c2d915da5
seyhan_adana,2025-09-05,25.0,33.6,0.6,4.77,open_meteo_era5_seyhan_adana_2024_2025_290c2d915da5
seyhan_adana,2025-09-06,25.1,34.3,0.0,5.1,open_meteo_era5_seyhan_adana_2024_2025_290c2d915da5
seyhan_adana,2025-09-07,23.0,33.5,0.0,5.36,open_meteo_era5_seyhan_adana_2024_2025_290c2d915da5
seyhan_adana,2025-09-08,23.9,32.3,0.4,4.52,open_meteo_era5_seyhan_adana_2024_2025_290c2d915da5
seyhan_adana,2025-09-09,21.9,33.2,0.0,4.98,open_meteo_era5_seyhan_adana_2024_2025_290c2d915da5
seyhan_adana,2025-09-10,21.9,34.8,0.0,5.42,open_meteo_era5_seyhan_adana_2024_2025_290c2d915da5
seyhan_adana,2025-09-11,21.9,35.0,0.0,5.2,open_meteo_era5_seyhan_adana_2024_2025_290c2d915da5
seyhan_adana,2025-09-12,21.6,36.1,0.0,5.65,open_meteo_era5_seyhan_adana_2024_2025_290c2d915da5
seyhan_adana,2025-09-13,21.5,35.7,0.0,5.39,open_meteo_era5_seyhan_adana_2024_2025_290c2d915da5
seyhan_adana,2025-09-14,23.4,34.9,0.0,5.29,open_meteo_era5_seyhan_adana_2024_2025_290c2d915da5
seyhan_adana,2025-09-15,23.0,34.5,0.0,4.78,open_meteo_era5_seyhan_adana_2024_2025_290c2d915da5
seyhan_adana,2025-09-16,23.9,34.8,0.0,4.9,open_meteo_era5_seyhan_adana_2024_2025_290c2d915da5
seyhan_adana,2025-09-17,22.7,36.0,0.0,5.13,open_meteo_era5_seyhan_adana_2024_2025_290c2d915da5
seyhan_adana,2025-09-18,24.5,32.5,1.7,4.45,open_meteo_era5_seyhan_adana_2024_2025_290c2d915da5
seyhan_adana,2025-09-19,21.8,32.0,0.0,6.61,open_meteo_era5_seyhan_adana_2024_2025_290c2d915da5
seyhan_adana,2025-09-20,20.0,33.6,0.0,6.1,open_meteo_era5_seyhan_adana_2024_2025_290c2d915da5
seyhan_adana,2025-09-21,20.2,35.1,0.0,6.38,open_meteo_era5_seyhan_adana_2024_2025_290c2d915da5
seyhan_adana,2025-09-22,18.1,34.0,0.0,5.79,open_meteo_era5_seyhan_adana_2024_2025_290c2d915da5
seyhan_adana,2025-09-23,17.3,35.8,0.0,5.7,open_meteo_era5_seyhan_adana_2024_2025_290c2d915da5
seyhan_adana,2025-09-24,17.3,37.4,0.0,5.57,open_meteo_era5_seyhan_adana_2024_2025_290c2d915da5
seyhan_adana,2025-09-25,20.0,34.1,0.0,4.91,open_meteo_era5_seyhan_adana_2024_2025_290c2d915da5
seyhan_adana,2025-09-26,21.4,33.0,0.0,4.58,open_meteo_era5_seyhan_adana_2024_2025_290c2d915da5
seyhan_adana,2025-09-27,20.1,32.5,0.0,4.68,open_meteo_era5_seyhan_adana_2024_2025_290c2d915da5
seyhan_adana,2025-09-28,20.6,32.6,0.1,4.48,open_meteo_era5_seyhan_adana_2024_2025_290c2d915da5
seyhan_adana,2025-09-29,20.2,30.9,1.5,4.21,open_meteo_era5_seyhan_adana_2024_2025_290c2d915da5
seyhan_adana,2025-09-30,21.1,29.8,3.3,3.27,open_meteo_era5_seyhan_adana_2024_2025_290c2d915da5
seyhan_adana,2025-10-01,19.5,31.7,0.0,4.45,open_meteo_era5_seyhan_adana_2024_2025_290c2d915da5
seyhan_adana,2025-10-02,19.4,31.5,0.0,4.5,open_meteo_era5_seyhan_adana_2024_2025_290c2d915da5
seyhan_adana,2025-10-03,19.1,31.5,0.0,4.27,open_meteo_era5_seyhan_adana_2024_2025_290c2d915da5
seyhan_adana,2025-10-04,22.5,33.6,0.0,4.88,open_meteo_era5_seyhan_adana_2024_2025_290c2d915da5
seyhan_adana,2025-10-05,19.8,31.6,0.0,4.1,open_meteo_era5_seyhan_adana_2024_2025_290c2d915da5
seyhan_adana,2025-10-06,18.4,29.5,0.0,4.13,open_meteo_era5_seyhan_adana_2024_2025_290c2d915da5
seyhan_adana,2025-10-07,17.3,28.9,0.0,3.87,open_meteo_era5_seyhan_adana_2024_2025_290c2d915da5
seyhan_adana,2025-10-08,18.6,26.3,6.5,2.71,open_meteo_era5_seyhan_adana_2024_2025_290c2d915da5
seyhan_adana,2025-10-09,16.2,23.7,6.2,2.41,open_meteo_era5_seyhan_adana_2024_2025_290c2d915da5
seyhan_adana,2025-10-10,15.6,26.9,0.0,3.52,open_meteo_era5_seyhan_adana_2024_2025_290c2d915da5
seyhan_adana,2025-10-11,13.9,27.6,0.0,3.78,open_meteo_era5_seyhan_adana_2024_2025_290c2d915da5
seyhan_adana,2025-10-12,14.4,24.0,0.2,3.33,open_meteo_era5_seyhan_adana_2024_2025_290c2d915da5
seyhan_adana,2025-10-13,11.8,25.0,0.0,3.66,open_meteo_era5_seyhan_adana_2024_2025_290c2d915da5
seyhan_adana,2025-10-14,11.0,26.8,0.0,3.59,open_meteo_era5_seyhan_adana_2024_2025_290c2d915da5
seyhan_adana,2025-10-15,11.2,28.3,0.0,3.47,open_meteo_era5_seyhan_adana_2024_2025_290c2d915da5
seyhan_adana,2025-10-16,11.9,28.9,0.0,3.6,open_meteo_era5_seyhan_adana_2024_2025_290c2d915da5
seyhan_adana,2025-10-17,12.6,30.2,0.0,3.67,open_meteo_era5_seyhan_adana_2024_2025_290c2d915da5
seyhan_adana,2025-10-18,13.5,29.1,0.0,3.62,open_meteo_era5_seyhan_adana_2024_2025_290c2d915da5
seyhan_adana,2025-10-19,16.3,27.8,0.0,3.3,open_meteo_era5_seyhan_adana_2024_2025_290c2d915da5
seyhan_adana,2025-10-20,18.2,28.0,0.3,3.2,open_meteo_era5_seyhan_adana_2024_2025_290c2d915da5
seyhan_adana,2025-10-21,18.0,27.6,0.3,2.7,open_meteo_era5_seyhan_adana_2024_2025_290c2d915da5
seyhan_adana,2025-10-22,17.4,27.5,0.1,2.98,open_meteo_era5_seyhan_adana_2024_2025_290c2d915da5
seyhan_adana,2025-10-23,16.6,29.4,0.0,3.22,open_meteo_era5_seyhan_adana_2024_2025_290c2d915da5
seyhan_adana,2025-10-24,17.2,31.3,0.0,3.83,open_meteo_era5_seyhan_adana_2024_2025_290c2d915da5
seyhan_adana,2025-10-25,18.7,28.1,0.5,3.03,open_meteo_era5_seyhan_adana_2024_2025_290c2d915da5
seyhan_adana,2025-10-26,18.3,27.8,0.1,2.75,open_meteo_era5_seyhan_adana_2024_2025_290c2d915da5
seyhan_adana,2025-10-27,17.2,27.1,0.0,2.68,open_meteo_era5_seyhan_adana_2024_2025_290c2d915da5
seyhan_adana,2025-10-28,15.8,28.7,0.0,3.08,open_meteo_era5_seyhan_adana_2024_2025_290c2d915da5
seyhan_adana,2025-10-29,16.0,28.5,0.0,2.98,open_meteo_era5_seyhan_adana_2024_2025_290c2d915da5
seyhan_adana,2025-10-30,13.2,29.0,0.0,3.57,open_meteo_era5_seyhan_adana_2024_2025_290c2d915da5
seyhan_adana,2025-10-31,11.3,29.7,0.0,3.4,open_meteo_era5_seyhan_adana_2024_2025_290c2d915da5
seyhan_adana,2025-11-01,9.8,28.6,0.0,3.15,open_meteo_era5_seyhan_adana_2024_2025_290c2d915da5
seyhan_adana,2025-11-02,10.3,29.8,0.0,3.19,open_meteo_era5_seyhan_adana_2024_2025_290c2d915da5
seyhan_adana,2025-11-03,12.8,31.5,0.0,3.65,open_meteo_era5_seyhan_adana_2024_2025_290c2d915da5
seyhan_adana,2025-11-04,16.0,30.3,0.1,3.88,open_meteo_era5_seyhan_adana_2024_2025_290c2d915da5
seyhan_adana,2025-11-05,14.1,31.3,0.0,3.8,open_meteo_era5_seyhan_adana_2024_2025_290c2d915da5
seyhan_adana,2025-11-06,19.4,30.3,0.0,4.83,open_meteo_era5_seyhan_adana_2024_2025_290c2d915da5
seyhan_adana,2025-11-07,17.4,30.0,1.7,3.38,open_meteo_era5_seyhan_adana_2024_2025_290c2d915da5
seyhan_adana,2025-11-08,13.8,28.4,3.6,2.79,open_meteo_era5_seyhan_adana_2024_2025_290c2d915da5
seyhan_adana,2025-11-09,13.7,29.1,0.0,3.1,open_meteo_era5_seyhan_adana_2024_2025_290c2d915da5
seyhan_adana,2025-11-10,14.6,29.8,0.0,3.1,open_meteo_era5_seyhan_adana_2024_2025_290c2d915da5
seyhan_adana,2025-11-11,16.5,26.9,5.9,2.7,open_meteo_era5_seyhan_adana_2024_2025_290c2d915da5
seyhan_adana,2025-11-12,15.7,25.3,0.0,2.35,open_meteo_era5_seyhan_adana_2024_2025_290c2d915da5
seyhan_adana,2025-11-13,14.5,25.4,6.2,2.5,open_meteo_era5_seyhan_adana_2024_2025_290c2d915da5
seyhan_adana,2025-11-14,12.0,21.6,0.7,2.14,open_meteo_era5_seyhan_adana_2024_2025_290c2d915da5
seyhan_adana,2025-11-15,9.8,19.8,0.0,2.16,open_meteo_era5_seyhan_adana_2024_2025_290c2d915da5
seyhan_adana,2025-11-16,9.0,20.7,0.0,2.22,open_meteo_era5_seyhan_adana_2024_2025_290c2d915da5
seyhan_adana,2025-11-17,11.6,22.3,0.0,2.39,open_meteo_era5_seyhan_adana_2024_2025_290c2d915da5
seyhan_adana,2025-11-18,10.8,23.3,0.0,2.79,open_meteo_era5_seyhan_adana_2024_2025_290c2d915da5
seyhan_adana,2025-11-19,9.8,24.1,0.0,2.93,open_meteo_era5_seyhan_adana_2024_2025_290c2d915da5
seyhan_adana,2025-11-20,11.8,25.5,0.0,3.31,open_meteo_era5_seyhan_adana_2024_2025_290c2d915da5
seyhan_adana,2025-11-21,13.2,27.4,0.0,3.43,open_meteo_era5_seyhan_adana_2024_2025_290c2d915da5
seyhan_adana,2025-11-22,14.4,29.1,0.0,3.54,open_meteo_era5_seyhan_adana_2024_2025_290c2d915da5
seyhan_adana,2025-11-23,13.4,28.5,0.0,3.15,open_meteo_era5_seyhan_adana_2024_2025_290c2d915da5
seyhan_adana,2025-11-24,14.9,25.4,0.0,3.61,open_meteo_era5_seyhan_adana_2024_2025_290c2d915da5
seyhan_adana,2025-11-25,13.6,19.3,0.6,2.42,open_meteo_era5_seyhan_adana_2024_2025_290c2d915da5
seyhan_adana,2025-11-26,10.9,22.4,0.0,2.19,open_meteo_era5_seyhan_adana_2024_2025_290c2d915da5
seyhan_adana,2025-11-27,10.3,23.2,0.0,2.33,open_meteo_era5_seyhan_adana_2024_2025_290c2d915da5
seyhan_adana,2025-11-28,10.0,23.4,0.0,3.0,open_meteo_era5_seyhan_adana_2024_2025_290c2d915da5
seyhan_adana,2025-11-29,12.4,24.5,0.0,3.4,open_meteo_era5_seyhan_adana_2024_2025_290c2d915da5
seyhan_adana,2025-11-30,11.6,17.9,12.0,1.51,open_meteo_era5_seyhan_adana_2024_2025_290c2d915da5
seyhan_adana,2025-12-01,10.4,19.2,0.0,1.51,open_meteo_era5_seyhan_adana_2024_2025_290c2d915da5
seyhan_adana,2025-12-02,8.9,20.9,0.0,2.03,open_meteo_era5_seyhan_adana_2024_2025_290c2d915da5
seyhan_adana,2025-12-03,7.9,20.1,0.0,2.23,open_meteo_era5_seyhan_adana_2024_2025_290c2d915da5
seyhan_adana,2025-12-04,10.9,19.8,0.2,2.65,open_meteo_era5_seyhan_adana_2024_2025_290c2d915da5
seyhan_adana,2025-12-05,13.0,21.3,0.5,3.37,open_meteo_era5_seyhan_adana_2024_2025_290c2d915da5
seyhan_adana,2025-12-06,12.8,20.0,13.8,2.71,open_meteo_era5_seyhan_adana_2024_2025_290c2d915da5
seyhan_adana,2025-12-07,12.4,15.2,35.2,0.88,open_meteo_era5_seyhan_adana_2024_2025_290c2d915da5
seyhan_adana,2025-12-08,13.0,14.4,30.5,0.62,open_meteo_era5_seyhan_adana_2024_2025_290c2d915da5
seyhan_adana,2025-12-09,11.0,17.3,8.6,1.16,open_meteo_era5_seyhan_adana_2024_2025_290c2d915da5
seyhan_adana,2025-12-10,9.4,18.9,0.0,1.63,open_meteo_era5_seyhan_adana_2024_2025_290c2d915da5
seyhan_adana,2025-12-11,9.1,16.4,1.9,1.15,open_meteo_era5_seyhan_adana_2024_2025_290c2d915da5
seyhan_adana,2025-12-12,7.4,17.5,0.0,1.71,open_meteo_era5_seyhan_adana_2024_2025_290c2d915da5
seyhan_adana,2025-12-13,5.8,17.5,0.0,1.69,open_meteo_era5_seyhan_adana_2024_2025_290c2d915da5
seyhan_adana,2025-12-14,6.6,17.4,0.0,1.69,open_meteo_era5_seyhan_adana_2024_2025_290c2d915da5
seyhan_adana,2025-12-15,8.0,16.7,0.0,2.02,open_meteo_era5_seyhan_adana_2024_2025_290c2d915da5
seyhan_adana,2025-12-16,6.5,15.5,0.0,1.9,open_meteo_era5_seyhan_adana_2024_2025_290c2d915da5
seyhan_adana,2025-12-17,6.3,19.0,0.0,2.26,open_meteo_era5_seyhan_adana_2024_2025_290c2d915da5
seyhan_adana,2025-12-18,3.7,17.9,0.0,1.77,open_meteo_era5_seyhan_adana_2024_2025_290c2d915da5
seyhan_adana,2025-12-19,4.4,17.5,0.0,1.51,open_meteo_era5_seyhan_adana_2024_2025_290c2d915da5
seyhan_adana,2025-12-20,5.8,17.3,0.0,1.28,open_meteo_era5_seyhan_adana_2024_2025_290c2d915da5
seyhan_adana,2025-12-21,7.5,17.9,0.0,2.32,open_meteo_era5_seyhan_adana_2024_2025_290c2d915da5
seyhan_adana,2025-12-22,10.0,16.6,0.0,2.75,open_meteo_era5_seyhan_adana_2024_2025_290c2d915da5
seyhan_adana,2025-12-23,10.8,17.7,0.0,2.41,open_meteo_era5_seyhan_adana_2024_2025_290c2d915da5
seyhan_adana,2025-12-24,7.8,17.7,0.0,1.54,open_meteo_era5_seyhan_adana_2024_2025_290c2d915da5
seyhan_adana,2025-12-25,7.3,17.9,0.0,1.64,open_meteo_era5_seyhan_adana_2024_2025_290c2d915da5
seyhan_adana,2025-12-26,8.0,17.2,2.0,1.34,open_meteo_era5_seyhan_adana_2024_2025_290c2d915da5
seyhan_adana,2025-12-27,5.8,15.1,0.3,1.9,open_meteo_era5_seyhan_adana_2024_2025_290c2d915da5
seyhan_adana,2025-12-28,3.4,11.4,0.0,1.86,open_meteo_era5_seyhan_adana_2024_2025_290c2d915da5
seyhan_adana,2025-12-29,5.0,12.2,0.0,2.34,open_meteo_era5_seyhan_adana_2024_2025_290c2d915da5
seyhan_adana,2025-12-30,0.7,10.2,0.4,1.82,open_meteo_era5_seyhan_adana_2024_2025_290c2d915da5
seyhan_adana,2025-12-31,4.6,6.5,12.8,0.6,open_meteo_era5_seyhan_adana_2024_2025_290c2d915da5
gediz_manisa,2024-01-01,8.3,13.1,4.3,0.56,open_meteo_era5_gediz_manisa_2024_2025_87047bb5b8e5
gediz_manisa,2024-01-02,7.5,13.2,4.7,0.62,open_meteo_era5_gediz_manisa_2024_2025_87047bb5b8e5
gediz_manisa,2024-01-03,7.1,16.1,0.6,0.99,open_meteo_era5_gediz_manisa_2024_2025_87047bb5b8e5
gediz_manisa,2024-01-04,9.0,17.5,0.8,1.23,open_meteo_era5_gediz_manisa_2024_2025_87047bb5b8e5
gediz_manisa,2024-01-05,7.5,18.3,0.0,1.24,open_meteo_era5_gediz_manisa_2024_2025_87047bb5b8e5
gediz_manisa,2024-01-06,5.1,16.3,1.0,1.44,open_meteo_era5_gediz_manisa_2024_2025_87047bb5b8e5
gediz_manisa,2024-01-07,12.7,15.5,34.9,1.17,open_meteo_era5_gediz_manisa_2024_2025_87047bb5b8e5
gediz_manisa,2024-01-08,10.8,14.7,15.7,1.1,open_meteo_era5_gediz_manisa_2024_2025_87047bb5b8e5
gediz_manisa,2024-01-09,4.0,10.8,11.5,0.54,open_meteo_era5_gediz_manisa_2024_2025_87047bb5b8e5
gediz_manisa,2024-01-10,2.0,7.0,0.6,0.89,open_meteo_era5_gediz_manisa_2024_2025_87047bb5b8e5
gediz_manisa,2024-01-11,0.8,7.9,0.0,1.07,open_meteo_era5_gediz_manisa_2024_2025_87047bb5b8e5
gediz_manisa,2024-01-12,1.1,7.8,0.0,1.16,open_meteo_era5_gediz_manisa_2024_2025_87047bb5b8e5
gediz_manisa,2024-01-13,-1.4,6.8,0.0,1.33,open_meteo_era5_gediz_manisa_2024_2025_87047bb5b8e5
gediz_manisa,2024-01-14,-3.2,7.7,0.0,1.18,open_meteo_era5_gediz_manisa_2024_2025_87047bb5b8e5
gediz_manisa,2024-01-15,-0.6,10.6,6.7,0.96,open_meteo_era5_gediz_manisa_2024_2025_87047bb5b8e5
gediz_manisa,2024-01-16,7.6,15.1,27.3,0.59,open_meteo_era5_gediz_manisa_2024_2025_87047bb5b8e5
gediz_manisa,2024-01-17,6.3,15.2,0.1,1.11,open_meteo_era5_gediz_manisa_2024_2025_87047bb5b8e5
gediz_manisa,2024-01-18,7.0,15.1,1.6,0.7,open_meteo_era5_gediz_manisa_2024_2025_87047bb5b8e5
gediz_manisa,2024-01-19,12.5,18.3,4.7,1.13,open_meteo_era5_gediz_manisa_2024_2025_87047bb5b8e5
gediz_manisa,2024-01-20,8.4,16.6,3.2,0.78,open_meteo_era5_gediz_manisa_2024_2025_87047bb5b8e5
gediz_manisa,2024-01-21,4.6,7.6,6.0,0.79,open_meteo_era5_gediz_manisa_2024_2025_87047bb5b8e5
gediz_manisa,2024-01-22,1.8,9.6,0.0,1.84,open_meteo_era5_gediz_manisa_2024_2025_87047bb5b8e5
gediz_manisa,2024-01-23,-0.4,9.6,0.0,1.45,open_meteo_era5_gediz_manisa_2024_2025_87047bb5b8e5
gediz_manisa,2024-01-24,0.1,9.7,0.0,1.4,open_meteo_era5_gediz_manisa_2024_2025_87047bb5b8e5
gediz_manisa,2024-01-25,-1.1,10.0,0.7,1.28,open_meteo_era5_gediz_manisa_2024_2025_87047bb5b8e5
gediz_manisa,2024-01-26,0.6,10.8,0.0,1.43,open_meteo_era5_gediz_manisa_2024_2025_87047bb5b8e5
gediz_manisa,2024-01-27,-0.3,10.1,0.9,1.32,open_meteo_era5_gediz_manisa_2024_2025_87047bb5b8e5
gediz_manisa,2024-01-28,0.9,8.7,0.0,1.5,open_meteo_era5_gediz_manisa_2024_2025_87047bb5b8e5
gediz_manisa,2024-01-29,-0.2,6.6,0.5,1.39,open_meteo_era5_gediz_manisa_2024_2025_87047bb5b8e5
gediz_manisa,2024-01-30,2.1,8.2,0.4,1.51,open_meteo_era5_gediz_manisa_2024_2025_87047bb5b8e5
gediz_manisa,2024-01-31,1.0,10.3,0.0,1.75,open_meteo_era5_gediz_manisa_2024_2025_87047bb5b8e5
gediz_manisa,2024-02-01,0.2,10.7,0.0,1.52,open_meteo_era5_gediz_manisa_2024_2025_87047bb5b8e5
gediz_manisa,2024-02-02,-1.9,11.0,0.0,1.59,open_meteo_era5_gediz_manisa_2024_2025_87047bb5b8e5
gediz_manisa,2024-02-03,-1.0,10.9,0.0,1.61,open_meteo_era5_gediz_manisa_2024_2025_87047bb5b8e5
gediz_manisa,2024-02-04,-1.8,11.9,0.0,1.5,open_meteo_era5_gediz_manisa_2024_2025_87047bb5b8e5
gediz_manisa,2024-02-05,0.3,16.1,0.0,1.7,open_meteo_era5_gediz_manisa_2024_2025_87047bb5b8e5
gediz_manisa,2024-02-06,2.9,19.1,0.0,1.99,open_meteo_era5_gediz_manisa_2024_2025_87047bb5b8e5
gediz_manisa,2024-02-07,5.9,18.0,0.3,1.39,open_meteo_era5_gediz_manisa_2024_2025_87047bb5b8e5
gediz_manisa,2024-02-08,9.2,18.2,1.7,1.75,open_meteo_era5_gediz_manisa_2024_2025_87047bb5b8e5
gediz_manisa,2024-02-09,6.9,17.3,0.0,1.65,open_meteo_era5_gediz_manisa_2024_2025_87047bb5b8e5
gediz_manisa,2024-02-10,7.0,17.5,0.3,1.69,open_meteo_era5_gediz_manisa_2024_2025_87047bb5b8e5
gediz_manisa,2024-02-11,10.4,17.6,0.1,2.17,open_meteo_era5_gediz_manisa_2024_2025_87047bb5b8e5
gediz_manisa,2024-02-12,8.0,17.5,19.8,1.79,open_meteo_era5_gediz_manisa_2024_2025_87047bb5b8e5
gediz_manisa,2024-02-13,7.2,15.0,1.9,1.77,open_meteo_era5_gediz_manisa_2024_2025_87047bb5b8e5
gediz_manisa,2024-02-14,6.0,13.4,0.4,1.67,open_meteo_era5_gediz_manisa_2024_2025_87047bb5b8e5
gediz_manisa,2024-02-15,5.3,10.2,2.7,1.19,open_meteo_era5_gediz_manisa_2024_2025_87047bb5b8e5
gediz_manisa,2024-02-16,4.5,13.0,0.0,1.7,open_meteo_era5_gediz_manisa_2024_2025_87047bb5b8e5
gediz_manisa,2024-02-17,5.3,12.7,0.0,1.88,open_meteo_era5_gediz_manisa_2024_2025_87047bb5b8e5
gediz_manisa,2024-02-18,4.0,13.6,0.0,1.96,open_meteo_era5_gediz_manisa_2024_2025_87047bb5b8e5
gediz_manisa,2024-02-19,3.1,12.4,0.0,1.97,open_meteo_era5_gediz_manisa_2024_2025_87047bb5b8e5
gediz_manisa,2024-02-20,1.3,13.8,0.0,2.08,open_meteo_era5_gediz_manisa_2024_2025_87047bb5b8e5
gediz_manisa,2024-02-21,2.3,13.4,0.0,2.15,open_meteo_era5_gediz_manisa_2024_2025_87047bb5b8e5
gediz_manisa,2024-02-22,3.8,15.4,0.0,2.39,open_meteo_era5_gediz_manisa_2024_2025_87047bb5b8e5
gediz_manisa,2024-02-23,3.3,16.0,0.4,1.4,open_meteo_era5_gediz_manisa_2024_2025_87047bb5b8e5
gediz_manisa,2024-02-24,7.6,19.0,0.2,2.11,open_meteo_era5_gediz_manisa_2024_2025_87047bb5b8e5
gediz_manisa,2024-02-25,5.7,19.6,0.0,2.13,open_meteo_era5_gediz_manisa_2024_2025_87047bb5b8e5
gediz_manisa,2024-02-26,10.0,18.3,0.4,2.14,open_meteo_era5_gediz_manisa_2024_2025_87047bb5b8e5
gediz_manisa,2024-02-27,9.5,19.9,0.0,2.63,open_meteo_era5_gediz_manisa_2024_2025_87047bb5b8e5
gediz_manisa,2024-02-28,7.4,20.2,0.0,2.26,open_meteo_era5_gediz_manisa_2024_2025_87047bb5b8e5
gediz_manisa,2024-02-29,7.5,22.1,0.0,2.9,open_meteo_era5_gediz_manisa_2024_2025_87047bb5b8e5
gediz_manisa,2024-03-01,9.9,19.2,0.1,2.01,open_meteo_era5_gediz_manisa_2024_2025_87047bb5b8e5
gediz_manisa,2024-03-02,6.7,16.0,1.4,2.17,open_meteo_era5_gediz_manisa_2024_2025_87047bb5b8e5
gediz_manisa,2024-03-03,6.5,16.6,0.6,2.07,open_meteo_era5_gediz_manisa_2024_2025_87047bb5b8e5
gediz_manisa,2024-03-04,5.1,19.1,0.0,2.65,open_meteo_era5_gediz_manisa_2024_2025_87047bb5b8e5
gediz_manisa,2024-03-05,7.6,15.7,13.8,1.69,open_meteo_era5_gediz_manisa_2024_2025_87047bb5b8e5
gediz_manisa,2024-03-06,5.2,14.7,0.1,1.97,open_meteo_era5_gediz_manisa_2024_2025_87047bb5b8e5
gediz_manisa,2024-03-07,4.3,16.9,0.2,2.57,open_meteo_era5_gediz_manisa_2024_2025_87047bb5b8e5
gediz_manisa,2024-03-08,4.6,13.9,9.6,1.54,open_meteo_era5_gediz_manisa_2024_2025_87047bb5b8e5
gediz_manisa,2024-03-09,3.1,13.1,0.0,2.42,open_meteo_era5_gediz_manisa_2024_2025_87047bb5b8e5
gediz_manisa,2024-03-10,3.2,16.2,0.0,2.73,open_meteo_era5_gediz_manisa_2024_2025_87047bb5b8e5
gediz_manisa,2024-03-11,5.4,20.2,0.0,3.27,open_meteo_era5_gediz_manisa_2024_2025_87047bb5b8e5
gediz_manisa,2024-03-12,8.8,18.6,9.4,2.32,open_meteo_era5_gediz_manisa_2024_2025_87047bb5b8e5
gediz_manisa,2024-03-13,5.9,14.8,16.6,1.71,open_meteo_era5_gediz_manisa_2024_2025_87047bb5b8e5
gediz_manisa,2024-03-14,4.9,17.2,1.0,2.71,open_meteo_era5_gediz_manisa_2024_2025_87047bb5b8e5
gediz_manisa,2024-03-15,7.3,16.0,3.8,2.32,open_meteo_era5_gediz_manisa_2024_2025_87047bb5b8e5
gediz_manisa,2024-03-16,5.5,16.1,0.0,2.65,open_meteo_era5_gediz_manisa_2024_2025_87047bb5b8e5
gediz_manisa,2024-03-17,5.4,17.0,0.0,2.85,open_meteo_era5_gediz_manisa_2024_2025_87047bb5b8e5
gediz_manisa,2024-03-18,5.3,17.7,0.0,3.39,open_meteo_era5_gediz_manisa_2024_2025_87047bb5b8e5
gediz_manisa,2024-03-19,4.1,17.7,0.0,3.13,open_meteo_era5_gediz_manisa_2024_2025_87047bb5b8e5
gediz_manisa,2024-03-20,3.1,11.3,2.4,1.5,open_meteo_era5_gediz_manisa_2024_2025_87047bb5b8e5
gediz_manisa,2024-03-21,2.3,14.7,0.0,3.05,open_meteo_era5_gediz_manisa_2024_2025_87047bb5b8e5
gediz_manisa,2024-03-22,3.4,12.8,0.2,2.83,open_meteo_era5_gediz_manisa_2024_2025_87047bb5b8e5
gediz_manisa,2024-03-23,2.4,15.8,0.0,3.18,open_meteo_era5_gediz_manisa_2024_2025_87047bb5b8e5
gediz_manisa,2024-03-24,1.7,17.9,0.0,3.51,open_meteo_era5_gediz_manisa_2024_2025_87047bb5b8e5
gediz_manisa,2024-03-25,7.7,17.2,10.5,2.1,open_meteo_era5_gediz_manisa_2024_2025_87047bb5b8e5
gediz_manisa,2024-03-26,4.1,17.8,0.0,2.91,open_meteo_era5_gediz_manisa_2024_2025_87047bb5b8e5
gediz_manisa,2024-03-27,11.5,24.4,0.7,3.98,open_meteo_era5_gediz_manisa_2024_2025_87047bb5b8e5
gediz_manisa,2024-03-28,11.6,23.7,0.1,3.59,open_meteo_era5_gediz_manisa_2024_2025_87047bb5b8e5
gediz_manisa,2024-03-29,10.6,24.5,0.0,3.99,open_meteo_era5_gediz_manisa_2024_2025_87047bb5b8e5
gediz_manisa,2024-03-30,10.5,27.2,0.0,4.29,open_meteo_era5_gediz_manisa_2024_2025_87047bb5b8e5
gediz_manisa,2024-03-31,11.1,27.6,0.0,4.35,open_meteo_era5_gediz_manisa_2024_2025_87047bb5b8e5
gediz_manisa,2024-04-01,11.2,27.5,0.0,4.46,open_meteo_era5_gediz_manisa_2024_2025_87047bb5b8e5
gediz_manisa,2024-04-02,10.9,28.7,0.0,4.61,open_meteo_era5_gediz_manisa_2024_2025_87047bb5b8e5
gediz_manisa,2024-04-03,12.6,24.6,0.0,4.32,open_meteo_era5_gediz_manisa_2024_2025_87047bb5b8e5
gediz_manisa,2024-04-04,11.8,22.9,0.0,4.04,open_meteo_era5_gediz_manisa_2024_2025_87047bb5b8e5
gediz_manisa,2024-04-05,9.9,23.1,0.0,4.44,open_meteo_era5_gediz_manisa_2024_2025_87047bb5b8e5
gediz_manisa,2024-04-06,11.0,22.8,0.0,4.59,open_meteo_era5_gediz_manisa_2024_2025_87047bb5b8e5
gediz_manisa,2024-04-07,10.0,17.2,0.9,2.75,open_meteo_era5_gediz_manisa_2024_2025_87047bb5b8e5
gediz_manisa,2024-04-08,9.2,20.2,0.0,4.25,open_meteo_era5_gediz_manisa_2024_2025_87047bb5b8e5
gediz_manisa,2024-04-09,8.9,22.2,0.0,4.24,open_meteo_era5_gediz_manisa_2024_2025_87047bb5b8e5
gediz_manisa,2024-04-10,9.9,24.2,0.0,4.5,open_meteo_era5_gediz_manisa_2024_2025_87047bb5b8e5
gediz_manisa,2024-04-11,9.6,24.3,0.0,4.41,open_meteo_era5_gediz_manisa_2024_2025_87047bb5b8e5
gediz_manisa,2024-04-12,11.2,25.2,0.0,4.66,open_meteo_era5_gediz_manisa_2024_2025_87047bb5b8e5
gediz_manisa,2024-04-13,12.1,25.7,0.0,5.01,open_meteo_era5_gediz_manisa_2024_2025_87047bb5b8e5
gediz_manisa,2024-04-14,12.1,24.8,0.0,5.28,open_meteo_era5_gediz_manisa_2024_2025_87047bb5b8e5
gediz_manisa,2024-04-15,12.2,27.3,0.0,5.04,open_meteo_era5_gediz_manisa_2024_2025_87047bb5b8e5
gediz_manisa,2024-04-16,11.5,28.1,0.0,5.34,open_meteo_era5_gediz_manisa_2024_2025_87047bb5b8e5
gediz_manisa,2024-04-17,15.4,26.3,0.2,4.94,open_meteo_era5_gediz_manisa_2024_2025_87047bb5b8e5
gediz_manisa,2024-04-18,12.5,23.9,1.6,4.0,open_meteo_era5_gediz_manisa_2024_2025_87047bb5b8e5
gediz_manisa,2024-04-19,11.1,21.7,4.7,3.58,open_meteo_era5_gediz_manisa_2024_2025_87047bb5b8e5
gediz_manisa,2024-04-20,9.5,15.7,18.6,2.52,open_meteo_era5_gediz_manisa_2024_2025_87047bb5b8e5
gediz_manisa,2024-04-21,6.5,20.4,0.1,3.71,open_meteo_era5_gediz_manisa_2024_2025_87047bb5b8e5
gediz_manisa,2024-04-22,12.9,23.7,0.9,3.59,open_meteo_era5_gediz_manisa_2024_2025_87047bb5b8e5
gediz_manisa,2024-04-23,15.3,29.4,0.0,5.46,open_meteo_era5_gediz_manisa_2024_2025_87047bb5b8e5
gediz_manisa,2024-04-24,17.7,27.4,0.0,5.32,open_meteo_era5_gediz_manisa_2024_2025_87047bb5b8e5
gediz_manisa,2024-04-25,14.1,24.0,0.1,4.07,open_meteo_era5_gediz_manisa_2024_2025_87047bb5b8e5
gediz_manisa,2024-04-26,11.4,23.5,0.0,4.15,open_meteo_era5_gediz_manisa_2024_2025_87047bb5b8e5
gediz_manisa,2024-04-27,10.9,25.5,0.0,4.98,open_meteo_era5_gediz_manisa_2024_2025_87047bb5b8e5
gediz_manisa,2024-04-28,11.9,21.9,0.0,4.16,open_meteo_era5_gediz_manisa_2024_2025_87047bb5b8e5
gediz_manisa,2024-04-29,12.3,22.9,0.0,4.42,open_meteo_era5_gediz_manisa_2024_2025_87047bb5b8e5
gediz_manisa,2024-04-30,11.4,24.5,0.0,4.57,open_meteo_era5_gediz_manisa_2024_2025_87047bb5b8e5
gediz_manisa,2024-05-01,13.0,23.5,0.0,4.48,open_meteo_era5_gediz_manisa_2024_2025_87047bb5b8e5
gediz_manisa,2024-05-02,11.5,23.1,0.0,4.55,open_meteo_era5_gediz_manisa_2024_2025_87047bb5b8e5
gediz_manisa,2024-05-03,12.2,24.1,1.2,4.56,open_meteo_era5_gediz_manisa_2024_2025_87047bb5b8e5
gediz_manisa,2024-05-04,10.3,19.7,6.8,3.21,open_meteo_era5_gediz_manisa_2024_2025_87047bb5b8e5
gediz_manisa,2024-05-05,10.4,20.8,0.0,4.43,open_meteo_era5_gediz_manisa_2024_2025_87047bb5b8e5
gediz_manisa,2024-05-06,7.8,23.1,0.0,5.27,open_meteo_era5_gediz_manisa_2024_2025_87047bb5b8e5
gediz_manisa,2024-05-07,8.9,26.3,0.0,5.3,open_meteo_era5_gediz_manisa_2024_2025_87047bb5b8e5
gediz_manisa,2024-05-08,11.6,29.0,0.0,5.49,open_meteo_era5_gediz_manisa_2024_2025_87047bb5b8e5
gediz_manisa,2024-05-09,13.7,24.4,1.2,3.8,open_meteo_era5_gediz_manisa_2024_2025_87047bb5b8e5
gediz_manisa,2024-05-10,13.3,22.1,3.1,3.61,open_meteo_era5_gediz_manisa_2024_2025_87047bb5b8e5
gediz_manisa,2024-05-11,10.8,18.3,1.1,2.71,open_meteo_era5_gediz_manisa_2024_2025_87047bb5b8e5
gediz_manisa,2024-05-12,9.0,22.0,0.0,4.31,open_meteo_era5_gediz_manisa_2024_2025_87047bb5b8e5
gediz_manisa,2024-05-13,10.3,22.6,1.2,4.55,open_meteo_era5_gediz_manisa_2024_2025_87047bb5b8e5
gediz_manisa,2024-05-14,8.2,21.7,0.0,5.06,open_meteo_era5_gediz_manisa_2024_2025_87047bb5b8e5
gediz_manisa,2024-05-15,8.9,24.0,0.0,5.22,open_meteo_era5_gediz_manisa_2024_2025_87047bb5b8e5
gediz_manisa,2024-05-16,11.4,23.0,0.2,3.88,open_meteo_era5_gediz_manisa_2024_2025_87047bb5b8e5
gediz_manisa,2024-05-17,12.4,28.1,0.0,4.61,open_meteo_era5_gediz_manisa_2024_2025_87047bb5b8e5
gediz_manisa,2024-05-18,16.0,29.1,0.0,5.52,open_meteo_era5_gediz_manisa_2024_2025_87047bb5b8e5
gediz_manisa,2024-05-19,18.4,31.6,0.8,4.23,open_meteo_era5_gediz_manisa_2024_2025_87047bb5b8e5
gediz_manisa,2024-05-20,17.0,29.9,0.1,5.72,open_meteo_era5_gediz_manisa_2024_2025_87047bb5b8e5
gediz_manisa,2024-05-21,15.9,31.7,0.0,5.85,open_meteo_era5_gediz_manisa_2024_2025_87047bb5b8e5
gediz_manisa,2024-05-22,19.2,31.7,1.2,5.69,open_meteo_era5_gediz_manisa_2024_2025_87047bb5b8e5
gediz_manisa,2024-05-23,15.7,24.7,4.7,4.26,open_meteo_era5_gediz_manisa_2024_2025_87047bb5b8e5
gediz_manisa,2024-05-24,15.3,25.6,0.0,4.7,open_meteo_era5_gediz_manisa_2024_2025_87047bb5b8e5
gediz_manisa,2024-05-25,15.1,27.4,0.0,5.89,open_meteo_era5_gediz_manisa_2024_2025_87047bb5b8e5
gediz_manisa,2024-05-26,15.3,25.9,10.6,3.63,open_meteo_era5_gediz_manisa_2024_2025_87047bb5b8e5
gediz_manisa,2024-05-27,13.9,25.0,0.0,5.35,open_meteo_era5_gediz_manisa_2024_2025_87047bb5b8e5
gediz_manisa,2024-05-28,12.6,25.4,0.0,5.78,open_meteo_era5_gediz_manisa_2024_2025_87047bb5b8e5
gediz_manisa,2024-05-29,13.4,26.8,0.2,5.33,open_meteo_era5_gediz_manisa_2024_2025_87047bb5b8e5
gediz_manisa,2024-05-30,13.9,27.5,2.6,4.83,open_meteo_era5_gediz_manisa_2024_2025_87047bb5b8e5
gediz_manisa,2024-05-31,12.4,28.8,0.0,5.76,open_meteo_era5_gediz_manisa_2024_2025_87047bb5b8e5
gediz_manisa,2024-06-01,14.8,32.2,0.0,6.21,open_meteo_era5_gediz_manisa_2024_2025_87047bb5b8e5
gediz_manisa,2024-06-02,17.0,33.4,0.1,6.06,open_meteo_era5_gediz_manisa_2024_2025_87047bb5b8e5
gediz_manisa,2024-06-03,20.5,36.0,0.0,6.54,open_meteo_era5_gediz_manisa_2024_2025_87047bb5b8e5
gediz_manisa,2024-06-04,21.0,36.5,0.4,6.47,open_meteo_era5_gediz_manisa_2024_2025_87047bb5b8e5
gediz_manisa,2024-06-05,19.6,35.8,0.0,6.9,open_meteo_era5_gediz_manisa_2024_2025_87047bb5b8e5
gediz_manisa,2024-06-06,21.8,36.2,0.1,6.66,open_meteo_era5_gediz_manisa_2024_2025_87047bb5b8e5
gediz_manisa,2024-06-07,22.1,34.5,0.2,6.03,open_meteo_era5_gediz_manisa_2024_2025_87047bb5b8e5
gediz_manisa,2024-06-08,19.8,32.2,0.0,6.84,open_meteo_era5_gediz_manisa_2024_2025_87047bb5b8e5
gediz_manisa,2024-06-09,19.0,32.7,0.0,6.83,open_meteo_era5_gediz_manisa_2024_2025_87047bb5b8e5
gediz_manisa,2024-06-10,20.7,35.5,0.0,6.8,open_meteo_era5_gediz_manisa_2024_2025_87047bb5b8e5
gediz_manisa,2024-06-11,21.6,38.0,0.0,7.09,open_meteo_era5_gediz_manisa_2024_2025_87047bb5b8e5
gediz_manisa,2024-06-12,21.2,39.7,0.0,7.32,open_meteo_era5_gediz_manisa_2024_2025_87047bb5b8e5
gediz_manisa,2024-06-13,23.8,40.0,0.2,7.4,open_meteo_era5_gediz_manisa_2024_2025_87047bb5b8e5
gediz_manisa,2024-06-14,22.5,37.1,0.2,7.43,open_meteo_era5_gediz_manisa_2024_2025_87047bb5b8e5
gediz_manisa,2024-06-15,19.2,31.5,0.0,7.17,open_meteo_era5_gediz_manisa_2024_2025_87047bb5b8e5
gediz_manisa,2024-06-16,17.9,33.1,0.0,7.34,open_meteo_era5_gediz_manisa_2024_2025_87047bb5b8e5
gediz_manisa,2024-06-17,19.4,34.6,0.0,7.54,open_meteo_era5_gediz_manisa_2024_2025_87047bb5b8e5
gediz_manisa,2024-06-18,20.4,36.6,0.0,7.78,open_meteo_era5_gediz_manisa_2024_2025_87047bb5b8e5
gediz_manisa,2024-06-19,21.9,36.0,0.0,7.65,open_meteo_era5_gediz_manisa_2024_2025_87047bb5b8e5
gediz_manisa,2024-06-20,21.3,36.1,0.0,7.42,open_meteo_era5_gediz_manisa_2024_2025_87047bb5b8e5
gediz_manisa,2024-06-21,22.5,37.6,0.0,8.46,open_meteo_era5_gediz_manisa_2024_2025_87047bb5b8e5
gediz_manisa,2024-06-22,21.6,34.2,0.0,7.29,open_meteo_era5_gediz_manisa_2024_2025_87047bb5b8e5
gediz_manisa,2024-06-23,19.7,36.9,0.0,6.98,open_meteo_era5_gediz_manisa_2024_2025_87047bb5b8e5
gediz_manisa,2024-06-24,20.4,36.6,0.0,6.81,open_meteo_era5_gediz_manisa_2024_2025_87047bb5b8e5
gediz_manisa,2024-06-25,21.2,33.9,0.0,6.97,open_meteo_era5_gediz_manisa_2024_2025_87047bb5b8e5
gediz_manisa,2024-06-26,21.2,33.9,0.0,7.59,open_meteo_era5_gediz_manisa_2024_2025_87047bb5b8e5
gediz_manisa,2024-06-27,19.8,34.7,0.0,6.96,open_meteo_era5_gediz_manisa_2024_2025_87047bb5b8e5
gediz_manisa,2024-06-28,20.4,33.2,0.0,6.94,open_meteo_era5_gediz_manisa_2024_2025_87047bb5b8e5
gediz_manisa,2024-06-29,21.1,32.5,0.0,7.77,open_meteo_era5_gediz_manisa_2024_2025_87047bb5b8e5
gediz_manisa,2024-06-30,19.8,33.6,0.0,7.78,open_meteo_era5_gediz_manisa_2024_2025_87047bb5b8e5
gediz_manisa,2024-07-01,19.5,33.8,0.0,7.62,open_meteo_era5_gediz_manisa_2024_2025_87047bb5b8e5
gediz_manisa,2024-07-02,19.6,35.8,0.0,6.93,open_meteo_era5_gediz_manisa_2024_2025_87047bb5b8e5
gediz_manisa,2024-07-03,20.8,34.1,0.0,7.21,open_meteo_era5_gediz_manisa_2024_2025_87047bb5b8e5
gediz_manisa,2024-07-04,20.9,31.4,11.3,4.82,open_meteo_era5_gediz_manisa_2024_2025_87047bb5b8e5
gediz_manisa,2024-07-05,20.2,30.8,0.8,6.1,open_meteo_era5_gediz_manisa_2024_2025_87047bb5b8e5
gediz_manisa,2024-07-06,20.3,32.9,0.0,7.37,open_meteo_era5_gediz_manisa_2024_2025_87047bb5b8e5
gediz_manisa,2024-07-07,21.5,34.0,0.0,6.98,open_meteo_era5_gediz_manisa_2024_2025_87047bb5b8e5
gediz_manisa,2024-07-08,22.7,34.5,0.0,7.16,open_meteo_era5_gediz_manisa_2024_2025_87047bb5b8e5
gediz_manisa,2024-07-09,23.7,37.0,0.0,7.82,open_meteo_era5_gediz_manisa_2024_2025_87047bb5b8e5
gediz_manisa,2024-07-10,24.8,37.8,0.0,7.46,open_meteo_era5_gediz_manisa_2024_2025_87047bb5b8e5
gediz_manisa,2024-07-11,23.0,33.9,0.2,6.24,open_meteo_era5_gediz_manisa_2024_2025_87047bb5b8e5
gediz_manisa,2024-07-12,22.2,34.7,2.4,5.93,open_meteo_era5_gediz_manisa_2024_2025_87047bb5b8e5
gediz_manisa,2024-07-13,21.8,34.1,0.1,6.27,open_meteo_era5_gediz_manisa_2024_2025_87047bb5b8e5
gediz_manisa,2024-07-14,23.0,35.3,0.0,7.44,open_meteo_era5_gediz_manisa_2024_2025_87047bb5b8e5
gediz_manisa,2024-07-15,21.3,34.9,0.0,7.76,open_meteo_era5_gediz_manisa_2024_2025_87047bb5b8e5
gediz_manisa,2024-07-16,22.3,35.9,0.0,7.25,open_meteo_era5_gediz_manisa_2024_2025_87047bb5b8e5
gediz_manisa,2024-07-17,23.3,37.1,0.0,7.51,open_meteo_era5_gediz_manisa_2024_2025_87047bb5b8e5
gediz_manisa,2024-07-18,24.8,38.4,0.0,7.83,open_meteo_era5_gediz_manisa_2024_2025_87047bb5b8e5
gediz_manisa,2024-07-19,25.7,39.8,0.0,8.37,open_meteo_era5_gediz_manisa_2024_2025_87047bb5b8e5
gediz_manisa,2024-07-20,25.3,37.6,0.0,6.97,open_meteo_era5_gediz_manisa_2024_2025_87047bb5b8e5
gediz_manisa,2024-07-21,24.5,37.3,0.0,6.33,open_meteo_era5_gediz_manisa_2024_2025_87047bb5b8e5
gediz_manisa,2024-07-22,24.4,39.2,0.0,7.08,open_meteo_era5_gediz_manisa_2024_2025_87047bb5b8e5
gediz_manisa,2024-07-23,24.4,37.0,0.4,7.01,open_meteo_era5_gediz_manisa_2024_2025_87047bb5b8e5
gediz_manisa,2024-07-24,24.2,34.8,0.0,6.77,open_meteo_era5_gediz_manisa_2024_2025_87047bb5b8e5
gediz_manisa,2024-07-25,23.3,34.0,0.0,6.74,open_meteo_era5_gediz_manisa_2024_2025_87047bb5b8e5
gediz_manisa,2024-07-26,22.2,32.8,0.0,6.88,open_meteo_era5_gediz_manisa_2024_2025_87047bb5b8e5
gediz_manisa,2024-07-27,20.5,32.7,0.0,7.5,open_meteo_era5_gediz_manisa_2024_2025_87047bb5b8e5
gediz_manisa,2024-07-28,21.4,36.2,0.0,7.33,open_meteo_era5_gediz_manisa_2024_2025_87047bb5b8e5
gediz_manisa,2024-07-29,23.3,36.6,0.0,7.51,open_meteo_era5_gediz_manisa_2024_2025_87047bb5b8e5
gediz_manisa,2024-07-30,22.5,35.7,0.0,7.95,open_meteo_era5_gediz_manisa_2024_2025_87047bb5b8e5
gediz_manisa,2024-07-31,22.3,35.2,0.0,7.63,open_meteo_era5_gediz_manisa_2024_2025_87047bb5b8e5
gediz_manisa,2024-08-01,21.0,35.3,0.0,6.95,open_meteo_era5_gediz_manisa_2024_2025_87047bb5b8e5
gediz_manisa,2024-08-02,20.0,35.6,0.0,6.66,open_meteo_era5_gediz_manisa_2024_2025_87047bb5b8e5
gediz_manisa,2024-08-03,19.8,36.4,0.0,6.84,open_meteo_era5_gediz_manisa_2024_2025_87047bb5b8e5
gediz_manisa,2024-08-04,21.8,37.2,0.1,6.77,open_meteo_era5_gediz_manisa_2024_2025_87047bb5b8e5
gediz_manisa,2024-08-05,22.9,35.1,0.5,6.33,open_meteo_era5_gediz_manisa_2024_2025_87047bb5b8e5
gediz_manisa,2024-08-06,21.4,35.0,0.0,6.79,open_meteo_era5_gediz_manisa_2024_2025_87047bb5b8e5
gediz_manisa,2024-08-07,21.9,34.8,0.0,7.38,open_meteo_era5_gediz_manisa_2024_2025_87047bb5b8e5
gediz_manisa,2024-08-08,19.4,33.9,0.0,6.54,open_meteo_era5_gediz_manisa_2024_2025_87047bb5b8e5
gediz_manisa,2024-08-09,19.5,34.6,0.0,6.59,open_meteo_era5_gediz_manisa_2024_2025_87047bb5b8e5
gediz_manisa,2024-08-10,20.5,34.1,0.0,6.98,open_meteo_era5_gediz_manisa_2024_2025_87047bb5b8e5
gediz_manisa,2024-08-11,21.8,36.3,0.0,7.37,open_meteo_era5_gediz_manisa_2024_2025_87047bb5b8e5
gediz_manisa,2024-08-12,23.2,36.9,0.0,7.34,open_meteo_era5_gediz_manisa_2024_2025_87047bb5b8e5
gediz_manisa,2024-08-13,22.7,38.3,0.0,7.14,open_meteo_era5_gediz_manisa_2024_2025_87047bb5b8e5
gediz_manisa,2024-08-14,23.2,39.2,0.0,6.57,open_meteo_era5_gediz_manisa_2024_2025_87047bb5b8e5
gediz_manisa,2024-08-15,23.1,38.4,0.0,7.52,open_meteo_era5_gediz_manisa_2024_2025_87047bb5b8e5
gediz_manisa,2024-08-16,21.6,35.8,0.0,7.81,open_meteo_era5_gediz_manisa_2024_2025_87047bb5b8e5
gediz_manisa,2024-08-17,20.3,34.2,0.0,6.98,open_meteo_era5_gediz_manisa_2024_2025_87047bb5b8e5
gediz_manisa,2024-08-18,18.4,34.4,0.0,6.22,open_meteo_era5_gediz_manisa_2024_2025_87047bb5b8e5
gediz_manisa,2024-08-19,19.2,35.8,0.0,6.1,open_meteo_era5_gediz_manisa_2024_2025_87047bb5b8e5
gediz_manisa,2024-08-20,21.5,36.8,0.1,5.58,open_meteo_era5_gediz_manisa_2024_2025_87047bb5b8e5
gediz_manisa,2024-08-21,23.4,33.8,0.5,5.31,open_meteo_era5_gediz_manisa_2024_2025_87047bb5b8e5
gediz_manisa,2024-08-22,21.7,34.8,0.1,6.18,open_meteo_era5_gediz_manisa_2024_2025_87047bb5b8e5
gediz_manisa,2024-08-23,21.8,36.2,0.0,6.75,open_meteo_era5_gediz_manisa_2024_2025_87047bb5b8e5
gediz_manisa,2024-08-24,21.8,35.6,0.0,7.18,open_meteo_era5_gediz_manisa_2024_2025_87047bb5b8e5
gediz_manisa,2024-08-25,20.7,34.0,0.0,6.2,open_meteo_era5_gediz_manisa_2024_2025_87047bb5b8e5
gediz_manisa,2024-08-26,21.7,34.5,2.8,4.69,open_meteo_era5_gediz_manisa_2024_2025_87047bb5b8e5
gediz_manisa,2024-08-27,20.0,33.1,6.1,4.55,open_meteo_era5_gediz_manisa_2024_2025_87047bb5b8e5
gediz_manisa,2024-08-28,19.5,33.1,0.0,5.67,open_meteo_era5_gediz_manisa_2024_2025_87047bb5b8e5
gediz_manisa,2024-08-29,19.8,31.6,0.1,5.15,open_meteo_era5_gediz_manisa_2024_2025_87047bb5b8e5
gediz_manisa,2024-08-30,21.1,31.6,0.5,4.95,open_meteo_era5_gediz_manisa_2024_2025_87047bb5b8e5
gediz_manisa,2024-08-31,20.0,31.6,0.1,4.92,open_meteo_era5_gediz_manisa_2024_2025_87047bb5b8e5
gediz_manisa,2024-09-01,19.3,30.9,7.6,3.94,open_meteo_era5_gediz_manisa_2024_2025_87047bb5b8e5
gediz_manisa,2024-09-02,19.5,30.4,2.9,3.35,open_meteo_era5_gediz_manisa_2024_2025_87047bb5b8e5
gediz_manisa,2024-09-03,19.5,31.3,0.1,4.87,open_meteo_era5_gediz_manisa_2024_2025_87047bb5b8e5
gediz_manisa,2024-09-04,20.7,32.3,0.6,5.04,open_meteo_era5_gediz_manisa_2024_2025_87047bb5b8e5
gediz_manisa,2024-09-05,20.9,34.1,0.0,5.79,open_meteo_era5_gediz_manisa_2024_2025_87047bb5b8e5
gediz_manisa,2024-09-06,20.4,33.6,0.0,6.23,open_meteo_era5_gediz_manisa_2024_2025_87047bb5b8e5
gediz_manisa,2024-09-07,20.0,32.7,0.2,5.45,open_meteo_era5_gediz_manisa_2024_2025_87047bb5b8e5
gediz_manisa,2024-09-08,20.2,30.1,0.0,5.2,open_meteo_era5_gediz_manisa_2024_2025_87047bb5b8e5
gediz_manisa,2024-09-09,18.2,32.7,0.0,4.89,open_meteo_era5_gediz_manisa_2024_2025_87047bb5b8e5
gediz_manisa,2024-09-10,19.9,29.4,0.2,4.11,open_meteo_era5_gediz_manisa_2024_2025_87047bb5b8e5
gediz_manisa,2024-09-11,20.3,28.1,4.1,2.69,open_meteo_era5_gediz_manisa_2024_2025_87047bb5b8e5
gediz_manisa,2024-09-12,18.9,31.0,0.6,4.01,open_meteo_era5_gediz_manisa_2024_2025_87047bb5b8e5
gediz_manisa,2024-09-13,17.7,31.2,0.0,4.71,open_meteo_era5_gediz_manisa_2024_2025_87047bb5b8e5
gediz_manisa,2024-09-14,19.7,31.0,1.6,4.35,open_meteo_era5_gediz_manisa_2024_2025_87047bb5b8e5
gediz_manisa,2024-09-15,16.7,27.1,1.7,3.84,open_meteo_era5_gediz_manisa_2024_2025_87047bb5b8e5
gediz_manisa,2024-09-16,13.1,27.1,0.0,3.67,open_meteo_era5_gediz_manisa_2024_2025_87047bb5b8e5
gediz_manisa,2024-09-17,15.0,29.6,0.0,4.44,open_meteo_era5_gediz_manisa_2024_2025_87047bb5b8e5
gediz_manisa,2024-09-18,16.5,29.3,0.1,3.93,open_meteo_era5_gediz_manisa_2024_2025_87047bb5b8e5
gediz_manisa,2024-09-19,16.2,28.5,0.1,4.27,open_meteo_era5_gediz_manisa_2024_2025_87047bb5b8e5
gediz_manisa,2024-09-20,15.6,28.2,0.1,4.06,open_meteo_era5_gediz_manisa_2024_2025_87047bb5b8e5
gediz_manisa,2024-09-21,16.8,27.0,0.3,4.07,open_meteo_era5_gediz_manisa_2024_2025_87047bb5b8e5
gediz_manisa,2024-09-22,15.8,27.1,0.0,4.58,open_meteo_era5_gediz_manisa_2024_2025_87047bb5b8e5
gediz_manisa,2024-09-23,14.9,27.1,0.0,4.22,open_meteo_era5_gediz_manisa_2024_2025_87047bb5b8e5
gediz_manisa,2024-09-24,14.4,28.8,0.0,3.71,open_meteo_era5_gediz_manisa_2024_2025_87047bb5b8e5
gediz_manisa,2024-09-25,14.6,30.3,0.0,4.25,open_meteo_era5_gediz_manisa_2024_2025_87047bb5b8e5
gediz_manisa,2024-09-26,15.6,30.7,0.0,4.44,open_meteo_era5_gediz_manisa_2024_2025_87047bb5b8e5
gediz_manisa,2024-09-27,15.6,31.5,0.0,4.32,open_meteo_era5_gediz_manisa_2024_2025_87047bb5b8e5
gediz_manisa,2024-09-28,16.3,33.0,0.0,4.38,open_meteo_era5_gediz_manisa_2024_2025_87047bb5b8e5
gediz_manisa,2024-09-29,15.0,31.4,0.1,4.19,open_meteo_era5_gediz_manisa_2024_2025_87047bb5b8e5
gediz_manisa,2024-09-30,13.7,23.7,2.5,3.21,open_meteo_era5_gediz_manisa_2024_2025_87047bb5b8e5
gediz_manisa,2024-10-01,12.5,23.7,0.0,3.66,open_meteo_era5_gediz_manisa_2024_2025_87047bb5b8e5
gediz_manisa,2024-10-02,12.3,25.6,0.0,3.78,open_meteo_era5_gediz_manisa_2024_2025_87047bb5b8e5
gediz_manisa,2024-10-03,11.8,28.3,0.0,3.79,open_meteo_era5_gediz_manisa_2024_2025_87047bb5b8e5
gediz_manisa,2024-10-04,12.3,31.3,0.0,3.83,open_meteo_era5_gediz_manisa_2024_2025_87047bb5b8e5
gediz_manisa,2024-10-05,15.6,32.4,0.0,4.04,open_meteo_era5_gediz_manisa_2024_2025_87047bb5b8e5
gediz_manisa,2024-10-06,16.8,29.9,0.6,3.9,open_meteo_era5_gediz_manisa_2024_2025_87047bb5b8e5
gediz_manisa,2024-10-07,17.6,28.1,0.1,3.07,open_meteo_era5_gediz_manisa_2024_2025_87047bb5b8e5
gediz_manisa,2024-10-08,15.4,29.4,0.0,3.6,open_meteo_era5_gediz_manisa_2024_2025_87047bb5b8e5
gediz_manisa,2024-10-09,15.4,28.1,0.0,3.68,open_meteo_era5_gediz_manisa_2024_2025_87047bb5b8e5
gediz_manisa,2024-10-10,15.3,28.4,0.0,3.34,open_meteo_era5_gediz_manisa_2024_2025_87047bb5b8e5
gediz_manisa,2024-10-11,18.3,30.7,0.0,3.35,open_meteo_era5_gediz_manisa_2024_2025_87047bb5b8e5
gediz_manisa,2024-10-12,17.7,30.0,0.1,3.52,open_meteo_era5_gediz_manisa_2024_2025_87047bb5b8e5
gediz_manisa,2024-10-13,14.7,26.7,0.0,3.39,open_meteo_era5_gediz_manisa_2024_2025_87047bb5b8e5
gediz_manisa,2024-10-14,12.6,24.7,0.0,3.34,open_meteo_era5_gediz_manisa_2024_2025_87047bb5b8e5
gediz_manisa,2024-10-15,12.2,26.8,0.0,3.56,open_meteo_era5_gediz_manisa_2024_2025_87047bb5b8e5
gediz_manisa,2024-10-16,12.3,25.8,0.0,3.77,open_meteo_era5_gediz_manisa_2024_2025_87047bb5b8e5
gediz_manisa,2024-10-17,10.6,21.0,0.0,3.72,open_meteo_era5_gediz_manisa_2024_2025_87047bb5b8e5
gediz_manisa,2024-10-18,8.7,20.0,0.0,3.39,open_meteo_era5_gediz_manisa_2024_2025_87047bb5b8e5
gediz_manisa,2024-10-19,7.8,20.7,0.0,3.24,open_meteo_era5_gediz_manisa_2024_2025_87047bb5b8e5
gediz_manisa,2024-10-20,7.7,22.0,0.0,3.19,open_meteo_era5_gediz_manisa_2024_2025_87047bb5b8e5
gediz_manisa,2024-10-21,8.5,21.0,0.0,3.23,open_meteo_era5_gediz_manisa_2024_2025_87047bb5b8e5
gediz_manisa,2024-10-22,9.4,22.6,0.0,3.31,open_meteo_era5_gediz_manisa_2024_2025_87047bb5b8e5
gediz_manisa,2024-10-23,9.0,23.4,0.0,3.2,open_meteo_era5_gediz_manisa_2024_2025_87047bb5b8e5
gediz_manisa,2024-10-24,9.6,23.0,0.0,2.97,open_meteo_era5_gediz_manisa_2024_2025_87047bb5b8e5
gediz_manisa,2024-10-25,8.8,22.6,0.0,3.0,open_meteo_era5_gediz_manisa_2024_2025_87047bb5b8e5
gediz_manisa,2024-10-26,9.2,22.8,0.0,2.85,open_meteo_era5_gediz_manisa_2024_2025_87047bb5b8e5
gediz_manisa,2024-10-27,7.9,24.1,0.0,2.87,open_meteo_era5_gediz_manisa_2024_2025_87047bb5b8e5
gediz_manisa,2024-10-28,8.1,22.7,0.0,2.62,open_meteo_era5_gediz_manisa_2024_2025_87047bb5b8e5
gediz_manisa,2024-10-29,8.9,23.9,0.0,3.04,open_meteo_era5_gediz_manisa_2024_2025_87047bb5b8e5
gediz_manisa,2024-10-30,11.1,22.5,0.0,2.75,open_meteo_era5_gediz_manisa_2024_2025_87047bb5b8e5
gediz_manisa,2024-10-31,9.3,22.5,0.0,2.89,open_meteo_era5_gediz_manisa_2024_2025_87047bb5b8e5
gediz_manisa,2024-11-01,8.4,22.4,0.0,2.57,open_meteo_era5_gediz_manisa_2024_2025_87047bb5b8e5
gediz_manisa,2024-11-02,7.3,24.0,0.0,2.46,open_meteo_era5_gediz_manisa_2024_2025_87047bb5b8e5
gediz_manisa,2024-11-03,8.8,20.5,0.0,2.71,open_meteo_era5_gediz_manisa_2024_2025_87047bb5b8e5
gediz_manisa,2024-11-04,7.1,17.6,0.0,2.63,open_meteo_era5_gediz_manisa_2024_2025_87047bb5b8e5
gediz_manisa,2024-11-05,5.8,18.7,0.0,2.8,open_meteo_era5_gediz_manisa_2024_2025_87047bb5b8e5
gediz_manisa,2024-11-06,5.1,17.7,0.0,2.41,open_meteo_era5_gediz_manisa_2024_2025_87047bb5b8e5
gediz_manisa,2024-11-07,4.9,19.5,0.0,2.54,open_meteo_era5_gediz_manisa_2024_2025_87047bb5b8e5
gediz_manisa,2024-11-08,4.9,20.1,0.0,2.56,open_meteo_era5_gediz_manisa_2024_2025_87047bb5b8e5
gediz_manisa,2024-11-09,7.0,19.5,0.0,2.33,open_meteo_era5_gediz_manisa_2024_2025_87047bb5b8e5
gediz_manisa,2024-11-10,5.7,16.5,0.0,1.86,open_meteo_era5_gediz_manisa_2024_2025_87047bb5b8e5
gediz_manisa,2024-11-11,4.9,18.5,0.0,1.88,open_meteo_era5_gediz_manisa_2024_2025_87047bb5b8e5
gediz_manisa,2024-11-12,4.5,20.0,0.0,1.77,open_meteo_era5_gediz_manisa_2024_2025_87047bb5b8e5
gediz_manisa,2024-11-13,9.1,19.6,0.5,1.52,open_meteo_era5_gediz_manisa_2024_2025_87047bb5b8e5
gediz_manisa,2024-11-14,10.4,20.1,7.7,1.59,open_meteo_era5_gediz_manisa_2024_2025_87047bb5b8e5
gediz_manisa,2024-11-15,13.2,19.7,6.1,1.42,open_meteo_era5_gediz_manisa_2024_2025_87047bb5b8e5
gediz_manisa,2024-11-16,9.3,14.7,20.4,0.77,open_meteo_era5_gediz_manisa_2024_2025_87047bb5b8e5
gediz_manisa,2024-11-17,8.8,15.4,1.9,1.25,open_meteo_era5_gediz_manisa_2024_2025_87047bb5b8e5
gediz_manisa,2024-11-18,6.7,15.1,0.2,0.96,open_meteo_era5_gediz_manisa_2024_2025_87047bb5b8e5
gediz_manisa,2024-11-19,4.9,15.7,0.0,1.31,open_meteo_era5_gediz_manisa_2024_2025_87047bb5b8e5
gediz_manisa,2024-11-20,4.2,17.0,3.9,1.47,open_meteo_era5_gediz_manisa_2024_2025_87047bb5b8e5
gediz_manisa,2024-11-21,13.3,19.9,26.1,0.93,open_meteo_era5_gediz_manisa_2024_2025_87047bb5b8e5
gediz_manisa,2024-11-22,11.6,21.2,1.8,1.93,open_meteo_era5_gediz_manisa_2024_2025_87047bb5b8e5
gediz_manisa,2024-11-23,3.2,18.5,23.2,1.09,open_meteo_era5_gediz_manisa_2024_2025_87047bb5b8e5
gediz_manisa,2024-11-24,1.2,8.6,0.0,1.8,open_meteo_era5_gediz_manisa_2024_2025_87047bb5b8e5
gediz_manisa,2024-11-25,0.9,9.1,0.0,1.44,open_meteo_era5_gediz_manisa_2024_2025_87047bb5b8e5
gediz_manisa,2024-11-26,0.8,10.3,0.0,1.15,open_meteo_era5_gediz_manisa_2024_2025_87047bb5b8e5
gediz_manisa,2024-11-27,1.1,12.9,0.0,1.34,open_meteo_era5_gediz_manisa_2024_2025_87047bb5b8e5
gediz_manisa,2024-11-28,3.2,14.9,0.0,1.34,open_meteo_era5_gediz_manisa_2024_2025_87047bb5b8e5
gediz_manisa,2024-11-29,3.3,16.3,0.0,1.42,open_meteo_era5_gediz_manisa_2024_2025_87047bb5b8e5
gediz_manisa,2024-11-30,8.2,17.0,0.4,1.4,open_meteo_era5_gediz_manisa_2024_2025_87047bb5b8e5
gediz_manisa,2024-12-01,10.5,14.6,33.7,0.77,open_meteo_era5_gediz_manisa_2024_2025_87047bb5b8e5
gediz_manisa,2024-12-02,8.7,15.8,3.2,1.06,open_meteo_era5_gediz_manisa_2024_2025_87047bb5b8e5
gediz_manisa,2024-12-03,7.8,11.8,1.0,0.66,open_meteo_era5_gediz_manisa_2024_2025_87047bb5b8e5
gediz_manisa,2024-12-04,5.9,13.5,0.0,0.97,open_meteo_era5_gediz_manisa_2024_2025_87047bb5b8e5
gediz_manisa,2024-12-05,4.5,14.9,0.0,1.29,open_meteo_era5_gediz_manisa_2024_2025_87047bb5b8e5
gediz_manisa,2024-12-06,5.8,15.1,0.1,1.09,open_meteo_era5_gediz_manisa_2024_2025_87047bb5b8e5
gediz_manisa,2024-12-07,9.4,15.9,1.3,1.02,open_meteo_era5_gediz_manisa_2024_2025_87047bb5b8e5
gediz_manisa,2024-12-08,11.1,14.8,36.2,0.51,open_meteo_era5_gediz_manisa_2024_2025_87047bb5b8e5
gediz_manisa,2024-12-09,14.1,18.5,26.2,0.87,open_meteo_era5_gediz_manisa_2024_2025_87047bb5b8e5
gediz_manisa,2024-12-10,13.9,18.6,18.6,1.31,open_meteo_era5_gediz_manisa_2024_2025_87047bb5b8e5
gediz_manisa,2024-12-11,8.2,16.5,10.4,1.08,open_meteo_era5_gediz_manisa_2024_2025_87047bb5b8e5
gediz_manisa,2024-12-12,5.8,14.1,0.0,1.14,open_meteo_era5_gediz_manisa_2024_2025_87047bb5b8e5
gediz_manisa,2024-12-13,3.5,11.4,0.0,1.3,open_meteo_era5_gediz_manisa_2024_2025_87047bb5b8e5
gediz_manisa,2024-12-14,2.0,10.9,0.0,1.14,open_meteo_era5_gediz_manisa_2024_2025_87047bb5b8e5
gediz_manisa,2024-12-15,1.9,11.3,24.4,0.57,open_meteo_era5_gediz_manisa_2024_2025_87047bb5b8e5
gediz_manisa,2024-12-16,3.0,11.2,0.6,1.19,open_meteo_era5_gediz_manisa_2024_2025_87047bb5b8e5
gediz_manisa,2024-12-17,0.8,11.5,0.0,1.08,open_meteo_era5_gediz_manisa_2024_2025_87047bb5b8e5
gediz_manisa,2024-12-18,1.8,14.7,0.0,1.28,open_meteo_era5_gediz_manisa_2024_2025_87047bb5b8e5
gediz_manisa,2024-12-19,2.4,16.2,0.0,1.23,open_meteo_era5_gediz_manisa_2024_2025_87047bb5b8e5
gediz_manisa,2024-12-20,4.1,15.1,4.3,0.81,open_meteo_era5_gediz_manisa_2024_2025_87047bb5b8e5
gediz_manisa,2024-12-21,8.3,15.5,46.6,0.87,open_meteo_era5_gediz_manisa_2024_2025_87047bb5b8e5
gediz_manisa,2024-12-22,6.3,12.1,0.5,0.88,open_meteo_era5_gediz_manisa_2024_2025_87047bb5b8e5
gediz_manisa,2024-12-23,5.9,14.1,5.0,1.13,open_meteo_era5_gediz_manisa_2024_2025_87047bb5b8e5
gediz_manisa,2024-12-24,6.8,11.2,59.7,0.34,open_meteo_era5_gediz_manisa_2024_2025_87047bb5b8e5
gediz_manisa,2024-12-25,7.8,12.3,5.0,0.74,open_meteo_era5_gediz_manisa_2024_2025_87047bb5b8e5
gediz_manisa,2024-12-26,5.3,14.1,0.0,1.19,open_meteo_era5_gediz_manisa_2024_2025_87047bb5b8e5
gediz_manisa,2024-12-27,2.7,10.2,1.7,1.08,open_meteo_era5_gediz_manisa_2024_2025_87047bb5b8e5
gediz_manisa,2024-12-28,2.6,6.3,9.1,0.45,open_meteo_era5_gediz_manisa_2024_2025_87047bb5b8e5
gediz_manisa,2024-12-29,4.0,8.5,0.2,0.69,open_meteo_era5_gediz_manisa_2024_2025_87047bb5b8e5
gediz_manisa,2024-12-30,3.8,9.5,0.6,0.95,open_meteo_era5_gediz_manisa_2024_2025_87047bb5b8e5
gediz_manisa,2024-12-31,1.4,11.1,0.0,1.15,open_meteo_era5_gediz_manisa_2024_2025_87047bb5b8e5
gediz_manisa,2025-01-01,0.5,12.4,0.0,1.16,open_meteo_era5_gediz_manisa_2024_2025_87047bb5b8e5
gediz_manisa,2025-01-02,0.9,13.0,0.1,0.99,open_meteo_era5_gediz_manisa_2024_2025_87047bb5b8e5
gediz_manisa,2025-01-03,6.4,13.1,3.5,0.84,open_meteo_era5_gediz_manisa_2024_2025_87047bb5b8e5
gediz_manisa,2025-01-04,8.3,14.2,8.8,0.69,open_meteo_era5_gediz_manisa_2024_2025_87047bb5b8e5
gediz_manisa,2025-01-05,5.5,13.3,0.0,1.1,open_meteo_era5_gediz_manisa_2024_2025_87047bb5b8e5
gediz_manisa,2025-01-06,2.7,14.2,0.0,1.18,open_meteo_era5_gediz_manisa_2024_2025_87047bb5b8e5
gediz_manisa,2025-01-07,4.8,14.7,0.0,0.9,open_meteo_era5_gediz_manisa_2024_2025_87047bb5b8e5
gediz_manisa,2025-01-08,9.3,16.8,0.0,1.15,open_meteo_era5_gediz_manisa_2024_2025_87047bb5b8e5
gediz_manisa,2025-01-09,6.8,17.1,0.0,1.12,open_meteo_era5_gediz_manisa_2024_2025_87047bb5b8e5
gediz_manisa,2025-01-10,4.4,16.9,0.0,1.38,open_meteo_era5_gediz_manisa_2024_2025_87047bb5b8e5
gediz_manisa,2025-01-11,8.6,14.8,1.7,0.99,open_meteo_era5_gediz_manisa_2024_2025_87047bb5b8e5
gediz_manisa,2025-01-12,11.0,15.0,10.3,0.7,open_meteo_era5_gediz_manisa_2024_2025_87047bb5b8e5
gediz_manisa,2025-01-13,9.1,13.6,16.7,0.54,open_meteo_era5_gediz_manisa_2024_2025_87047bb5b8e5
gediz_manisa,2025-01-14,6.7,9.1,13.1,0.55,open_meteo_era5_gediz_manisa_2024_2025_87047bb5b8e5
gediz_manisa,2025-01-15,5.7,12.5,4.5,0.68,open_meteo_era5_gediz_manisa_2024_2025_87047bb5b8e5
gediz_manisa,2025-01-16,5.1,12.8,0.0,1.15,open_meteo_era5_gediz_manisa_2024_2025_87047bb5b8e5
gediz_manisa,2025-01-17,3.0,12.1,0.0,1.37,open_meteo_era5_gediz_manisa_2024_2025_87047bb5b8e5
gediz_manisa,2025-01-18,2.0,12.9,0.0,1.45,open_meteo_era5_gediz_manisa_2024_2025_87047bb5b8e5
gediz_manisa,2025-01-19,2.3,14.1,0.0,1.52,open_meteo_era5_gediz_manisa_2024_2025_87047bb5b8e5
gediz_manisa,2025-01-20,2.5,13.5,0.0,1.41,open_meteo_era5_gediz_manisa_2024_2025_87047bb5b8e5
gediz_manisa,2025-01-21,4.9,13.9,2.0,1.05,open_meteo_era5_gediz_manisa_2024_2025_87047bb5b8e5
gediz_manisa,2025-01-22,5.7,13.7,6.4,0.95,open_meteo_era5_gediz_manisa_2024_2025_87047bb5b8e5
gediz_manisa,2025-01-23,4.5,14.7,0.3,1.25,open_meteo_era5_gediz_manisa_2024_2025_87047bb5b8e5
gediz_manisa,2025-01-24,4.9,16.3,3.5,1.42,open_meteo_era5_gediz_manisa_2024_2025_87047bb5b8e5
gediz_manisa,2025-01-25,5.1,12.6,11.2,0.56,open_meteo_era5_gediz_manisa_2024_2025_87047bb5b8e5
gediz_manisa,2025-01-26,3.6,14.9,0.0,1.51,open_meteo_era5_gediz_manisa_2024_2025_87047bb5b8e5
gediz_manisa,2025-01-27,3.9,15.4,0.0,1.45,open_meteo_era5_gediz_manisa_2024_2025_87047bb5b8e5
gediz_manisa,2025-01-28,4.8,16.2,0.0,1.67,open_meteo_era5_gediz_manisa_2024_2025_87047bb5b8e5
gediz_manisa,2025-01-29,5.0,17.4,0.0,1.5,open_meteo_era5_gediz_manisa_2024_2025_87047bb5b8e5
gediz_manisa,2025-01-30,6.3,15.3,1.0,1.07,open_meteo_era5_gediz_manisa_2024_2025_87047bb5b8e5
gediz_manisa,2025-01-31,6.1,16.7,0.0,1.61,open_meteo_era5_gediz_manisa_2024_2025_87047bb5b8e5
gediz_manisa,2025-02-01,4.9,16.5,0.0,1.77,open_meteo_era5_gediz_manisa_2024_2025_87047bb5b8e5
gediz_manisa,2025-02-02,5.9,16.6,0.0,1.68,open_meteo_era5_gediz_manisa_2024_2025_87047bb5b8e5
gediz_manisa,2025-02-03,3.9,15.7,0.0,1.6,open_meteo_era5_gediz_manisa_2024_2025_87047bb5b8e5
gediz_manisa,2025-02-04,3.0,8.3,6.9,0.63,open_meteo_era5_gediz_manisa_2024_2025_87047bb5b8e5
gediz_manisa,2025-02-05,1.4,6.7,0.0,1.69,open_meteo_era5_gediz_manisa_2024_2025_87047bb5b8e5
gediz_manisa,2025-02-06,0.4,6.2,0.0,1.5,open_meteo_era5_gediz_manisa_2024_2025_87047bb5b8e5
gediz_manisa,2025-02-07,-0.4,6.5,0.0,1.44,open_meteo_era5_gediz_manisa_2024_2025_87047bb5b8e5
gediz_manisa,2025-02-08,-0.3,8.1,0.0,1.57,open_meteo_era5_gediz_manisa_2024_2025_87047bb5b8e5
gediz_manisa,2025-02-09,0.1,6.5,0.0,1.31,open_meteo_era5_gediz_manisa_2024_2025_87047bb5b8e5
gediz_manisa,2025-02-10,-0.3,9.0,0.0,1.71,open_meteo_era5_gediz_manisa_2024_2025_87047bb5b8e5
gediz_manisa,2025-02-11,-1.3,8.1,0.0,1.77,open_meteo_era5_gediz_manisa_2024_2025_87047bb5b8e5
gediz_manisa,2025-02-12,-1.1,7.4,0.0,1.46,open_meteo_era5_gediz_manisa_2024_2025_87047bb5b8e5
gediz_manisa,2025-02-13,0.1,9.9,0.0,1.65,open_meteo_era5_gediz_manisa_2024_2025_87047bb5b8e5
gediz_manisa,2025-02-14,1.2,9.8,0.6,0.92,open_meteo_era5_gediz_manisa_2024_2025_87047bb5b8e5
gediz_manisa,2025-02-15,5.7,15.2,1.6,1.75,open_meteo_era5_gediz_manisa_2024_2025_87047bb5b8e5
gediz_manisa,2025-02-16,5.4,16.1,0.0,1.92,open_meteo_era5_gediz_manisa_2024_2025_87047bb5b8e5
gediz_manisa,2025-02-17,7.2,14.7,5.8,1.7,open_meteo_era5_gediz_manisa_2024_2025_87047bb5b8e5
gediz_manisa,2025-02-18,4.6,12.0,8.4,0.87,open_meteo_era5_gediz_manisa_2024_2025_87047bb5b8e5
gediz_manisa,2025-02-19,1.5,10.0,0.0,1.92,open_meteo_era5_gediz_manisa_2024_2025_87047bb5b8e5
gediz_manisa,2025-02-20,-1.6,6.6,0.0,1.92,open_meteo_era5_gediz_manisa_2024_2025_87047bb5b8e5
gediz_manisa,2025-02-21,-2.9,5.2,0.0,1.8,open_meteo_era5_gediz_manisa_2024_2025_87047bb5b8e5
gediz_manisa,2025-02-22,-2.8,4.5,0.0,1.78,open_meteo_era5_gediz_manisa_2024_2025_87047bb5b8e5
gediz_manisa,2025-02-23,-4.0,5.4,0.0,1.9,open_meteo_era5_gediz_manisa_2024_2025_87047bb5b8e5
gediz_manisa,2025-02-24,-3.9,7.9,0.0,1.97,open_meteo_era5_gediz_manisa_2024_2025_87047bb5b8e5
gediz_manisa,2025-02-25,-0.7,5.8,4.5,0.88,open_meteo_era5_gediz_manisa_2024_2025_87047bb5b8e5
gediz_manisa,2025-02-26,3.2,14.0,0.1,1.71,open_meteo_era5_gediz_manisa_2024_2025_87047bb5b8e5
gediz_manisa,2025-02-27,4.4,13.4,12.3,1.18,open_meteo_era5_gediz_manisa_2024_2025_87047bb5b8e5
gediz_manisa,2025-02-28,8.0,14.5,6.8,1.38,open_meteo_era5_gediz_manisa_2024_2025_87047bb5b8e5
gediz_manisa,2025-03-01,6.0,16.8,0.0,2.27,open_meteo_era5_gediz_manisa_2024_2025_87047bb5b8e5
gediz_manisa,2025-03-02,5.0,16.7,0.1,2.18,open_meteo_era5_gediz_manisa_2024_2025_87047bb5b8e5
gediz_manisa,2025-03-03,4.7,12.1,0.0,2.16,open_meteo_era5_gediz_manisa_2024_2025_87047bb5b8e5
gediz_manisa,2025-03-04,2.5,15.9,0.0,2.66,open_meteo_era5_gediz_manisa_2024_2025_87047bb5b8e5
gediz_manisa,2025-03-05,2.3,17.1,0.0,2.81,open_meteo_era5_gediz_manisa_2024_2025_87047bb5b8e5
gediz_manisa,2025-03-06,4.9,19.5,0.0,3.08,open_meteo_era5_gediz_manisa_2024_2025_87047bb5b8e5
gediz_manisa,2025-03-07,4.8,21.2,0.0,3.35,open_meteo_era5_gediz_manisa_2024_2025_87047bb5b8e5
gediz_manisa,2025-03-08,6.0,20.4,0.0,3.1,open_meteo_era5_gediz_manisa_2024_2025_87047bb5b8e5
gediz_manisa,2025-03-09,6.4,19.3,0.0,2.87,open_meteo_era5_gediz_manisa_2024_2025_87047bb5b8e5
gediz_manisa,2025-03-10,6.2,19.7,0.0,2.74,open_meteo_era5_gediz_manisa_2024_2025_87047bb5b8e5
gediz_manisa,2025-03-11,4.9,20.9,0.0,3.35,open_meteo_era5_gediz_manisa_2024_2025_87047bb5b8e5
gediz_manisa,2025-03-12,8.8,23.7,0.2,3.79,open_meteo_era5_gediz_manisa_2024_2025_87047bb5b8e5
gediz_manisa,2025-03-13,11.0,22.9,0.0,3.61,open_meteo_era5_gediz_manisa_2024_2025_87047bb5b8e5
gediz_manisa,2025-03-14,10.2,25.7,0.0,4.04,open_meteo_era5_gediz_manisa_2024_2025_87047bb5b8e5
gediz_manisa,2025-03-15,11.2,28.8,0.0,4.23,open_meteo_era5_gediz_manisa_2024_2025_87047bb5b8e5
gediz_manisa,2025-03-16,12.6,27.8,0.0,4.81,open_meteo_era5_gediz_manisa_2024_2025_87047bb5b8e5
gediz_manisa,2025-03-17,10.2,21.0,0.0,3.11,open_meteo_era5_gediz_manisa_2024_2025_87047bb5b8e5
gediz_manisa,2025-03-18,4.3,16.0,1.3,2.6,open_meteo_era5_gediz_manisa_2024_2025_87047bb5b8e5
gediz_manisa,2025-03-19,1.9,8.5,0.1,2.71,open_meteo_era5_gediz_manisa_2024_2025_87047bb5b8e5
gediz_manisa,2025-03-20,0.9,9.9,0.0,2.29,open_meteo_era5_gediz_manisa_2024_2025_87047bb5b8e5
gediz_manisa,2025-03-21,1.8,12.7,0.0,2.97,open_meteo_era5_gediz_manisa_2024_2025_87047bb5b8e5
gediz_manisa,2025-03-22,1.0,16.6,0.0,3.26,open_meteo_era5_gediz_manisa_2024_2025_87047bb5b8e5
gediz_manisa,2025-03-23,2.7,19.5,0.2,3.66,open_meteo_era5_gediz_manisa_2024_2025_87047bb5b8e5
gediz_manisa,2025-03-24,9.5,19.0,1.2,1.87,open_meteo_era5_gediz_manisa_2024_2025_87047bb5b8e5
gediz_manisa,2025-03-25,10.1,21.4,0.0,3.21,open_meteo_era5_gediz_manisa_2024_2025_87047bb5b8e5
gediz_manisa,2025-03-26,10.6,24.2,0.1,2.97,open_meteo_era5_gediz_manisa_2024_2025_87047bb5b8e5
gediz_manisa,2025-03-27,12.8,27.2,0.0,3.94,open_meteo_era5_gediz_manisa_2024_2025_87047bb5b8e5
gediz_manisa,2025-03-28,10.9,20.1,12.5,2.56,open_meteo_era5_gediz_manisa_2024_2025_87047bb5b8e5
gediz_manisa,2025-03-29,9.7,18.0,3.0,2.27,open_meteo_era5_gediz_manisa_2024_2025_87047bb5b8e5
gediz_manisa,2025-03-30,9.0,17.2,3.1,2.39,open_meteo_era5_gediz_manisa_2024_2025_87047bb5b8e5
gediz_manisa,2025-03-31,9.2,19.8,1.7,3.1,open_meteo_era5_gediz_manisa_2024_2025_87047bb5b8e5
gediz_manisa,2025-04-01,10.3,14.4,8.3,2.1,open_meteo_era5_gediz_manisa_2024_2025_87047bb5b8e5
gediz_manisa,2025-04-02,11.2,15.7,7.7,1.95,open_meteo_era5_gediz_manisa_2024_2025_87047bb5b8e5
gediz_manisa,2025-04-03,9.6,16.7,3.2,2.52,open_meteo_era5_gediz_manisa_2024_2025_87047bb5b8e5
gediz_manisa,2025-04-04,7.5,19.3,0.4,3.27,open_meteo_era5_gediz_manisa_2024_2025_87047bb5b8e5
gediz_manisa,2025-04-05,7.4,15.4,11.9,2.12,open_meteo_era5_gediz_manisa_2024_2025_87047bb5b8e5
gediz_manisa,2025-04-06,6.8,18.5,3.2,2.92,open_meteo_era5_gediz_manisa_2024_2025_87047bb5b8e5
gediz_manisa,2025-04-07,6.5,14.7,21.9,1.96,open_meteo_era5_gediz_manisa_2024_2025_87047bb5b8e5
gediz_manisa,2025-04-08,4.9,12.2,0.1,2.05,open_meteo_era5_gediz_manisa_2024_2025_87047bb5b8e5
gediz_manisa,2025-04-09,2.7,10.9,0.0,2.7,open_meteo_era5_gediz_manisa_2024_2025_87047bb5b8e5
gediz_manisa,2025-04-10,0.1,14.0,0.2,3.16,open_meteo_era5_gediz_manisa_2024_2025_87047bb5b8e5
gediz_manisa,2025-04-11,4.0,11.9,3.4,3.15,open_meteo_era5_gediz_manisa_2024_2025_87047bb5b8e5
gediz_manisa,2025-04-12,1.4,11.4,8.3,1.61,open_meteo_era5_gediz_manisa_2024_2025_87047bb5b8e5
gediz_manisa,2025-04-13,0.8,16.0,0.0,3.66,open_meteo_era5_gediz_manisa_2024_2025_87047bb5b8e5
gediz_manisa,2025-04-14,4.2,18.3,0.0,3.96,open_meteo_era5_gediz_manisa_2024_2025_87047bb5b8e5
gediz_manisa,2025-04-15,6.4,21.9,0.0,4.46,open_meteo_era5_gediz_manisa_2024_2025_87047bb5b8e5
gediz_manisa,2025-04-16,10.4,25.6,0.0,4.83,open_meteo_era5_gediz_manisa_2024_2025_87047bb5b8e5
gediz_manisa,2025-04-17,12.4,27.7,0.0,4.75,open_meteo_era5_gediz_manisa_2024_2025_87047bb5b8e5
gediz_manisa,2025-04-18,11.4,27.5,0.0,4.93,open_meteo_era5_gediz_manisa_2024_2025_87047bb5b8e5
gediz_manisa,2025-04-19,8.5,23.4,0.0,4.26,open_meteo_era5_gediz_manisa_2024_2025_87047bb5b8e5
gediz_manisa,2025-04-20,11.1,23.4,0.0,4.44,open_meteo_era5_gediz_manisa_2024_2025_87047bb5b8e5
gediz_manisa,2025-04-21,11.2,25.7,0.0,4.47,open_meteo_era5_gediz_manisa_2024_2025_87047bb5b8e5
gediz_manisa,2025-04-22,11.9,24.2,0.2,4.28,open_meteo_era5_gediz_manisa_2024_2025_87047bb5b8e5
gediz_manisa,2025-04-23,13.4,25.7,0.3,4.63,open_meteo_era5_gediz_manisa_2024_2025_87047bb5b8e5
gediz_manisa,2025-04-24,11.8,21.1,2.4,3.43,open_meteo_era5_gediz_manisa_2024_2025_87047bb5b8e5
gediz_manisa,2025-04-25,11.1,21.6,0.2,3.73,open_meteo_era5_gediz_manisa_2024_2025_87047bb5b8e5
gediz_manisa,2025-04-26,9.7,22.4,0.6,4.1,open_meteo_era5_gediz_manisa_2024_2025_87047bb5b8e5
gediz_manisa,2025-04-27,11.5,22.9,2.2,4.21,open_meteo_era5_gediz_manisa_2024_2025_87047bb5b8e5
gediz_manisa,2025-04-28,9.9,21.2,6.5,3.84,open_meteo_era5_gediz_manisa_2024_2025_87047bb5b8e5
gediz_manisa,2025-04-29,8.4,19.3,4.2,3.44,open_meteo_era5_gediz_manisa_2024_2025_87047bb5b8e5
gediz_manisa,2025-04-30,8.4,19.2,4.0,3.49,open_meteo_era5_gediz_manisa_2024_2025_87047bb5b8e5
gediz_manisa,2025-05-01,8.7,18.4,1.4,2.88,open_meteo_era5_gediz_manisa_2024_2025_87047bb5b8e5
gediz_manisa,2025-05-02,10.0,18.8,0.0,3.6,open_meteo_era5_gediz_manisa_2024_2025_87047bb5b8e5
gediz_manisa,2025-05-03,9.5,23.5,0.0,4.83,open_meteo_era5_gediz_manisa_2024_2025_87047bb5b8e5
gediz_manisa,2025-05-04,8.4,25.7,0.0,5.11,open_meteo_era5_gediz_manisa_2024_2025_87047bb5b8e5
gediz_manisa,2025-05-05,11.3,27.6,0.0,5.18,open_meteo_era5_gediz_manisa_2024_2025_87047bb5b8e5
gediz_manisa,2025-05-06,13.8,28.2,0.1,5.55,open_meteo_era5_gediz_manisa_2024_2025_87047bb5b8e5
gediz_manisa,2025-05-07,14.9,28.3,0.1,5.11,open_meteo_era5_gediz_manisa_2024_2025_87047bb5b8e5
gediz_manisa,2025-05-08,15.6,29.4,0.0,6.14,open_meteo_era5_gediz_manisa_2024_2025_87047bb5b8e5
gediz_manisa,2025-05-09,14.6,29.9,0.0,5.74,open_meteo_era5_gediz_manisa_2024_2025_87047bb5b8e5
gediz_manisa,2025-05-10,15.5,27.9,1.2,5.14,open_meteo_era5_gediz_manisa_2024_2025_87047bb5b8e5
gediz_manisa,2025-05-11,12.9,23.0,0.0,4.83,open_meteo_era5_gediz_manisa_2024_2025_87047bb5b8e5
gediz_manisa,2025-05-12,10.8,24.9,0.0,5.16,open_meteo_era5_gediz_manisa_2024_2025_87047bb5b8e5
gediz_manisa,2025-05-13,11.7,24.0,0.6,5.39,open_meteo_era5_gediz_manisa_2024_2025_87047bb5b8e5
gediz_manisa,2025-05-14,10.2,22.4,0.0,5.34,open_meteo_era5_gediz_manisa_2024_2025_87047bb5b8e5
gediz_manisa,2025-05-15,8.5,24.4,0.0,5.35,open_meteo_era5_gediz_manisa_2024_2025_87047bb5b8e5
gediz_manisa,2025-05-16,13.8,29.3,0.5,6.38,open_meteo_era5_gediz_manisa_2024_2025_87047bb5b8e5
gediz_manisa,2025-05-17,15.4,24.1,3.9,4.2,open_meteo_era5_gediz_manisa_2024_2025_87047bb5b8e5
gediz_manisa,2025-05-18,12.5,23.8,2.9,4.62,open_meteo_era5_gediz_manisa_2024_2025_87047bb5b8e5
gediz_manisa,2025-05-19,8.2,24.9,0.0,5.59,open_meteo_era5_gediz_manisa_2024_2025_87047bb5b8e5
gediz_manisa,2025-05-20,10.5,26.9,0.0,5.52,open_meteo_era5_gediz_manisa_2024_2025_87047bb5b8e5
gediz_manisa,2025-05-21,13.5,29.0,0.0,5.84,open_meteo_era5_gediz_manisa_2024_2025_87047bb5b8e5
gediz_manisa,2025-05-22,14.7,31.9,0.0,6.31,open_meteo_era5_gediz_manisa_2024_2025_87047bb5b8e5
gediz_manisa,2025-05-23,12.9,30.5,0.0,6.27,open_meteo_era5_gediz_manisa_2024_2025_87047bb5b8e5
gediz_manisa,2025-05-24,18.1,34.1,0.0,7.0,open_meteo_era5_gediz_manisa_2024_2025_87047bb5b8e5
gediz_manisa,2025-05-25,18.3,34.2,1.6,5.62,open_meteo_era5_gediz_manisa_2024_2025_87047bb5b8e5
gediz_manisa,2025-05-26,14.8,22.5,5.5,3.62,open_meteo_era5_gediz_manisa_2024_2025_87047bb5b8e5
gediz_manisa,2025-05-27,12.3,25.2,0.0,5.69,open_meteo_era5_gediz_manisa_2024_2025_87047bb5b8e5
gediz_manisa,2025-05-28,12.3,26.7,0.2,5.17,open_meteo_era5_gediz_manisa_2024_2025_87047bb5b8e5
gediz_manisa,2025-05-29,13.8,25.9,0.2,4.94,open_meteo_era5_gediz_manisa_2024_2025_87047bb5b8e5
gediz_manisa,2025-05-30,15.1,26.1,0.1,4.91,open_meteo_era5_gediz_manisa_2024_2025_87047bb5b8e5
gediz_manisa,2025-05-31,15.0,24.1,1.1,4.1,open_meteo_era5_gediz_manisa_2024_2025_87047bb5b8e5
gediz_manisa,2025-06-01,13.6,25.7,0.0,4.91,open_meteo_era5_gediz_manisa_2024_2025_87047bb5b8e5
gediz_manisa,2025-06-02,14.6,28.0,0.0,6.2,open_meteo_era5_gediz_manisa_2024_2025_87047bb5b8e5
gediz_manisa,2025-06-03,15.6,30.7,0.0,6.65,open_meteo_era5_gediz_manisa_2024_2025_87047bb5b8e5
gediz_manisa,2025-06-04,16.8,33.4,0.0,6.97,open_meteo_era5_gediz_manisa_2024_2025_87047bb5b8e5
gediz_manisa,2025-06-05,19.6,35.7,0.0,6.82,open_meteo_era5_gediz_manisa_2024_2025_87047bb5b8e5
gediz_manisa,2025-06-06,20.1,34.8,0.0,6.42,open_meteo_era5_gediz_manisa_2024_2025_87047bb5b8e5
gediz_manisa,2025-06-07,19.8,34.4,0.0,6.37,open_meteo_era5_gediz_manisa_2024_2025_87047bb5b8e5
gediz_manisa,2025-06-08,18.6,33.9,0.0,6.69,open_meteo_era5_gediz_manisa_2024_2025_87047bb5b8e5
gediz_manisa,2025-06-09,17.6,35.9,0.0,7.38,open_meteo_era5_gediz_manisa_2024_2025_87047bb5b8e5
gediz_manisa,2025-06-10,18.4,34.8,0.0,7.26,open_meteo_era5_gediz_manisa_2024_2025_87047bb5b8e5
gediz_manisa,2025-06-11,19.4,33.7,0.0,6.65,open_meteo_era5_gediz_manisa_2024_2025_87047bb5b8e5
gediz_manisa,2025-06-12,19.7,34.7,0.0,6.84,open_meteo_era5_gediz_manisa_2024_2025_87047bb5b8e5
gediz_manisa,2025-06-13,19.6,33.2,0.0,7.33,open_meteo_era5_gediz_manisa_2024_2025_87047bb5b8e5
gediz_manisa,2025-06-14,17.2,31.4,0.0,7.73,open_meteo_era5_gediz_manisa_2024_2025_87047bb5b8e5
gediz_manisa,2025-06-15,16.4,29.9,0.0,7.59,open_meteo_era5_gediz_manisa_2024_2025_87047bb5b8e5
gediz_manisa,2025-06-16,16.1,30.9,0.0,7.6,open_meteo_era5_gediz_manisa_2024_2025_87047bb5b8e5
gediz_manisa,2025-06-17,18.2,33.0,0.0,7.95,open_meteo_era5_gediz_manisa_2024_2025_87047bb5b8e5
gediz_manisa,2025-06-18,19.3,34.3,0.0,7.77,open_meteo_era5_gediz_manisa_2024_2025_87047bb5b8e5
gediz_manisa,2025-06-19,19.6,34.7,0.0,7.47,open_meteo_era5_gediz_manisa_2024_2025_87047bb5b8e5
gediz_manisa,2025-06-20,19.3,35.5,0.0,7.79,open_meteo_era5_gediz_manisa_2024_2025_87047bb5b8e5
gediz_manisa,2025-06-21,20.1,32.5,0.0,7.14,open_meteo_era5_gediz_manisa_2024_2025_87047bb5b8e5
gediz_manisa,2025-06-22,17.2,29.9,0.0,7.48,open_meteo_era5_gediz_manisa_2024_2025_87047bb5b8e5
gediz_manisa,2025-06-23,16.5,33.1,0.0,7.78,open_meteo_era5_gediz_manisa_2024_2025_87047bb5b8e5
gediz_manisa,2025-06-24,19.3,35.4,0.0,7.58,open_meteo_era5_gediz_manisa_2024_2025_87047bb5b8e5
gediz_manisa,2025-06-25,20.4,37.4,0.0,8.12,open_meteo_era5_gediz_manisa_2024_2025_87047bb5b8e5
gediz_manisa,2025-06-26,22.0,38.6,0.0,8.4,open_meteo_era5_gediz_manisa_2024_2025_87047bb5b8e5
gediz_manisa,2025-06-27,23.7,39.1,0.0,8.79,open_meteo_era5_gediz_manisa_2024_2025_87047bb5b8e5
gediz_manisa,2025-06-28,22.9,35.3,0.0,8.81,open_meteo_era5_gediz_manisa_2024_2025_87047bb5b8e5
gediz_manisa,2025-06-29,19.8,30.3,0.0,7.97,open_meteo_era5_gediz_manisa_2024_2025_87047bb5b8e5
gediz_manisa,2025-06-30,17.9,33.3,0.0,7.85,open_meteo_era5_gediz_manisa_2024_2025_87047bb5b8e5
gediz_manisa,2025-07-01,21.9,35.5,0.0,7.89,open_meteo_era5_gediz_manisa_2024_2025_87047bb5b8e5
gediz_manisa,2025-07-02,20.5,33.2,0.0,8.44,open_meteo_era5_gediz_manisa_2024_2025_87047bb5b8e5
gediz_manisa,2025-07-03,17.9,33.2,0.0,8.28,open_meteo_era5_gediz_manisa_2024_2025_87047bb5b8e5
gediz_manisa,2025-07-04,19.6,33.1,0.0,7.68,open_meteo_era5_gediz_manisa_2024_2025_87047bb5b8e5
gediz_manisa,2025-07-05,19.7,35.8,0.0,7.63,open_meteo_era5_gediz_manisa_2024_2025_87047bb5b8e5
gediz_manisa,2025-07-06,19.2,37.2,0.0,7.14,open_meteo_era5_gediz_manisa_2024_2025_87047bb5b8e5
gediz_manisa,2025-07-07,21.2,37.7,0.0,7.32,open_meteo_era5_gediz_manisa_2024_2025_87047bb5b8e5
gediz_manisa,2025-07-08,21.3,38.1,0.0,7.42,open_meteo_era5_gediz_manisa_2024_2025_87047bb5b8e5
gediz_manisa,2025-07-09,21.8,37.7,0.0,7.3,open_meteo_era5_gediz_manisa_2024_2025_87047bb5b8e5
gediz_manisa,2025-07-10,21.9,35.0,0.0,7.18,open_meteo_era5_gediz_manisa_2024_2025_87047bb5b8e5
gediz_manisa,2025-07-11,20.2,33.7,0.0,6.91,open_meteo_era5_gediz_manisa_2024_2025_87047bb5b8e5
gediz_manisa,2025-07-12,19.4,33.9,0.0,6.95,open_meteo_era5_gediz_manisa_2024_2025_87047bb5b8e5
gediz_manisa,2025-07-13,19.8,34.9,0.0,7.29,open_meteo_era5_gediz_manisa_2024_2025_87047bb5b8e5
gediz_manisa,2025-07-14,21.2,35.5,0.0,7.62,open_meteo_era5_gediz_manisa_2024_2025_87047bb5b8e5
gediz_manisa,2025-07-15,21.2,36.3,1.0,7.12,open_meteo_era5_gediz_manisa_2024_2025_87047bb5b8e5
gediz_manisa,2025-07-16,22.3,36.4,0.0,6.89,open_meteo_era5_gediz_manisa_2024_2025_87047bb5b8e5
gediz_manisa,2025-07-17,23.1,36.2,0.1,6.26,open_meteo_era5_gediz_manisa_2024_2025_87047bb5b8e5
gediz_manisa,2025-07-18,21.4,36.1,0.0,6.4,open_meteo_era5_gediz_manisa_2024_2025_87047bb5b8e5
gediz_manisa,2025-07-19,21.4,34.9,0.4,6.48,open_meteo_era5_gediz_manisa_2024_2025_87047bb5b8e5
gediz_manisa,2025-07-20,22.0,35.9,0.0,7.65,open_meteo_era5_gediz_manisa_2024_2025_87047bb5b8e5
gediz_manisa,2025-07-21,21.9,37.2,0.0,7.94,open_meteo_era5_gediz_manisa_2024_2025_87047bb5b8e5
gediz_manisa,2025-07-22,22.7,39.0,0.0,7.58,open_meteo_era5_gediz_manisa_2024_2025_87047bb5b8e5
gediz_manisa,2025-07-23,24.6,41.0,0.0,7.63,open_meteo_era5_gediz_manisa_2024_2025_87047bb5b8e5
gediz_manisa,2025-07-24,24.9,40.6,0.0,7.86,open_meteo_era5_gediz_manisa_2024_2025_87047bb5b8e5
gediz_manisa,2025-07-25,25.3,39.3,0.0,8.96,open_meteo_era5_gediz_manisa_2024_2025_87047bb5b8e5
gediz_manisa,2025-07-26,24.2,39.7,0.0,8.42,open_meteo_era5_gediz_manisa_2024_2025_87047bb5b8e5
gediz_manisa,2025-07-27,22.5,40.2,0.0,7.25,open_meteo_era5_gediz_manisa_2024_2025_87047bb5b8e5
gediz_manisa,2025-07-28,20.9,38.7,0.0,6.99,open_meteo_era5_gediz_manisa_2024_2025_87047bb5b8e5
gediz_manisa,2025-07-29,20.9,35.9,0.0,6.78,open_meteo_era5_gediz_manisa_2024_2025_87047bb5b8e5
gediz_manisa,2025-07-30,21.0,36.6,0.0,6.71,open_meteo_era5_gediz_manisa_2024_2025_87047bb5b8e5
gediz_manisa,2025-07-31,22.8,35.3,0.4,6.3,open_meteo_era5_gediz_manisa_2024_2025_87047bb5b8e5
gediz_manisa,2025-08-01,22.2,33.4,0.0,6.69,open_meteo_era5_gediz_manisa_2024_2025_87047bb5b8e5
gediz_manisa,2025-08-02,21.9,32.5,0.7,5.47,open_meteo_era5_gediz_manisa_2024_2025_87047bb5b8e5
gediz_manisa,2025-08-03,21.2,33.7,0.0,5.98,open_meteo_era5_gediz_manisa_2024_2025_87047bb5b8e5
gediz_manisa,2025-08-04,21.3,35.6,0.0,6.29,open_meteo_era5_gediz_manisa_2024_2025_87047bb5b8e5
gediz_manisa,2025-08-05,21.3,36.4,0.0,6.45,open_meteo_era5_gediz_manisa_2024_2025_87047bb5b8e5
gediz_manisa,2025-08-06,23.2,36.9,0.1,6.18,open_meteo_era5_gediz_manisa_2024_2025_87047bb5b8e5
gediz_manisa,2025-08-07,23.1,36.6,0.0,7.27,open_meteo_era5_gediz_manisa_2024_2025_87047bb5b8e5
gediz_manisa,2025-08-08,23.1,36.5,0.0,6.92,open_meteo_era5_gediz_manisa_2024_2025_87047bb5b8e5
gediz_manisa,2025-08-09,23.0,36.9,0.0,7.06,open_meteo_era5_gediz_manisa_2024_2025_87047bb5b8e5
gediz_manisa,2025-08-10,22.7,38.8,0.0,7.49,open_meteo_era5_gediz_manisa_2024_2025_87047bb5b8e5
gediz_manisa,2025-08-11,22.8,39.0,0.0,7.92,open_meteo_era5_gediz_manisa_2024_2025_87047bb5b8e5
gediz_manisa,2025-08-12,22.3,39.9,0.0,8.16,open_meteo_era5_gediz_manisa_2024_2025_87047bb5b8e5
gediz_manisa,2025-08-13,21.6,37.7,0.0,6.62,open_meteo_era5_gediz_manisa_2024_2025_87047bb5b8e5
gediz_manisa,2025-08-14,22.3,35.6,0.0,6.31,open_meteo_era5_gediz_manisa_2024_2025_87047bb5b8e5
gediz_manisa,2025-08-15,20.3,33.3,0.0,6.33,open_meteo_era5_gediz_manisa_2024_2025_87047bb5b8e5
gediz_manisa,2025-08-16,20.1,35.5,0.0,6.45,open_meteo_era5_gediz_manisa_2024_2025_87047bb5b8e5
gediz_manisa,2025-08-17,19.4,33.1,0.1,5.62,open_meteo_era5_gediz_manisa_2024_2025_87047bb5b8e5
gediz_manisa,2025-08-18,20.0,31.8,0.0,5.28,open_meteo_era5_gediz_manisa_2024_2025_87047bb5b8e5
gediz_manisa,2025-08-19,19.5,32.9,0.0,6.45,open_meteo_era5_gediz_manisa_2024_2025_87047bb5b8e5
gediz_manisa,2025-08-20,19.2,32.1,0.0,6.23,open_meteo_era5_gediz_manisa_2024_2025_87047bb5b8e5
gediz_manisa,2025-08-21,18.7,34.3,0.0,6.57,open_meteo_era5_gediz_manisa_2024_2025_87047bb5b8e5
gediz_manisa,2025-08-22,18.3,37.3,0.0,6.2,open_meteo_era5_gediz_manisa_2024_2025_87047bb5b8e5
gediz_manisa,2025-08-23,20.8,35.5,0.0,6.21,open_meteo_era5_gediz_manisa_2024_2025_87047bb5b8e5
gediz_manisa,2025-08-24,20.5,32.4,0.0,6.71,open_meteo_era5_gediz_manisa_2024_2025_87047bb5b8e5
gediz_manisa,2025-08-25,19.0,32.9,0.0,6.79,open_meteo_era5_gediz_manisa_2024_2025_87047bb5b8e5
gediz_manisa,2025-08-26,18.4,32.1,0.0,6.67,open_meteo_era5_gediz_manisa_2024_2025_87047bb5b8e5
gediz_manisa,2025-08-27,18.5,31.2,0.0,5.5,open_meteo_era5_gediz_manisa_2024_2025_87047bb5b8e5
gediz_manisa,2025-08-28,19.8,33.3,0.0,6.06,open_meteo_era5_gediz_manisa_2024_2025_87047bb5b8e5
gediz_manisa,2025-08-29,17.2,33.7,0.0,5.53,open_meteo_era5_gediz_manisa_2024_2025_87047bb5b8e5
gediz_manisa,2025-08-30,19.4,33.1,0.0,5.49,open_meteo_era5_gediz_manisa_2024_2025_87047bb5b8e5
gediz_manisa,2025-08-31,16.9,35.0,0.0,5.66,open_meteo_era5_gediz_manisa_2024_2025_87047bb5b8e5
gediz_manisa,2025-09-01,20.1,33.7,0.0,5.68,open_meteo_era5_gediz_manisa_2024_2025_87047bb5b8e5
gediz_manisa,2025-09-02,20.3,33.5,0.0,6.62,open_meteo_era5_gediz_manisa_2024_2025_87047bb5b8e5
gediz_manisa,2025-09-03,20.2,35.5,0.0,6.56,open_meteo_era5_gediz_manisa_2024_2025_87047bb5b8e5
gediz_manisa,2025-09-04,20.4,36.2,0.0,5.9,open_meteo_era5_gediz_manisa_2024_2025_87047bb5b8e5
gediz_manisa,2025-09-05,20.7,34.2,1.9,4.42,open_meteo_era5_gediz_manisa_2024_2025_87047bb5b8e5
gediz_manisa,2025-09-06,18.9,29.9,0.0,4.79,open_meteo_era5_gediz_manisa_2024_2025_87047bb5b8e5
gediz_manisa,2025-09-07,17.2,29.5,0.0,5.36,open_meteo_era5_gediz_manisa_2024_2025_87047bb5b8e5
gediz_manisa,2025-09-08,16.8,30.0,0.0,5.51,open_meteo_era5_gediz_manisa_2024_2025_87047bb5b8e5
gediz_manisa,2025-09-09,16.7,30.6,0.0,5.29,open_meteo_era5_gediz_manisa_2024_2025_87047bb5b8e5
gediz_manisa,2025-09-10,17.6,32.8,0.0,5.45,open_meteo_era5_gediz_manisa_2024_2025_87047bb5b8e5
gediz_manisa,2025-09-11,18.9,34.4,0.0,5.69,open_meteo_era5_gediz_manisa_2024_2025_87047bb5b8e5
gediz_manisa,2025-09-12,20.9,35.0,0.0,5.57,open_meteo_era5_gediz_manisa_2024_2025_87047bb5b8e5
gediz_manisa,2025-09-13,19.5,32.0,0.0,5.42,open_meteo_era5_gediz_manisa_2024_2025_87047bb5b8e5
gediz_manisa,2025-09-14,18.9,32.3,0.0,4.94,open_meteo_era5_gediz_manisa_2024_2025_87047bb5b8e5
gediz_manisa,2025-09-15,16.9,28.2,0.0,4.54,open_meteo_era5_gediz_manisa_2024_2025_87047bb5b8e5
gediz_manisa,2025-09-16,16.1,30.8,0.0,5.14,open_meteo_era5_gediz_manisa_2024_2025_87047bb5b8e5
gediz_manisa,2025-09-17,16.3,32.8,0.0,5.17,open_meteo_era5_gediz_manisa_2024_2025_87047bb5b8e5
gediz_manisa,2025-09-18,17.2,27.0,0.0,5.57,open_meteo_era5_gediz_manisa_2024_2025_87047bb5b8e5
gediz_manisa,2025-09-19,15.3,26.9,0.0,5.75,open_meteo_era5_gediz_manisa_2024_2025_87047bb5b8e5
gediz_manisa,2025-09-20,14.1,28.7,0.0,5.35,open_meteo_era5_gediz_manisa_2024_2025_87047bb5b8e5
gediz_manisa,2025-09-21,15.1,31.2,0.0,5.2,open_meteo_era5_gediz_manisa_2024_2025_87047bb5b8e5
gediz_manisa,2025-09-22,15.3,31.4,0.0,4.73,open_meteo_era5_gediz_manisa_2024_2025_87047bb5b8e5
gediz_manisa,2025-09-23,15.6,31.3,0.0,4.7,open_meteo_era5_gediz_manisa_2024_2025_87047bb5b8e5
gediz_manisa,2025-09-24,15.7,30.9,0.0,4.55,open_meteo_era5_gediz_manisa_2024_2025_87047bb5b8e5
gediz_manisa,2025-09-25,13.8,29.3,0.0,4.57,open_meteo_era5_gediz_manisa_2024_2025_87047bb5b8e5
gediz_manisa,2025-09-26,15.9,28.3,0.0,4.43,open_meteo_era5_gediz_manisa_2024_2025_87047bb5b8e5
gediz_manisa,2025-09-27,14.7,26.5,0.0,4.14,open_meteo_era5_gediz_manisa_2024_2025_87047bb5b8e5
gediz_manisa,2025-09-28,12.1,25.0,0.2,2.94,open_meteo_era5_gediz_manisa_2024_2025_87047bb5b8e5
gediz_manisa,2025-09-29,12.9,19.5,17.0,0.8,open_meteo_era5_gediz_manisa_2024_2025_87047bb5b8e5
gediz_manisa,2025-09-30,12.1,23.8,0.0,3.35,open_meteo_era5_gediz_manisa_2024_2025_87047bb5b8e5
gediz_manisa,2025-10-01,12.0,25.0,0.0,3.81,open_meteo_era5_gediz_manisa_2024_2025_87047bb5b8e5
gediz_manisa,2025-10-02,11.3,26.7,0.0,3.78,open_meteo_era5_gediz_manisa_2024_2025_87047bb5b8e5
gediz_manisa,2025-10-03,14.8,20.1,18.9,1.85,open_meteo_era5_gediz_manisa_2024_2025_87047bb5b8e5
gediz_manisa,2025-10-04,13.7,21.7,1.4,2.61,open_meteo_era5_gediz_manisa_2024_2025_87047bb5b8e5
gediz_manisa,2025-10-05,11.5,22.6,0.4,2.76,open_meteo_era5_gediz_manisa_2024_2025_87047bb5b8e5
gediz_manisa,2025-10-06,10.5,24.0,3.7,3.16,open_meteo_era5_gediz_manisa_2024_2025_87047bb5b8e5
gediz_manisa,2025-10-07,12.9,18.3,28.5,1.2,open_meteo_era5_gediz_manisa_2024_2025_87047bb5b8e5
gediz_manisa,2025-10-08,10.9,17.2,16.9,1.76,open_meteo_era5_gediz_manisa_2024_2025_87047bb5b8e5
gediz_manisa,2025-10-09,9.3,19.2,0.6,1.97,open_meteo_era5_gediz_manisa_2024_2025_87047bb5b8e5
gediz_manisa,2025-10-10,9.7,22.0,0.0,2.9,open_meteo_era5_gediz_manisa_2024_2025_87047bb5b8e5
gediz_manisa,2025-10-11,10.0,22.1,0.0,3.03,open_meteo_era5_gediz_manisa_2024_2025_87047bb5b8e5
gediz_manisa,2025-10-12,9.2,19.9,0.0,3.22,open_meteo_era5_gediz_manisa_2024_2025_87047bb5b8e5
gediz_manisa,2025-10-13,9.9,21.6,0.0,3.0,open_meteo_era5_gediz_manisa_2024_2025_87047bb5b8e5
gediz_manisa,2025-10-14,8.8,21.9,0.0,2.72,open_meteo_era5_gediz_manisa_2024_2025_87047bb5b8e5
gediz_manisa,2025-10-15,9.7,21.8,0.0,2.82,open_meteo_era5_gediz_manisa_2024_2025_87047bb5b8e5
gediz_manisa,2025-10-16,9.7,21.7,0.0,2.57,open_meteo_era5_gediz_manisa_2024_2025_87047bb5b8e5
gediz_manisa,2025-10-17,9.4,24.1,0.1,2.73,open_meteo_era5_gediz_manisa_2024_2025_87047bb5b8e5
gediz_manisa,2025-10-18,12.3,22.0,0.4,2.05,open_meteo_era5_gediz_manisa_2024_2025_87047bb5b8e5
gediz_manisa,2025-10-19,11.8,17.8,10.3,0.8,open_meteo_era5_gediz_manisa_2024_2025_87047bb5b8e5
gediz_manisa,2025-10-20,11.7,20.4,0.0,1.78,open_meteo_era5_gediz_manisa_2024_2025_87047bb5b8e5
gediz_manisa,2025-10-21,12.9,20.2,4.7,1.52,open_meteo_era5_gediz_manisa_2024_2025_87047bb5b8e5
gediz_manisa,2025-10-22,13.9,22.3,7.7,1.63,open_meteo_era5_gediz_manisa_2024_2025_87047bb5b8e5
gediz_manisa,2025-10-23,15.6,21.7,2.7,1.84,open_meteo_era5_gediz_manisa_2024_2025_87047bb5b8e5
gediz_manisa,2025-10-24,15.8,22.8,2.7,1.88,open_meteo_era5_gediz_manisa_2024_2025_87047bb5b8e5
gediz_manisa,2025-10-25,12.4,23.6,3.1,2.01,open_meteo_era5_gediz_manisa_2024_2025_87047bb5b8e5
gediz_manisa,2025-10-26,10.2,23.5,0.0,2.54,open_meteo_era5_gediz_manisa_2024_2025_87047bb5b8e5
gediz_manisa,2025-10-27,15.9,25.1,0.8,2.86,open_meteo_era5_gediz_manisa_2024_2025_87047bb5b8e5
gediz_manisa,2025-10-28,12.7,23.8,14.5,1.91,open_meteo_era5_gediz_manisa_2024_2025_87047bb5b8e5
gediz_manisa,2025-10-29,9.7,20.4,0.0,2.47,open_meteo_era5_gediz_manisa_2024_2025_87047bb5b8e5
gediz_manisa,2025-10-30,7.0,22.4,0.0,2.41,open_meteo_era5_gediz_manisa_2024_2025_87047bb5b8e5
gediz_manisa,2025-10-31,6.4,21.4,0.0,2.19,open_meteo_era5_gediz_manisa_2024_2025_87047bb5b8e5
gediz_manisa,2025-11-01,10.3,22.5,0.0,2.32,open_meteo_era5_gediz_manisa_2024_2025_87047bb5b8e5
gediz_manisa,2025-11-02,11.4,22.2,0.0,2.06,open_meteo_era5_gediz_manisa_2024_2025_87047bb5b8e5
gediz_manisa,2025-11-03,9.6,23.6,0.0,2.1,open_meteo_era5_gediz_manisa_2024_2025_87047bb5b8e5
gediz_manisa,2025-11-04,9.5,24.5,0.0,2.22,open_meteo_era5_gediz_manisa_2024_2025_87047bb5b8e5
gediz_manisa,2025-11-05,12.6,21.5,0.0,2.04,open_meteo_era5_gediz_manisa_2024_2025_87047bb5b8e5
gediz_manisa,2025-11-06,12.2,21.1,0.1,1.95,open_meteo_era5_gediz_manisa_2024_2025_87047bb5b8e5
gediz_manisa,2025-11-07,11.9,22.3,0.3,1.95,open_meteo_era5_gediz_manisa_2024_2025_87047bb5b8e5
gediz_manisa,2025-11-08,11.0,22.6,0.0,1.89,open_meteo_era5_gediz_manisa_2024_2025_87047bb5b8e5
gediz_manisa,2025-11-09,11.2,22.7,0.0,1.87,open_meteo_era5_gediz_manisa_2024_2025_87047bb5b8e5
gediz_manisa,2025-11-10,11.3,22.4,0.1,1.75,open_meteo_era5_gediz_manisa_2024_2025_87047bb5b8e5
gediz_manisa,2025-11-11,10.9,17.6,14.2,0.87,open_meteo_era5_gediz_manisa_2024_2025_87047bb5b8e5
gediz_manisa,2025-11-12,9.4,19.3,0.0,1.62,open_meteo_era5_gediz_manisa_2024_2025_87047bb5b8e5
gediz_manisa,2025-11-13,8.2,18.2,0.0,1.78,open_meteo_era5_gediz_manisa_2024_2025_87047bb5b8e5
gediz_manisa,2025-11-14,5.8,17.3,0.0,1.71,open_meteo_era5_gediz_manisa_2024_2025_87047bb5b8e5
gediz_manisa,2025-11-15,4.7,16.5,0.0,1.64,open_meteo_era5_gediz_manisa_2024_2025_87047bb5b8e5
gediz_manisa,2025-11-16,2.9,19.6,0.0,1.72,open_meteo_era5_gediz_manisa_2024_2025_87047bb5b8e5
gediz_manisa,2025-11-17,4.3,20.8,0.0,2.02,open_meteo_era5_gediz_manisa_2024_2025_87047bb5b8e5
gediz_manisa,2025-11-18,9.1,21.7,0.0,1.87,open_meteo_era5_gediz_manisa_2024_2025_87047bb5b8e5
gediz_manisa,2025-11-19,10.8,20.6,0.0,1.3,open_meteo_era5_gediz_manisa_2024_2025_87047bb5b8e5
gediz_manisa,2025-11-20,12.8,21.6,0.4,1.52,open_meteo_era5_gediz_manisa_2024_2025_87047bb5b8e5
gediz_manisa,2025-11-21,11.7,23.8,0.0,2.23,open_meteo_era5_gediz_manisa_2024_2025_87047bb5b8e5
gediz_manisa,2025-11-22,13.6,22.3,0.2,1.76,open_meteo_era5_gediz_manisa_2024_2025_87047bb5b8e5
gediz_manisa,2025-11-23,12.0,21.7,3.1,1.41,open_meteo_era5_gediz_manisa_2024_2025_87047bb5b8e5
gediz_manisa,2025-11-24,5.4,17.0,0.6,1.49,open_meteo_era5_gediz_manisa_2024_2025_87047bb5b8e5
gediz_manisa,2025-11-25,2.3,16.7,0.0,1.51,open_meteo_era5_gediz_manisa_2024_2025_87047bb5b8e5
gediz_manisa,2025-11-26,5.9,17.9,0.4,1.32,open_meteo_era5_gediz_manisa_2024_2025_87047bb5b8e5
gediz_manisa,2025-11-27,11.5,19.6,2.8,1.37,open_meteo_era5_gediz_manisa_2024_2025_87047bb5b8e5
gediz_manisa,2025-11-28,10.3,20.3,9.0,1.42,open_meteo_era5_gediz_manisa_2024_2025_87047bb5b8e5
gediz_manisa,2025-11-29,7.8,12.8,34.7,0.44,open_meteo_era5_gediz_manisa_2024_2025_87047bb5b8e5
gediz_manisa,2025-11-30,7.2,13.8,4.3,0.82,open_meteo_era5_gediz_manisa_2024_2025_87047bb5b8e5
gediz_manisa,2025-12-01,6.3,15.1,2.1,1.06,open_meteo_era5_gediz_manisa_2024_2025_87047bb5b8e5
gediz_manisa,2025-12-02,3.9,14.4,0.0,1.03,open_meteo_era5_gediz_manisa_2024_2025_87047bb5b8e5
gediz_manisa,2025-12-03,4.1,14.4,0.0,1.22,open_meteo_era5_gediz_manisa_2024_2025_87047bb5b8e5
gediz_manisa,2025-12-04,7.3,13.5,8.2,0.61,open_meteo_era5_gediz_manisa_2024_2025_87047bb5b8e5
gediz_manisa,2025-12-05,8.4,13.7,4.2,0.62,open_meteo_era5_gediz_manisa_2024_2025_87047bb5b8e5
gediz_manisa,2025-12-06,9.1,14.8,1.6,0.95,open_meteo_era5_gediz_manisa_2024_2025_87047bb5b8e5
gediz_manisa,2025-12-07,7.7,13.5,1.0,0.62,open_meteo_era5_gediz_manisa_2024_2025_87047bb5b8e5
gediz_manisa,2025-12-08,7.3,15.0,0.0,1.12,open_meteo_era5_gediz_manisa_2024_2025_87047bb5b8e5
gediz_manisa,2025-12-09,5.1,12.3,0.0,1.23,open_meteo_era5_gediz_manisa_2024_2025_87047bb5b8e5
gediz_manisa,2025-12-10,3.1,12.1,0.0,0.98,open_meteo_era5_gediz_manisa_2024_2025_87047bb5b8e5
gediz_manisa,2025-12-11,3.4,14.0,0.0,1.2,open_meteo_era5_gediz_manisa_2024_2025_87047bb5b8e5
gediz_manisa,2025-12-12,2.9,14.1,0.0,1.2,open_meteo_era5_gediz_manisa_2024_2025_87047bb5b8e5
gediz_manisa,2025-12-13,4.4,14.2,0.0,1.18,open_meteo_era5_gediz_manisa_2024_2025_87047bb5b8e5
gediz_manisa,2025-12-14,4.0,13.0,0.0,1.12,open_meteo_era5_gediz_manisa_2024_2025_87047bb5b8e5
gediz_manisa,2025-12-15,3.2,12.6,0.0,1.21,open_meteo_era5_gediz_manisa_2024_2025_87047bb5b8e5
gediz_manisa,2025-12-16,1.4,12.4,0.0,1.28,open_meteo_era5_gediz_manisa_2024_2025_87047bb5b8e5
gediz_manisa,2025-12-17,1.2,14.0,0.0,1.38,open_meteo_era5_gediz_manisa_2024_2025_87047bb5b8e5
gediz_manisa,2025-12-18,0.3,12.9,0.0,1.22,open_meteo_era5_gediz_manisa_2024_2025_87047bb5b8e5
gediz_manisa,2025-12-19,-0.7,12.3,0.0,1.16,open_meteo_era5_gediz_manisa_2024_2025_87047bb5b8e5
gediz_manisa,2025-12-20,0.8,10.7,0.0,0.87,open_meteo_era5_gediz_manisa_2024_2025_87047bb5b8e5
gediz_manisa,2025-12-21,5.8,13.4,3.0,0.98,open_meteo_era5_gediz_manisa_2024_2025_87047bb5b8e5
gediz_manisa,2025-12-22,6.2,12.9,0.6,1.01,open_meteo_era5_gediz_manisa_2024_2025_87047bb5b8e5
gediz_manisa,2025-12-23,5.9,14.0,0.0,1.07,open_meteo_era5_gediz_manisa_2024_2025_87047bb5b8e5
gediz_manisa,2025-12-24,4.6,15.4,1.0,1.14,open_meteo_era5_gediz_manisa_2024_2025_87047bb5b8e5
gediz_manisa,2025-12-25,8.2,14.3,4.6,0.9,open_meteo_era5_gediz_manisa_2024_2025_87047bb5b8e5
gediz_manisa,2025-12-26,3.6,12.4,0.0,0.96,open_meteo_era5_gediz_manisa_2024_2025_87047bb5b8e5
gediz_manisa,2025-12-27,0.7,8.1,0.0,1.24,open_meteo_era5_gediz_manisa_2024_2025_87047bb5b8e5
gediz_manisa,2025-12-28,-2.4,7.0,2.0,0.76,open_meteo_era5_gediz_manisa_2024_2025_87047bb5b8e5
gediz_manisa,2025-12-29,-2.3,7.4,0.0,0.98,open_meteo_era5_gediz_manisa_2024_2025_87047bb5b8e5
gediz_manisa,2025-12-30,-2.2,9.3,3.8,0.81,open_meteo_era5_gediz_manisa_2024_2025_87047bb5b8e5
gediz_manisa,2025-12-31,-1.5,6.3,1.6,1.02,open_meteo_era5_gediz_manisa_2024_2025_87047bb5b8e5
gap_sanliurfa,2024-01-01,2.7,15.1,0.0,1.44,open_meteo_era5_gap_sanliurfa_2024_2025_d07ae51935e7
gap_sanliurfa,2024-01-02,6.1,13.2,0.0,1.0,open_meteo_era5_gap_sanliurfa_2024_2025_d07ae51935e7
gap_sanliurfa,2024-01-03,6.8,12.9,2.2,0.98,open_meteo_era5_gap_sanliurfa_2024_2025_d07ae51935e7
gap_sanliurfa,2024-01-04,9.1,13.7,3.3,0.9,open_meteo_era5_gap_sanliurfa_2024_2025_d07ae51935e7
gap_sanliurfa,2024-01-05,9.3,16.0,2.2,1.32,open_meteo_era5_gap_sanliurfa_2024_2025_d07ae51935e7
gap_sanliurfa,2024-01-06,2.7,16.3,0.0,2.2,open_meteo_era5_gap_sanliurfa_2024_2025_d07ae51935e7
gap_sanliurfa,2024-01-07,2.7,14.4,0.0,1.77,open_meteo_era5_gap_sanliurfa_2024_2025_d07ae51935e7
gap_sanliurfa,2024-01-08,8.3,15.1,0.0,1.76,open_meteo_era5_gap_sanliurfa_2024_2025_d07ae51935e7
gap_sanliurfa,2024-01-09,8.3,15.0,0.6,1.86,open_meteo_era5_gap_sanliurfa_2024_2025_d07ae51935e7
gap_sanliurfa,2024-01-10,6.0,13.3,2.6,1.19,open_meteo_era5_gap_sanliurfa_2024_2025_d07ae51935e7
gap_sanliurfa,2024-01-11,4.7,10.3,14.5,0.6,open_meteo_era5_gap_sanliurfa_2024_2025_d07ae51935e7
gap_sanliurfa,2024-01-12,4.3,10.8,7.8,0.73,open_meteo_era5_gap_sanliurfa_2024_2025_d07ae51935e7
gap_sanliurfa,2024-01-13,7.3,10.4,7.5,0.85,open_meteo_era5_gap_sanliurfa_2024_2025_d07ae51935e7
gap_sanliurfa,2024-01-14,1.6,12.4,0.0,1.37,open_meteo_era5_gap_sanliurfa_2024_2025_d07ae51935e7
gap_sanliurfa,2024-01-15,1.2,8.1,1.3,0.56,open_meteo_era5_gap_sanliurfa_2024_2025_d07ae51935e7
gap_sanliurfa,2024-01-16,4.7,11.6,1.6,0.75,open_meteo_era5_gap_sanliurfa_2024_2025_d07ae51935e7
gap_sanliurfa,2024-01-17,6.3,13.1,0.8,0.81,open_meteo_era5_gap_sanliurfa_2024_2025_d07ae51935e7
gap_sanliurfa,2024-01-18,6.8,15.7,0.0,1.44,open_meteo_era5_gap_sanliurfa_2024_2025_d07ae51935e7
gap_sanliurfa,2024-01-19,7.3,14.6,0.5,1.15,open_meteo_era5_gap_sanliurfa_2024_2025_d07ae51935e7
gap_sanliurfa,2024-01-20,8.0,15.8,0.1,1.24,open_meteo_era5_gap_sanliurfa_2024_2025_d07ae51935e7
gap_sanliurfa,2024-01-21,9.4,16.4,1.1,1.67,open_meteo_era5_gap_sanliurfa_2024_2025_d07ae51935e7
gap_sanliurfa,2024-01-22,10.2,16.6,0.0,1.92,open_meteo_era5_gap_sanliurfa_2024_2025_d07ae51935e7
gap_sanliurfa,2024-01-23,9.5,14.6,6.8,1.35,open_meteo_era5_gap_sanliurfa_2024_2025_d07ae51935e7
gap_sanliurfa,2024-01-24,3.8,11.8,0.0,2.25,open_meteo_era5_gap_sanliurfa_2024_2025_d07ae51935e7
gap_sanliurfa,2024-01-25,1.4,12.4,2.9,1.78,open_meteo_era5_gap_sanliurfa_2024_2025_d07ae51935e7
gap_sanliurfa,2024-01-26,6.1,9.4,14.2,0.6,open_meteo_era5_gap_sanliurfa_2024_2025_d07ae51935e7
gap_sanliurfa,2024-01-27,3.7,11.6,0.2,2.21,open_meteo_era5_gap_sanliurfa_2024_2025_d07ae51935e7
gap_sanliurfa,2024-01-28,2.6,10.8,1.2,1.74,open_meteo_era5_gap_sanliurfa_2024_2025_d07ae51935e7
gap_sanliurfa,2024-01-29,4.8,9.8,3.6,1.35,open_meteo_era5_gap_sanliurfa_2024_2025_d07ae51935e7
gap_sanliurfa,2024-01-30,5.4,9.2,7.5,1.07,open_meteo_era5_gap_sanliurfa_2024_2025_d07ae51935e7
gap_sanliurfa,2024-01-31,2.2,9.8,5.2,1.05,open_meteo_era5_gap_sanliurfa_2024_2025_d07ae51935e7
gap_sanliurfa,2024-02-01,1.9,12.2,0.0,1.96,open_meteo_era5_gap_sanliurfa_2024_2025_d07ae51935e7
gap_sanliurfa,2024-02-02,0.7,13.0,0.0,2.1,open_meteo_era5_gap_sanliurfa_2024_2025_d07ae51935e7
gap_sanliurfa,2024-02-03,-0.3,12.5,4.7,1.57,open_meteo_era5_gap_sanliurfa_2024_2025_d07ae51935e7
gap_sanliurfa,2024-02-04,5.6,9.0,2.7,0.81,open_meteo_era5_gap_sanliurfa_2024_2025_d07ae51935e7
gap_sanliurfa,2024-02-05,5.1,9.5,5.7,0.53,open_meteo_era5_gap_sanliurfa_2024_2025_d07ae51935e7
gap_sanliurfa,2024-02-06,4.7,15.5,0.1,1.72,open_meteo_era5_gap_sanliurfa_2024_2025_d07ae51935e7
gap_sanliurfa,2024-02-07,5.8,12.4,0.3,0.82,open_meteo_era5_gap_sanliurfa_2024_2025_d07ae51935e7
gap_sanliurfa,2024-02-08,8.0,16.1,0.0,1.89,open_meteo_era5_gap_sanliurfa_2024_2025_d07ae51935e7
gap_sanliurfa,2024-02-09,9.8,17.0,1.4,2.35,open_meteo_era5_gap_sanliurfa_2024_2025_d07ae51935e7
gap_sanliurfa,2024-02-10,10.5,17.6,1.4,2.28,open_meteo_era5_gap_sanliurfa_2024_2025_d07ae51935e7
gap_sanliurfa,2024-02-11,7.5,19.2,0.0,2.45,open_meteo_era5_gap_sanliurfa_2024_2025_d07ae51935e7
gap_sanliurfa,2024-02-12,6.5,18.7,0.0,2.21,open_meteo_era5_gap_sanliurfa_2024_2025_d07ae51935e7
gap_sanliurfa,2024-02-13,10.9,17.5,0.2,2.44,open_meteo_era5_gap_sanliurfa_2024_2025_d07ae51935e7
gap_sanliurfa,2024-02-14,10.7,14.7,35.1,1.01,open_meteo_era5_gap_sanliurfa_2024_2025_d07ae51935e7
gap_sanliurfa,2024-02-15,7.9,15.9,0.3,1.78,open_meteo_era5_gap_sanliurfa_2024_2025_d07ae51935e7
gap_sanliurfa,2024-02-16,6.3,14.2,9.8,0.97,open_meteo_era5_gap_sanliurfa_2024_2025_d07ae51935e7
gap_sanliurfa,2024-02-17,6.9,14.3,0.0,1.81,open_meteo_era5_gap_sanliurfa_2024_2025_d07ae51935e7
gap_sanliurfa,2024-02-18,6.0,16.3,0.0,2.23,open_meteo_era5_gap_sanliurfa_2024_2025_d07ae51935e7
gap_sanliurfa,2024-02-19,5.9,13.8,5.0,1.23,open_meteo_era5_gap_sanliurfa_2024_2025_d07ae51935e7
gap_sanliurfa,2024-02-20,7.1,15.6,0.2,2.25,open_meteo_era5_gap_sanliurfa_2024_2025_d07ae51935e7
gap_sanliurfa,2024-02-21,5.7,15.0,0.1,2.22,open_meteo_era5_gap_sanliurfa_2024_2025_d07ae51935e7
gap_sanliurfa,2024-02-22,7.6,16.4,1.0,2.0,open_meteo_era5_gap_sanliurfa_2024_2025_d07ae51935e7
gap_sanliurfa,2024-02-23,6.8,16.3,0.1,2.14,open_meteo_era5_gap_sanliurfa_2024_2025_d07ae51935e7
gap_sanliurfa,2024-02-24,7.0,17.3,0.0,2.64,open_meteo_era5_gap_sanliurfa_2024_2025_d07ae51935e7
gap_sanliurfa,2024-02-25,5.8,19.6,0.0,3.46,open_meteo_era5_gap_sanliurfa_2024_2025_d07ae51935e7
gap_sanliurfa,2024-02-26,5.5,14.2,0.0,3.14,open_meteo_era5_gap_sanliurfa_2024_2025_d07ae51935e7
gap_sanliurfa,2024-02-27,3.4,14.6,0.0,2.85,open_meteo_era5_gap_sanliurfa_2024_2025_d07ae51935e7
gap_sanliurfa,2024-02-28,2.0,15.8,0.0,3.27,open_meteo_era5_gap_sanliurfa_2024_2025_d07ae51935e7
gap_sanliurfa,2024-02-29,2.5,17.9,0.0,3.11,open_meteo_era5_gap_sanliurfa_2024_2025_d07ae51935e7
gap_sanliurfa,2024-03-01,2.6,17.4,0.0,3.09,open_meteo_era5_gap_sanliurfa_2024_2025_d07ae51935e7
gap_sanliurfa,2024-03-02,3.8,17.0,0.0,3.6,open_meteo_era5_gap_sanliurfa_2024_2025_d07ae51935e7
gap_sanliurfa,2024-03-03,4.4,15.7,0.4,3.22,open_meteo_era5_gap_sanliurfa_2024_2025_d07ae51935e7
gap_sanliurfa,2024-03-04,3.1,17.8,0.0,3.13,open_meteo_era5_gap_sanliurfa_2024_2025_d07ae51935e7
gap_sanliurfa,2024-03-05,4.9,19.7,0.0,3.29,open_meteo_era5_gap_sanliurfa_2024_2025_d07ae51935e7
gap_sanliurfa,2024-03-06,8.7,17.8,0.4,2.76,open_meteo_era5_gap_sanliurfa_2024_2025_d07ae51935e7
gap_sanliurfa,2024-03-07,7.7,17.8,0.1,3.29,open_meteo_era5_gap_sanliurfa_2024_2025_d07ae51935e7
gap_sanliurfa,2024-03-08,6.4,18.8,0.4,3.57,open_meteo_era5_gap_sanliurfa_2024_2025_d07ae51935e7
gap_sanliurfa,2024-03-09,4.8,13.3,5.5,1.79,open_meteo_era5_gap_sanliurfa_2024_2025_d07ae51935e7
gap_sanliurfa,2024-03-10,3.1,15.3,0.3,2.5,open_meteo_era5_gap_sanliurfa_2024_2025_d07ae51935e7
gap_sanliurfa,2024-03-11,4.5,17.8,0.0,3.5,open_meteo_era5_gap_sanliurfa_2024_2025_d07ae51935e7
gap_sanliurfa,2024-03-12,6.0,19.4,0.0,3.62,open_meteo_era5_gap_sanliurfa_2024_2025_d07ae51935e7
gap_sanliurfa,2024-03-13,7.5,21.8,0.0,4.88,open_meteo_era5_gap_sanliurfa_2024_2025_d07ae51935e7
gap_sanliurfa,2024-03-14,10.4,22.3,0.0,4.47,open_meteo_era5_gap_sanliurfa_2024_2025_d07ae51935e7
gap_sanliurfa,2024-03-15,9.1,18.3,1.1,3.32,open_meteo_era5_gap_sanliurfa_2024_2025_d07ae51935e7
gap_sanliurfa,2024-03-16,7.5,19.1,0.2,3.48,open_meteo_era5_gap_sanliurfa_2024_2025_d07ae51935e7
gap_sanliurfa,2024-03-17,8.6,21.0,0.0,3.45,open_meteo_era5_gap_sanliurfa_2024_2025_d07ae51935e7
gap_sanliurfa,2024-03-18,10.9,13.4,14.9,0.99,open_meteo_era5_gap_sanliurfa_2024_2025_d07ae51935e7
gap_sanliurfa,2024-03-19,10.9,17.2,0.4,2.33,open_meteo_era5_gap_sanliurfa_2024_2025_d07ae51935e7
gap_sanliurfa,2024-03-20,9.7,18.6,4.2,2.82,open_meteo_era5_gap_sanliurfa_2024_2025_d07ae51935e7
gap_sanliurfa,2024-03-21,9.0,17.5,4.4,2.37,open_meteo_era5_gap_sanliurfa_2024_2025_d07ae51935e7
gap_sanliurfa,2024-03-22,6.8,16.8,3.1,3.13,open_meteo_era5_gap_sanliurfa_2024_2025_d07ae51935e7
gap_sanliurfa,2024-03-23,5.1,13.0,0.6,2.9,open_meteo_era5_gap_sanliurfa_2024_2025_d07ae51935e7
gap_sanliurfa,2024-03-24,5.1,15.0,0.0,2.96,open_meteo_era5_gap_sanliurfa_2024_2025_d07ae51935e7
gap_sanliurfa,2024-03-25,6.2,18.5,0.2,4.26,open_meteo_era5_gap_sanliurfa_2024_2025_d07ae51935e7
gap_sanliurfa,2024-03-26,8.8,17.0,3.9,1.98,open_meteo_era5_gap_sanliurfa_2024_2025_d07ae51935e7
gap_sanliurfa,2024-03-27,6.0,18.0,0.1,3.0,open_meteo_era5_gap_sanliurfa_2024_2025_d07ae51935e7
gap_sanliurfa,2024-03-28,9.8,20.9,0.0,3.98,open_meteo_era5_gap_sanliurfa_2024_2025_d07ae51935e7
gap_sanliurfa,2024-03-29,10.9,22.9,0.0,3.78,open_meteo_era5_gap_sanliurfa_2024_2025_d07ae51935e7
gap_sanliurfa,2024-03-30,12.1,27.0,0.0,4.85,open_meteo_era5_gap_sanliurfa_2024_2025_d07ae51935e7
gap_sanliurfa,2024-03-31,12.0,28.3,0.0,4.86,open_meteo_era5_gap_sanliurfa_2024_2025_d07ae51935e7
gap_sanliurfa,2024-04-01,12.6,29.2,0.0,5.08,open_meteo_era5_gap_sanliurfa_2024_2025_d07ae51935e7
gap_sanliurfa,2024-04-02,12.3,29.3,0.0,4.59,open_meteo_era5_gap_sanliurfa_2024_2025_d07ae51935e7
gap_sanliurfa,2024-04-03,11.9,29.6,0.0,5.41,open_meteo_era5_gap_sanliurfa_2024_2025_d07ae51935e7
gap_sanliurfa,2024-04-04,14.1,30.1,0.0,6.03,open_meteo_era5_gap_sanliurfa_2024_2025_d07ae51935e7
gap_sanliurfa,2024-04-05,12.6,27.9,0.0,5.87,open_meteo_era5_gap_sanliurfa_2024_2025_d07ae51935e7
gap_sanliurfa,2024-04-06,12.5,26.7,0.0,4.81,open_meteo_era5_gap_sanliurfa_2024_2025_d07ae51935e7
gap_sanliurfa,2024-04-07,11.9,25.2,0.4,4.78,open_meteo_era5_gap_sanliurfa_2024_2025_d07ae51935e7
gap_sanliurfa,2024-04-08,10.7,24.7,0.3,4.47,open_meteo_era5_gap_sanliurfa_2024_2025_d07ae51935e7
gap_sanliurfa,2024-04-09,10.3,16.5,16.2,1.6,open_meteo_era5_gap_sanliurfa_2024_2025_d07ae51935e7
gap_sanliurfa,2024-04-10,10.3,23.0,0.3,3.84,open_meteo_era5_gap_sanliurfa_2024_2025_d07ae51935e7
gap_sanliurfa,2024-04-11,11.3,24.5,0.0,4.17,open_meteo_era5_gap_sanliurfa_2024_2025_d07ae51935e7
gap_sanliurfa,2024-04-12,13.2,25.1,0.8,4.25,open_meteo_era5_gap_sanliurfa_2024_2025_d07ae51935e7
gap_sanliurfa,2024-04-13,13.1,26.5,0.0,4.56,open_meteo_era5_gap_sanliurfa_2024_2025_d07ae51935e7
gap_sanliurfa,2024-04-14,13.9,24.6,0.8,4.28,open_meteo_era5_gap_sanliurfa_2024_2025_d07ae51935e7
gap_sanliurfa,2024-04-15,15.0,27.2,0.0,5.21,open_meteo_era5_gap_sanliurfa_2024_2025_d07ae51935e7
gap_sanliurfa,2024-04-16,14.3,30.0,0.0,5.44,open_meteo_era5_gap_sanliurfa_2024_2025_d07ae51935e7
gap_sanliurfa,2024-04-17,13.8,31.0,0.0,5.74,open_meteo_era5_gap_sanliurfa_2024_2025_d07ae51935e7
gap_sanliurfa,2024-04-18,15.6,34.0,1.2,6.76,open_meteo_era5_gap_sanliurfa_2024_2025_d07ae51935e7
gap_sanliurfa,2024-04-19,15.6,30.5,0.0,6.66,open_meteo_era5_gap_sanliurfa_2024_2025_d07ae51935e7
gap_sanliurfa,2024-04-20,13.4,29.4,0.0,6.05,open_meteo_era5_gap_sanliurfa_2024_2025_d07ae51935e7
gap_sanliurfa,2024-04-21,15.3,29.7,0.0,6.87,open_meteo_era5_gap_sanliurfa_2024_2025_d07ae51935e7
gap_sanliurfa,2024-04-22,13.3,29.2,0.0,6.14,open_meteo_era5_gap_sanliurfa_2024_2025_d07ae51935e7
gap_sanliurfa,2024-04-23,15.9,32.3,0.0,7.24,open_meteo_era5_gap_sanliurfa_2024_2025_d07ae51935e7
gap_sanliurfa,2024-04-24,17.3,35.1,0.0,6.93,open_meteo_era5_gap_sanliurfa_2024_2025_d07ae51935e7
gap_sanliurfa,2024-04-25,16.8,35.1,0.0,6.18,open_meteo_era5_gap_sanliurfa_2024_2025_d07ae51935e7
gap_sanliurfa,2024-04-26,19.0,35.4,0.0,6.65,open_meteo_era5_gap_sanliurfa_2024_2025_d07ae51935e7
gap_sanliurfa,2024-04-27,20.1,36.8,0.0,7.63,open_meteo_era5_gap_sanliurfa_2024_2025_d07ae51935e7
gap_sanliurfa,2024-04-28,23.3,37.8,0.0,9.13,open_meteo_era5_gap_sanliurfa_2024_2025_d07ae51935e7
gap_sanliurfa,2024-04-29,23.6,36.1,0.1,7.64,open_meteo_era5_gap_sanliurfa_2024_2025_d07ae51935e7
gap_sanliurfa,2024-04-30,22.1,28.9,1.4,5.57,open_meteo_era5_gap_sanliurfa_2024_2025_d07ae51935e7
gap_sanliurfa,2024-05-01,20.4,28.9,0.7,4.52,open_meteo_era5_gap_sanliurfa_2024_2025_d07ae51935e7
gap_sanliurfa,2024-05-02,19.3,28.8,2.1,4.6,open_meteo_era5_gap_sanliurfa_2024_2025_d07ae51935e7
gap_sanliurfa,2024-05-03,17.9,26.9,0.1,5.96,open_meteo_era5_gap_sanliurfa_2024_2025_d07ae51935e7
gap_sanliurfa,2024-05-04,15.9,28.8,0.0,6.67,open_meteo_era5_gap_sanliurfa_2024_2025_d07ae51935e7
gap_sanliurfa,2024-05-05,13.5,26.4,0.7,5.42,open_meteo_era5_gap_sanliurfa_2024_2025_d07ae51935e7
gap_sanliurfa,2024-05-06,13.0,22.1,0.4,4.27,open_meteo_era5_gap_sanliurfa_2024_2025_d07ae51935e7
gap_sanliurfa,2024-05-07,11.4,24.4,0.0,5.58,open_meteo_era5_gap_sanliurfa_2024_2025_d07ae51935e7
gap_sanliurfa,2024-05-08,13.5,28.3,0.0,6.3,open_meteo_era5_gap_sanliurfa_2024_2025_d07ae51935e7
gap_sanliurfa,2024-05-09,12.9,30.0,0.0,6.41,open_meteo_era5_gap_sanliurfa_2024_2025_d07ae51935e7
gap_sanliurfa,2024-05-10,17.9,33.9,0.0,8.22,open_meteo_era5_gap_sanliurfa_2024_2025_d07ae51935e7
gap_sanliurfa,2024-05-11,18.1,32.3,0.3,6.84,open_meteo_era5_gap_sanliurfa_2024_2025_d07ae51935e7
gap_sanliurfa,2024-05-12,16.0,29.0,0.1,6.38,open_meteo_era5_gap_sanliurfa_2024_2025_d07ae51935e7
gap_sanliurfa,2024-05-13,14.5,24.9,1.9,4.93,open_meteo_era5_gap_sanliurfa_2024_2025_d07ae51935e7
gap_sanliurfa,2024-05-14,13.9,27.7,0.2,6.48,open_meteo_era5_gap_sanliurfa_2024_2025_d07ae51935e7
gap_sanliurfa,2024-05-15,13.1,28.5,0.0,5.52,open_meteo_era5_gap_sanliurfa_2024_2025_d07ae51935e7
gap_sanliurfa,2024-05-16,13.8,31.4,0.2,7.59,open_meteo_era5_gap_sanliurfa_2024_2025_d07ae51935e7
gap_sanliurfa,2024-05-17,16.9,30.8,0.0,7.31,open_meteo_era5_gap_sanliurfa_2024_2025_d07ae51935e7
gap_sanliurfa,2024-05-18,18.1,34.1,1.5,6.89,open_meteo_era5_gap_sanliurfa_2024_2025_d07ae51935e7
gap_sanliurfa,2024-05-19,19.8,34.8,0.0,7.99,open_meteo_era5_gap_sanliurfa_2024_2025_d07ae51935e7
gap_sanliurfa,2024-05-20,21.8,36.1,0.0,7.5,open_meteo_era5_gap_sanliurfa_2024_2025_d07ae51935e7
gap_sanliurfa,2024-05-21,20.6,36.2,0.0,6.99,open_meteo_era5_gap_sanliurfa_2024_2025_d07ae51935e7
gap_sanliurfa,2024-05-22,22.4,36.4,0.0,8.31,open_meteo_era5_gap_sanliurfa_2024_2025_d07ae51935e7
gap_sanliurfa,2024-05-23,22.4,36.7,0.4,7.4,open_meteo_era5_gap_sanliurfa_2024_2025_d07ae51935e7
gap_sanliurfa,2024-05-24,17.9,31.9,0.0,7.43,open_meteo_era5_gap_sanliurfa_2024_2025_d07ae51935e7
gap_sanliurfa,2024-05-25,17.3,30.1,1.3,6.43,open_meteo_era5_gap_sanliurfa_2024_2025_d07ae51935e7
gap_sanliurfa,2024-05-26,18.1,31.9,0.6,6.97,open_meteo_era5_gap_sanliurfa_2024_2025_d07ae51935e7
gap_sanliurfa,2024-05-27,16.6,33.5,0.0,7.69,open_meteo_era5_gap_sanliurfa_2024_2025_d07ae51935e7
gap_sanliurfa,2024-05-28,20.2,34.0,0.0,8.18,open_meteo_era5_gap_sanliurfa_2024_2025_d07ae51935e7
gap_sanliurfa,2024-05-29,18.0,35.1,0.0,7.87,open_meteo_era5_gap_sanliurfa_2024_2025_d07ae51935e7
gap_sanliurfa,2024-05-30,20.3,36.5,0.0,8.99,open_meteo_era5_gap_sanliurfa_2024_2025_d07ae51935e7
gap_sanliurfa,2024-05-31,18.8,33.5,0.0,8.91,open_meteo_era5_gap_sanliurfa_2024_2025_d07ae51935e7
gap_sanliurfa,2024-06-01,19.5,35.0,0.0,8.61,open_meteo_era5_gap_sanliurfa_2024_2025_d07ae51935e7
gap_sanliurfa,2024-06-02,22.4,37.8,0.0,8.85,open_meteo_era5_gap_sanliurfa_2024_2025_d07ae51935e7
gap_sanliurfa,2024-06-03,21.5,40.3,0.0,9.09,open_meteo_era5_gap_sanliurfa_2024_2025_d07ae51935e7
gap_sanliurfa,2024-06-04,23.1,41.5,0.0,8.66,open_meteo_era5_gap_sanliurfa_2024_2025_d07ae51935e7
gap_sanliurfa,2024-06-05,24.4,41.8,0.0,8.45,open_meteo_era5_gap_sanliurfa_2024_2025_d07ae51935e7
gap_sanliurfa,2024-06-06,25.5,42.2,0.0,8.52,open_meteo_era5_gap_sanliurfa_2024_2025_d07ae51935e7
gap_sanliurfa,2024-06-07,26.8,43.6,0.1,7.91,open_meteo_era5_gap_sanliurfa_2024_2025_d07ae51935e7
gap_sanliurfa,2024-06-08,26.8,41.6,0.1,10.21,open_meteo_era5_gap_sanliurfa_2024_2025_d07ae51935e7
gap_sanliurfa,2024-06-09,25.8,39.6,0.0,9.12,open_meteo_era5_gap_sanliurfa_2024_2025_d07ae51935e7
gap_sanliurfa,2024-06-10,25.4,38.2,0.0,9.01,open_meteo_era5_gap_sanliurfa_2024_2025_d07ae51935e7
gap_sanliurfa,2024-06-11,24.4,38.1,0.0,8.46,open_meteo_era5_gap_sanliurfa_2024_2025_d07ae51935e7
gap_sanliurfa,2024-06-12,25.7,40.9,0.0,9.75,open_meteo_era5_gap_sanliurfa_2024_2025_d07ae51935e7
gap_sanliurfa,2024-06-13,28.7,41.9,0.0,10.59,open_meteo_era5_gap_sanliurfa_2024_2025_d07ae51935e7
gap_sanliurfa,2024-06-14,28.6,41.5,0.0,10.76,open_meteo_era5_gap_sanliurfa_2024_2025_d07ae51935e7
gap_sanliurfa,2024-06-15,27.9,43.3,0.1,10.47,open_meteo_era5_gap_sanliurfa_2024_2025_d07ae51935e7
gap_sanliurfa,2024-06-16,27.1,40.7,0.0,9.57,open_meteo_era5_gap_sanliurfa_2024_2025_d07ae51935e7
gap_sanliurfa,2024-06-17,23.8,40.1,0.0,8.78,open_meteo_era5_gap_sanliurfa_2024_2025_d07ae51935e7
gap_sanliurfa,2024-06-18,24.4,41.7,0.0,8.27,open_meteo_era5_gap_sanliurfa_2024_2025_d07ae51935e7
gap_sanliurfa,2024-06-19,24.9,44.4,0.0,8.56,open_meteo_era5_gap_sanliurfa_2024_2025_d07ae51935e7
gap_sanliurfa,2024-06-20,27.4,45.8,0.0,8.96,open_meteo_era5_gap_sanliurfa_2024_2025_d07ae51935e7
gap_sanliurfa,2024-06-21,28.9,44.7,0.0,8.97,open_meteo_era5_gap_sanliurfa_2024_2025_d07ae51935e7
gap_sanliurfa,2024-06-22,27.2,42.5,0.0,8.48,open_meteo_era5_gap_sanliurfa_2024_2025_d07ae51935e7
gap_sanliurfa,2024-06-23,25.6,40.1,1.9,7.53,open_meteo_era5_gap_sanliurfa_2024_2025_d07ae51935e7
gap_sanliurfa,2024-06-24,25.5,42.4,0.0,8.74,open_meteo_era5_gap_sanliurfa_2024_2025_d07ae51935e7
gap_sanliurfa,2024-06-25,27.2,44.8,0.0,10.54,open_meteo_era5_gap_sanliurfa_2024_2025_d07ae51935e7
gap_sanliurfa,2024-06-26,28.0,41.2,0.0,12.83,open_meteo_era5_gap_sanliurfa_2024_2025_d07ae51935e7
gap_sanliurfa,2024-06-27,25.5,39.0,0.0,10.01,open_meteo_era5_gap_sanliurfa_2024_2025_d07ae51935e7
gap_sanliurfa,2024-06-28,26.6,40.8,0.0,9.63,open_meteo_era5_gap_sanliurfa_2024_2025_d07ae51935e7
gap_sanliurfa,2024-06-29,27.6,40.7,0.0,10.2,open_meteo_era5_gap_sanliurfa_2024_2025_d07ae51935e7
gap_sanliurfa,2024-06-30,26.0,39.0,0.0,9.44,open_meteo_era5_gap_sanliurfa_2024_2025_d07ae51935e7
gap_sanliurfa,2024-07-01,28.2,38.4,0.1,10.22,open_meteo_era5_gap_sanliurfa_2024_2025_d07ae51935e7
gap_sanliurfa,2024-07-02,26.5,37.4,0.0,9.56,open_meteo_era5_gap_sanliurfa_2024_2025_d07ae51935e7
gap_sanliurfa,2024-07-03,27.2,39.2,0.0,10.36,open_meteo_era5_gap_sanliurfa_2024_2025_d07ae51935e7
gap_sanliurfa,2024-07-04,26.0,42.5,0.0,9.4,open_meteo_era5_gap_sanliurfa_2024_2025_d07ae51935e7
gap_sanliurfa,2024-07-05,25.0,39.6,0.0,9.92,open_meteo_era5_gap_sanliurfa_2024_2025_d07ae51935e7
gap_sanliurfa,2024-07-06,24.3,39.2,0.0,9.53,open_meteo_era5_gap_sanliurfa_2024_2025_d07ae51935e7
gap_sanliurfa,2024-07-07,27.7,40.9,0.0,9.63,open_meteo_era5_gap_sanliurfa_2024_2025_d07ae51935e7
gap_sanliurfa,2024-07-08,29.5,42.1,0.0,8.56,open_meteo_era5_gap_sanliurfa_2024_2025_d07ae51935e7
gap_sanliurfa,2024-07-09,29.4,42.1,0.0,7.88,open_meteo_era5_gap_sanliurfa_2024_2025_d07ae51935e7
gap_sanliurfa,2024-07-10,29.0,42.3,0.0,8.69,open_meteo_era5_gap_sanliurfa_2024_2025_d07ae51935e7
gap_sanliurfa,2024-07-11,28.1,43.0,0.0,9.66,open_meteo_era5_gap_sanliurfa_2024_2025_d07ae51935e7
gap_sanliurfa,2024-07-12,28.0,41.9,0.0,10.0,open_meteo_era5_gap_sanliurfa_2024_2025_d07ae51935e7
gap_sanliurfa,2024-07-13,28.4,43.0,0.0,10.42,open_meteo_era5_gap_sanliurfa_2024_2025_d07ae51935e7
gap_sanliurfa,2024-07-14,27.7,43.3,0.0,9.87,open_meteo_era5_gap_sanliurfa_2024_2025_d07ae51935e7
gap_sanliurfa,2024-07-15,27.9,42.6,0.0,9.34,open_meteo_era5_gap_sanliurfa_2024_2025_d07ae51935e7
gap_sanliurfa,2024-07-16,27.7,41.9,0.0,9.47,open_meteo_era5_gap_sanliurfa_2024_2025_d07ae51935e7
gap_sanliurfa,2024-07-17,27.3,41.4,0.0,9.24,open_meteo_era5_gap_sanliurfa_2024_2025_d07ae51935e7
gap_sanliurfa,2024-07-18,28.8,44.0,0.0,9.46,open_meteo_era5_gap_sanliurfa_2024_2025_d07ae51935e7
gap_sanliurfa,2024-07-19,31.5,41.6,0.0,10.14,open_meteo_era5_gap_sanliurfa_2024_2025_d07ae51935e7
gap_sanliurfa,2024-07-20,29.8,41.1,0.0,10.17,open_meteo_era5_gap_sanliurfa_2024_2025_d07ae51935e7
gap_sanliurfa,2024-07-21,30.6,41.4,0.0,9.83,open_meteo_era5_gap_sanliurfa_2024_2025_d07ae51935e7
gap_sanliurfa,2024-07-22,29.4,43.2,0.0,9.47,open_meteo_era5_gap_sanliurfa_2024_2025_d07ae51935e7
gap_sanliurfa,2024-07-23,30.7,44.2,0.0,10.52,open_meteo_era5_gap_sanliurfa_2024_2025_d07ae51935e7
gap_sanliurfa,2024-07-24,31.3,43.2,0.0,11.53,open_meteo_era5_gap_sanliurfa_2024_2025_d07ae51935e7
gap_sanliurfa,2024-07-25,27.6,41.1,0.0,10.6,open_meteo_era5_gap_sanliurfa_2024_2025_d07ae51935e7
gap_sanliurfa,2024-07-26,26.5,39.9,0.0,9.53,open_meteo_era5_gap_sanliurfa_2024_2025_d07ae51935e7
gap_sanliurfa,2024-07-27,27.3,39.7,0.0,9.81,open_meteo_era5_gap_sanliurfa_2024_2025_d07ae51935e7
gap_sanliurfa,2024-07-28,28.0,39.4,0.0,11.15,open_meteo_era5_gap_sanliurfa_2024_2025_d07ae51935e7
gap_sanliurfa,2024-07-29,28.8,41.0,0.0,11.02,open_meteo_era5_gap_sanliurfa_2024_2025_d07ae51935e7
gap_sanliurfa,2024-07-30,26.2,42.2,0.0,9.05,open_meteo_era5_gap_sanliurfa_2024_2025_d07ae51935e7
gap_sanliurfa,2024-07-31,28.1,42.0,0.0,9.04,open_meteo_era5_gap_sanliurfa_2024_2025_d07ae51935e7
gap_sanliurfa,2024-08-01,28.4,41.8,0.0,9.12,open_meteo_era5_gap_sanliurfa_2024_2025_d07ae51935e7
gap_sanliurfa,2024-08-02,28.2,41.3,0.0,9.84,open_meteo_era5_gap_sanliurfa_2024_2025_d07ae51935e7
gap_sanliurfa,2024-08-03,28.0,40.7,0.0,9.78,open_meteo_era5_gap_sanliurfa_2024_2025_d07ae51935e7
gap_sanliurfa,2024-08-04,26.4,43.0,0.0,8.98,open_meteo_era5_gap_sanliurfa_2024_2025_d07ae51935e7
gap_sanliurfa,2024-08-05,27.3,43.8,0.0,9.14,open_meteo_era5_gap_sanliurfa_2024_2025_d07ae51935e7
gap_sanliurfa,2024-08-06,28.5,43.9,0.0,10.27,open_meteo_era5_gap_sanliurfa_2024_2025_d07ae51935e7
gap_sanliurfa,2024-08-07,28.5,43.7,0.0,8.85,open_meteo_era5_gap_sanliurfa_2024_2025_d07ae51935e7
gap_sanliurfa,2024-08-08,28.9,43.4,0.0,8.76,open_meteo_era5_gap_sanliurfa_2024_2025_d07ae51935e7
gap_sanliurfa,2024-08-09,29.1,42.9,0.0,8.54,open_meteo_era5_gap_sanliurfa_2024_2025_d07ae51935e7
gap_sanliurfa,2024-08-10,28.6,43.3,0.0,9.15,open_meteo_era5_gap_sanliurfa_2024_2025_d07ae51935e7
gap_sanliurfa,2024-08-11,29.4,42.6,0.0,9.83,open_meteo_era5_gap_sanliurfa_2024_2025_d07ae51935e7
gap_sanliurfa,2024-08-12,29.0,39.7,0.0,9.52,open_meteo_era5_gap_sanliurfa_2024_2025_d07ae51935e7
gap_sanliurfa,2024-08-13,29.9,42.7,0.0,8.85,open_meteo_era5_gap_sanliurfa_2024_2025_d07ae51935e7
gap_sanliurfa,2024-08-14,28.3,42.5,0.0,8.38,open_meteo_era5_gap_sanliurfa_2024_2025_d07ae51935e7
gap_sanliurfa,2024-08-15,28.0,42.2,0.0,8.89,open_meteo_era5_gap_sanliurfa_2024_2025_d07ae51935e7
gap_sanliurfa,2024-08-16,26.1,41.2,0.0,7.48,open_meteo_era5_gap_sanliurfa_2024_2025_d07ae51935e7
gap_sanliurfa,2024-08-17,28.5,39.6,0.0,7.09,open_meteo_era5_gap_sanliurfa_2024_2025_d07ae51935e7
gap_sanliurfa,2024-08-18,27.4,42.1,0.0,7.46,open_meteo_era5_gap_sanliurfa_2024_2025_d07ae51935e7
gap_sanliurfa,2024-08-19,28.5,42.8,0.0,9.55,open_meteo_era5_gap_sanliurfa_2024_2025_d07ae51935e7
gap_sanliurfa,2024-08-20,25.9,41.3,0.0,7.47,open_meteo_era5_gap_sanliurfa_2024_2025_d07ae51935e7
gap_sanliurfa,2024-08-21,27.2,43.2,0.0,7.69,open_meteo_era5_gap_sanliurfa_2024_2025_d07ae51935e7
gap_sanliurfa,2024-08-22,26.6,40.8,0.0,8.46,open_meteo_era5_gap_sanliurfa_2024_2025_d07ae51935e7
gap_sanliurfa,2024-08-23,26.1,40.4,0.0,7.79,open_meteo_era5_gap_sanliurfa_2024_2025_d07ae51935e7
gap_sanliurfa,2024-08-24,24.8,39.6,0.0,7.77,open_meteo_era5_gap_sanliurfa_2024_2025_d07ae51935e7
gap_sanliurfa,2024-08-25,24.9,37.3,0.0,7.73,open_meteo_era5_gap_sanliurfa_2024_2025_d07ae51935e7
gap_sanliurfa,2024-08-26,25.3,38.1,0.0,7.42,open_meteo_era5_gap_sanliurfa_2024_2025_d07ae51935e7
gap_sanliurfa,2024-08-27,25.4,38.9,0.0,7.46,open_meteo_era5_gap_sanliurfa_2024_2025_d07ae51935e7
gap_sanliurfa,2024-08-28,25.7,38.9,0.0,7.94,open_meteo_era5_gap_sanliurfa_2024_2025_d07ae51935e7
gap_sanliurfa,2024-08-29,25.4,40.0,0.0,8.42,open_meteo_era5_gap_sanliurfa_2024_2025_d07ae51935e7
gap_sanliurfa,2024-08-30,24.9,39.0,0.0,8.35,open_meteo_era5_gap_sanliurfa_2024_2025_d07ae51935e7
gap_sanliurfa,2024-08-31,26.1,40.3,0.0,8.8,open_meteo_era5_gap_sanliurfa_2024_2025_d07ae51935e7
gap_sanliurfa,2024-09-01,24.8,36.9,0.0,7.62,open_meteo_era5_gap_sanliurfa_2024_2025_d07ae51935e7
gap_sanliurfa,2024-09-02,23.2,35.6,0.0,7.1,open_meteo_era5_gap_sanliurfa_2024_2025_d07ae51935e7
gap_sanliurfa,2024-09-03,23.5,36.8,0.0,7.14,open_meteo_era5_gap_sanliurfa_2024_2025_d07ae51935e7
gap_sanliurfa,2024-09-04,23.8,37.9,0.0,6.94,open_meteo_era5_gap_sanliurfa_2024_2025_d07ae51935e7
gap_sanliurfa,2024-09-05,24.4,36.8,0.0,6.31,open_meteo_era5_gap_sanliurfa_2024_2025_d07ae51935e7
gap_sanliurfa,2024-09-06,24.8,38.1,0.0,6.45,open_meteo_era5_gap_sanliurfa_2024_2025_d07ae51935e7
gap_sanliurfa,2024-09-07,26.7,37.4,0.0,6.75,open_meteo_era5_gap_sanliurfa_2024_2025_d07ae51935e7
gap_sanliurfa,2024-09-08,25.3,38.0,0.0,6.74,open_meteo_era5_gap_sanliurfa_2024_2025_d07ae51935e7
gap_sanliurfa,2024-09-09,24.4,39.0,0.0,6.02,open_meteo_era5_gap_sanliurfa_2024_2025_d07ae51935e7
gap_sanliurfa,2024-09-10,27.6,40.3,0.0,8.4,open_meteo_era5_gap_sanliurfa_2024_2025_d07ae51935e7
gap_sanliurfa,2024-09-11,24.8,37.5,0.0,7.55,open_meteo_era5_gap_sanliurfa_2024_2025_d07ae51935e7
gap_sanliurfa,2024-09-12,23.3,37.0,0.0,7.56,open_meteo_era5_gap_sanliurfa_2024_2025_d07ae51935e7
gap_sanliurfa,2024-09-13,23.3,39.4,0.0,7.72,open_meteo_era5_gap_sanliurfa_2024_2025_d07ae51935e7
gap_sanliurfa,2024-09-14,24.3,39.8,0.0,7.46,open_meteo_era5_gap_sanliurfa_2024_2025_d07ae51935e7
gap_sanliurfa,2024-09-15,24.0,38.7,0.0,7.56,open_meteo_era5_gap_sanliurfa_2024_2025_d07ae51935e7
gap_sanliurfa,2024-09-16,21.8,33.0,0.0,7.06,open_meteo_era5_gap_sanliurfa_2024_2025_d07ae51935e7
gap_sanliurfa,2024-09-17,20.9,32.9,0.0,6.06,open_meteo_era5_gap_sanliurfa_2024_2025_d07ae51935e7
gap_sanliurfa,2024-09-18,20.6,33.9,0.0,5.61,open_meteo_era5_gap_sanliurfa_2024_2025_d07ae51935e7
gap_sanliurfa,2024-09-19,22.3,33.3,1.6,5.26,open_meteo_era5_gap_sanliurfa_2024_2025_d07ae51935e7
gap_sanliurfa,2024-09-20,21.4,33.1,0.0,5.2,open_meteo_era5_gap_sanliurfa_2024_2025_d07ae51935e7
gap_sanliurfa,2024-09-21,19.6,31.0,0.0,4.62,open_meteo_era5_gap_sanliurfa_2024_2025_d07ae51935e7
gap_sanliurfa,2024-09-22,18.9,28.3,2.1,3.3,open_meteo_era5_gap_sanliurfa_2024_2025_d07ae51935e7
gap_sanliurfa,2024-09-23,17.3,30.1,0.0,4.56,open_meteo_era5_gap_sanliurfa_2024_2025_d07ae51935e7
gap_sanliurfa,2024-09-24,17.9,31.2,0.0,4.68,open_meteo_era5_gap_sanliurfa_2024_2025_d07ae51935e7
gap_sanliurfa,2024-09-25,18.3,33.2,0.0,5.53,open_meteo_era5_gap_sanliurfa_2024_2025_d07ae51935e7
gap_sanliurfa,2024-09-26,19.5,35.3,0.0,5.9,open_meteo_era5_gap_sanliurfa_2024_2025_d07ae51935e7
gap_sanliurfa,2024-09-27,19.7,36.4,0.0,6.39,open_meteo_era5_gap_sanliurfa_2024_2025_d07ae51935e7
gap_sanliurfa,2024-09-28,19.3,36.9,0.0,6.63,open_meteo_era5_gap_sanliurfa_2024_2025_d07ae51935e7
gap_sanliurfa,2024-09-29,18.4,34.1,0.0,6.33,open_meteo_era5_gap_sanliurfa_2024_2025_d07ae51935e7
gap_sanliurfa,2024-09-30,21.0,34.2,0.0,5.31,open_meteo_era5_gap_sanliurfa_2024_2025_d07ae51935e7
gap_sanliurfa,2024-10-01,19.8,29.5,0.2,5.23,open_meteo_era5_gap_sanliurfa_2024_2025_d07ae51935e7
gap_sanliurfa,2024-10-02,18.6,28.9,0.0,4.65,open_meteo_era5_gap_sanliurfa_2024_2025_d07ae51935e7
gap_sanliurfa,2024-10-03,16.0,29.4,0.0,4.6,open_meteo_era5_gap_sanliurfa_2024_2025_d07ae51935e7
gap_sanliurfa,2024-10-04,15.7,31.9,0.0,4.87,open_meteo_era5_gap_sanliurfa_2024_2025_d07ae51935e7
gap_sanliurfa,2024-10-05,16.4,34.4,0.0,5.15,open_meteo_era5_gap_sanliurfa_2024_2025_d07ae51935e7
gap_sanliurfa,2024-10-06,15.8,34.4,0.0,4.93,open_meteo_era5_gap_sanliurfa_2024_2025_d07ae51935e7
gap_sanliurfa,2024-10-07,16.4,34.9,0.0,5.3,open_meteo_era5_gap_sanliurfa_2024_2025_d07ae51935e7
gap_sanliurfa,2024-10-08,20.0,34.2,0.0,4.94,open_meteo_era5_gap_sanliurfa_2024_2025_d07ae51935e7
gap_sanliurfa,2024-10-09,18.6,35.1,0.0,4.67,open_meteo_era5_gap_sanliurfa_2024_2025_d07ae51935e7
gap_sanliurfa,2024-10-10,18.6,34.9,0.0,4.92,open_meteo_era5_gap_sanliurfa_2024_2025_d07ae51935e7
gap_sanliurfa,2024-10-11,18.7,31.4,0.0,4.05,open_meteo_era5_gap_sanliurfa_2024_2025_d07ae51935e7
gap_sanliurfa,2024-10-12,19.3,32.9,0.0,4.41,open_meteo_era5_gap_sanliurfa_2024_2025_d07ae51935e7
gap_sanliurfa,2024-10-13,20.3,33.3,0.0,4.75,open_meteo_era5_gap_sanliurfa_2024_2025_d07ae51935e7
gap_sanliurfa,2024-10-14,19.8,32.4,0.0,4.36,open_meteo_era5_gap_sanliurfa_2024_2025_d07ae51935e7
gap_sanliurfa,2024-10-15,18.5,32.3,0.0,4.41,open_meteo_era5_gap_sanliurfa_2024_2025_d07ae51935e7
gap_sanliurfa,2024-10-16,19.0,32.3,0.0,4.28,open_meteo_era5_gap_sanliurfa_2024_2025_d07ae51935e7
gap_sanliurfa,2024-10-17,18.7,30.1,0.0,5.43,open_meteo_era5_gap_sanliurfa_2024_2025_d07ae51935e7
gap_sanliurfa,2024-10-18,12.5,22.8,0.0,5.04,open_meteo_era5_gap_sanliurfa_2024_2025_d07ae51935e7
gap_sanliurfa,2024-10-19,8.7,21.6,0.0,4.14,open_meteo_era5_gap_sanliurfa_2024_2025_d07ae51935e7
gap_sanliurfa,2024-10-20,7.7,21.8,0.0,3.89,open_meteo_era5_gap_sanliurfa_2024_2025_d07ae51935e7
gap_sanliurfa,2024-10-21,10.9,21.4,0.0,4.81,open_meteo_era5_gap_sanliurfa_2024_2025_d07ae51935e7
gap_sanliurfa,2024-10-22,11.5,21.5,0.0,5.17,open_meteo_era5_gap_sanliurfa_2024_2025_d07ae51935e7
gap_sanliurfa,2024-10-23,11.1,23.7,0.0,4.77,open_meteo_era5_gap_sanliurfa_2024_2025_d07ae51935e7
gap_sanliurfa,2024-10-24,10.6,25.3,0.0,4.15,open_meteo_era5_gap_sanliurfa_2024_2025_d07ae51935e7
gap_sanliurfa,2024-10-25,8.3,25.3,0.0,3.72,open_meteo_era5_gap_sanliurfa_2024_2025_d07ae51935e7
gap_sanliurfa,2024-10-26,9.9,25.3,0.0,3.41,open_meteo_era5_gap_sanliurfa_2024_2025_d07ae51935e7
gap_sanliurfa,2024-10-27,11.2,25.4,0.0,4.17,open_meteo_era5_gap_sanliurfa_2024_2025_d07ae51935e7
gap_sanliurfa,2024-10-28,8.6,24.8,0.0,3.67,open_meteo_era5_gap_sanliurfa_2024_2025_d07ae51935e7
gap_sanliurfa,2024-10-29,7.6,25.6,0.0,3.52,open_meteo_era5_gap_sanliurfa_2024_2025_d07ae51935e7
gap_sanliurfa,2024-10-30,8.4,24.9,0.0,3.56,open_meteo_era5_gap_sanliurfa_2024_2025_d07ae51935e7
gap_sanliurfa,2024-10-31,10.0,24.1,0.2,3.66,open_meteo_era5_gap_sanliurfa_2024_2025_d07ae51935e7
gap_sanliurfa,2024-11-01,11.6,26.3,0.0,3.81,open_meteo_era5_gap_sanliurfa_2024_2025_d07ae51935e7
gap_sanliurfa,2024-11-02,11.4,25.2,0.0,3.23,open_meteo_era5_gap_sanliurfa_2024_2025_d07ae51935e7
gap_sanliurfa,2024-11-03,11.6,18.7,5.7,1.3,open_meteo_era5_gap_sanliurfa_2024_2025_d07ae51935e7
gap_sanliurfa,2024-11-04,11.3,19.3,0.6,1.51,open_meteo_era5_gap_sanliurfa_2024_2025_d07ae51935e7
gap_sanliurfa,2024-11-05,9.0,21.8,0.0,2.68,open_meteo_era5_gap_sanliurfa_2024_2025_d07ae51935e7
gap_sanliurfa,2024-11-06,8.6,21.0,0.0,2.89,open_meteo_era5_gap_sanliurfa_2024_2025_d07ae51935e7
gap_sanliurfa,2024-11-07,8.9,22.8,0.0,2.82,open_meteo_era5_gap_sanliurfa_2024_2025_d07ae51935e7
gap_sanliurfa,2024-11-08,7.2,23.7,0.0,2.93,open_meteo_era5_gap_sanliurfa_2024_2025_d07ae51935e7
gap_sanliurfa,2024-11-09,7.6,22.9,0.0,2.88,open_meteo_era5_gap_sanliurfa_2024_2025_d07ae51935e7
gap_sanliurfa,2024-11-10,10.7,23.0,1.0,3.49,open_meteo_era5_gap_sanliurfa_2024_2025_d07ae51935e7
gap_sanliurfa,2024-11-11,11.6,22.0,0.3,2.65,open_meteo_era5_gap_sanliurfa_2024_2025_d07ae51935e7
gap_sanliurfa,2024-11-12,10.0,22.3,0.0,2.78,open_meteo_era5_gap_sanliurfa_2024_2025_d07ae51935e7
gap_sanliurfa,2024-11-13,9.1,24.2,0.0,2.83,open_meteo_era5_gap_sanliurfa_2024_2025_d07ae51935e7
gap_sanliurfa,2024-11-14,10.0,23.4,0.0,2.7,open_meteo_era5_gap_sanliurfa_2024_2025_d07ae51935e7
gap_sanliurfa,2024-11-15,8.7,22.1,0.0,2.43,open_meteo_era5_gap_sanliurfa_2024_2025_d07ae51935e7
gap_sanliurfa,2024-11-16,9.8,22.6,0.0,2.42,open_meteo_era5_gap_sanliurfa_2024_2025_d07ae51935e7
gap_sanliurfa,2024-11-17,10.6,22.5,0.0,2.28,open_meteo_era5_gap_sanliurfa_2024_2025_d07ae51935e7
gap_sanliurfa,2024-11-18,9.8,18.6,0.2,1.89,open_meteo_era5_gap_sanliurfa_2024_2025_d07ae51935e7
gap_sanliurfa,2024-11-19,8.8,18.6,0.0,1.59,open_meteo_era5_gap_sanliurfa_2024_2025_d07ae51935e7
gap_sanliurfa,2024-11-20,7.5,19.8,0.0,1.92,open_meteo_era5_gap_sanliurfa_2024_2025_d07ae51935e7
gap_sanliurfa,2024-11-21,9.9,20.5,0.0,2.09,open_meteo_era5_gap_sanliurfa_2024_2025_d07ae51935e7
gap_sanliurfa,2024-11-22,8.2,20.7,0.0,1.88,open_meteo_era5_gap_sanliurfa_2024_2025_d07ae51935e7
gap_sanliurfa,2024-11-23,11.4,22.6,0.0,2.37,open_meteo_era5_gap_sanliurfa_2024_2025_d07ae51935e7
gap_sanliurfa,2024-11-24,6.3,20.5,4.5,2.48,open_meteo_era5_gap_sanliurfa_2024_2025_d07ae51935e7
gap_sanliurfa,2024-11-25,5.1,11.7,0.0,1.87,open_meteo_era5_gap_sanliurfa_2024_2025_d07ae51935e7
gap_sanliurfa,2024-11-26,2.9,6.7,6.8,0.61,open_meteo_era5_gap_sanliurfa_2024_2025_d07ae51935e7
gap_sanliurfa,2024-11-27,1.6,12.1,0.0,1.59,open_meteo_era5_gap_sanliurfa_2024_2025_d07ae51935e7
gap_sanliurfa,2024-11-28,0.3,13.1,0.0,1.7,open_meteo_era5_gap_sanliurfa_2024_2025_d07ae51935e7
gap_sanliurfa,2024-11-29,0.6,12.9,0.0,1.66,open_meteo_era5_gap_sanliurfa_2024_2025_d07ae51935e7
gap_sanliurfa,2024-11-30,1.3,14.6,0.0,1.93,open_meteo_era5_gap_sanliurfa_2024_2025_d07ae51935e7
gap_sanliurfa,2024-12-01,2.5,16.1,0.0,2.09,open_meteo_era5_gap_sanliurfa_2024_2025_d07ae51935e7
gap_sanliurfa,2024-12-02,2.1,16.1,0.0,1.72,open_meteo_era5_gap_sanliurfa_2024_2025_d07ae51935e7
gap_sanliurfa,2024-12-03,2.5,15.4,0.0,1.93,open_meteo_era5_gap_sanliurfa_2024_2025_d07ae51935e7
gap_sanliurfa,2024-12-04,3.6,15.9,0.0,2.14,open_meteo_era5_gap_sanliurfa_2024_2025_d07ae51935e7
gap_sanliurfa,2024-12-05,8.4,15.4,0.3,2.05,open_meteo_era5_gap_sanliurfa_2024_2025_d07ae51935e7
gap_sanliurfa,2024-12-06,7.1,17.7,0.0,2.12,open_meteo_era5_gap_sanliurfa_2024_2025_d07ae51935e7
gap_sanliurfa,2024-12-07,7.7,15.9,0.0,1.95,open_meteo_era5_gap_sanliurfa_2024_2025_d07ae51935e7
gap_sanliurfa,2024-12-08,6.8,17.8,0.0,2.35,open_meteo_era5_gap_sanliurfa_2024_2025_d07ae51935e7
gap_sanliurfa,2024-12-09,5.7,19.6,0.0,2.12,open_meteo_era5_gap_sanliurfa_2024_2025_d07ae51935e7
gap_sanliurfa,2024-12-10,6.4,20.4,0.0,1.92,open_meteo_era5_gap_sanliurfa_2024_2025_d07ae51935e7
gap_sanliurfa,2024-12-11,5.3,17.0,0.0,1.35,open_meteo_era5_gap_sanliurfa_2024_2025_d07ae51935e7
gap_sanliurfa,2024-12-12,5.6,16.0,0.1,1.39,open_meteo_era5_gap_sanliurfa_2024_2025_d07ae51935e7
gap_sanliurfa,2024-12-13,6.4,15.9,0.0,2.84,open_meteo_era5_gap_sanliurfa_2024_2025_d07ae51935e7
gap_sanliurfa,2024-12-14,-0.4,11.5,0.0,2.71,open_meteo_era5_gap_sanliurfa_2024_2025_d07ae51935e7
gap_sanliurfa,2024-12-15,-2.3,11.7,0.0,1.91,open_meteo_era5_gap_sanliurfa_2024_2025_d07ae51935e7
gap_sanliurfa,2024-12-16,2.1,11.8,1.9,1.95,open_meteo_era5_gap_sanliurfa_2024_2025_d07ae51935e7
gap_sanliurfa,2024-12-17,1.7,12.6,0.0,1.62,open_meteo_era5_gap_sanliurfa_2024_2025_d07ae51935e7
gap_sanliurfa,2024-12-18,-0.1,13.5,0.0,1.46,open_meteo_era5_gap_sanliurfa_2024_2025_d07ae51935e7
gap_sanliurfa,2024-12-19,1.5,15.7,0.0,1.88,open_meteo_era5_gap_sanliurfa_2024_2025_d07ae51935e7
gap_sanliurfa,2024-12-20,3.5,10.4,0.0,1.26,open_meteo_era5_gap_sanliurfa_2024_2025_d07ae51935e7
gap_sanliurfa,2024-12-21,0.8,14.5,0.0,1.68,open_meteo_era5_gap_sanliurfa_2024_2025_d07ae51935e7
gap_sanliurfa,2024-12-22,7.2,10.7,5.5,0.79,open_meteo_era5_gap_sanliurfa_2024_2025_d07ae51935e7
gap_sanliurfa,2024-12-23,7.1,13.3,4.2,1.11,open_meteo_era5_gap_sanliurfa_2024_2025_d07ae51935e7
gap_sanliurfa,2024-12-24,7.0,15.7,0.1,1.58,open_meteo_era5_gap_sanliurfa_2024_2025_d07ae51935e7
gap_sanliurfa,2024-12-25,7.0,16.8,0.0,2.02,open_meteo_era5_gap_sanliurfa_2024_2025_d07ae51935e7
gap_sanliurfa,2024-12-26,8.6,12.3,5.7,1.25,open_meteo_era5_gap_sanliurfa_2024_2025_d07ae51935e7
gap_sanliurfa,2024-12-27,6.9,13.1,11.3,0.89,open_meteo_era5_gap_sanliurfa_2024_2025_d07ae51935e7
gap_sanliurfa,2024-12-28,4.5,9.5,0.3,0.6,open_meteo_era5_gap_sanliurfa_2024_2025_d07ae51935e7
gap_sanliurfa,2024-12-29,6.4,11.1,2.8,0.76,open_meteo_era5_gap_sanliurfa_2024_2025_d07ae51935e7
gap_sanliurfa,2024-12-30,8.1,12.1,3.8,0.95,open_meteo_era5_gap_sanliurfa_2024_2025_d07ae51935e7
gap_sanliurfa,2024-12-31,6.5,13.9,1.3,1.29,open_meteo_era5_gap_sanliurfa_2024_2025_d07ae51935e7
gap_sanliurfa,2025-01-01,4.3,14.9,0.0,2.21,open_meteo_era5_gap_sanliurfa_2024_2025_d07ae51935e7
gap_sanliurfa,2025-01-02,1.7,15.1,0.0,1.71,open_meteo_era5_gap_sanliurfa_2024_2025_d07ae51935e7
gap_sanliurfa,2025-01-03,1.5,13.8,0.0,1.5,open_meteo_era5_gap_sanliurfa_2024_2025_d07ae51935e7
gap_sanliurfa,2025-01-04,0.2,11.4,0.0,1.4,open_meteo_era5_gap_sanliurfa_2024_2025_d07ae51935e7
gap_sanliurfa,2025-01-05,3.6,11.4,1.5,1.54,open_meteo_era5_gap_sanliurfa_2024_2025_d07ae51935e7
gap_sanliurfa,2025-01-06,4.3,13.5,0.0,1.85,open_meteo_era5_gap_sanliurfa_2024_2025_d07ae51935e7
gap_sanliurfa,2025-01-07,4.1,15.6,0.0,1.92,open_meteo_era5_gap_sanliurfa_2024_2025_d07ae51935e7
gap_sanliurfa,2025-01-08,2.3,16.6,0.0,1.74,open_meteo_era5_gap_sanliurfa_2024_2025_d07ae51935e7
gap_sanliurfa,2025-01-09,2.5,17.4,0.0,1.74,open_meteo_era5_gap_sanliurfa_2024_2025_d07ae51935e7
gap_sanliurfa,2025-01-10,4.4,17.4,0.0,2.15,open_meteo_era5_gap_sanliurfa_2024_2025_d07ae51935e7
gap_sanliurfa,2025-01-11,3.9,13.5,0.1,1.38,open_meteo_era5_gap_sanliurfa_2024_2025_d07ae51935e7
gap_sanliurfa,2025-01-12,2.4,16.1,0.0,1.69,open_meteo_era5_gap_sanliurfa_2024_2025_d07ae51935e7
gap_sanliurfa,2025-01-13,3.8,17.1,0.0,1.59,open_meteo_era5_gap_sanliurfa_2024_2025_d07ae51935e7
gap_sanliurfa,2025-01-14,4.8,17.5,0.0,1.75,open_meteo_era5_gap_sanliurfa_2024_2025_d07ae51935e7
gap_sanliurfa,2025-01-15,5.1,17.8,0.0,2.27,open_meteo_era5_gap_sanliurfa_2024_2025_d07ae51935e7
gap_sanliurfa,2025-01-16,6.2,17.2,0.0,1.88,open_meteo_era5_gap_sanliurfa_2024_2025_d07ae51935e7
gap_sanliurfa,2025-01-17,5.7,18.1,0.0,2.76,open_meteo_era5_gap_sanliurfa_2024_2025_d07ae51935e7
gap_sanliurfa,2025-01-18,5.7,16.3,0.0,2.83,open_meteo_era5_gap_sanliurfa_2024_2025_d07ae51935e7
gap_sanliurfa,2025-01-19,6.2,17.4,0.0,2.92,open_meteo_era5_gap_sanliurfa_2024_2025_d07ae51935e7
gap_sanliurfa,2025-01-20,3.2,15.7,0.0,3.12,open_meteo_era5_gap_sanliurfa_2024_2025_d07ae51935e7
gap_sanliurfa,2025-01-21,1.5,14.9,0.0,1.95,open_meteo_era5_gap_sanliurfa_2024_2025_d07ae51935e7
gap_sanliurfa,2025-01-22,0.9,12.7,0.0,1.94,open_meteo_era5_gap_sanliurfa_2024_2025_d07ae51935e7
gap_sanliurfa,2025-01-23,5.3,7.4,3.6,0.72,open_meteo_era5_gap_sanliurfa_2024_2025_d07ae51935e7
gap_sanliurfa,2025-01-24,5.1,12.7,0.0,1.65,open_meteo_era5_gap_sanliurfa_2024_2025_d07ae51935e7
gap_sanliurfa,2025-01-25,4.9,14.8,0.0,1.86,open_meteo_era5_gap_sanliurfa_2024_2025_d07ae51935e7
gap_sanliurfa,2025-01-26,2.9,16.1,0.0,2.0,open_meteo_era5_gap_sanliurfa_2024_2025_d07ae51935e7
gap_sanliurfa,2025-01-27,4.3,15.8,0.0,2.35,open_meteo_era5_gap_sanliurfa_2024_2025_d07ae51935e7
gap_sanliurfa,2025-01-28,4.6,17.7,0.0,2.52,open_meteo_era5_gap_sanliurfa_2024_2025_d07ae51935e7
gap_sanliurfa,2025-01-29,2.3,18.0,0.0,2.55,open_meteo_era5_gap_sanliurfa_2024_2025_d07ae51935e7
gap_sanliurfa,2025-01-30,2.0,18.7,0.0,2.56,open_meteo_era5_gap_sanliurfa_2024_2025_d07ae51935e7
gap_sanliurfa,2025-01-31,0.9,17.3,0.0,2.37,open_meteo_era5_gap_sanliurfa_2024_2025_d07ae51935e7
gap_sanliurfa,2025-02-01,2.2,19.5,0.0,2.83,open_meteo_era5_gap_sanliurfa_2024_2025_d07ae51935e7
gap_sanliurfa,2025-02-02,2.9,19.7,0.0,2.75,open_meteo_era5_gap_sanliurfa_2024_2025_d07ae51935e7
gap_sanliurfa,2025-02-03,4.5,18.2,0.0,2.54,open_meteo_era5_gap_sanliurfa_2024_2025_d07ae51935e7
gap_sanliurfa,2025-02-04,3.0,17.1,0.0,2.51,open_meteo_era5_gap_sanliurfa_2024_2025_d07ae51935e7
gap_sanliurfa,2025-02-05,5.2,16.5,1.6,2.72,open_meteo_era5_gap_sanliurfa_2024_2025_d07ae51935e7
gap_sanliurfa,2025-02-06,6.5,9.6,10.3,1.17,open_meteo_era5_gap_sanliurfa_2024_2025_d07ae51935e7
gap_sanliurfa,2025-02-07,3.8,9.3,0.1,1.39,open_meteo_era5_gap_sanliurfa_2024_2025_d07ae51935e7
gap_sanliurfa,2025-02-08,4.5,12.5,1.5,2.04,open_meteo_era5_gap_sanliurfa_2024_2025_d07ae51935e7
gap_sanliurfa,2025-02-09,2.2,13.2,0.0,2.29,open_meteo_era5_gap_sanliurfa_2024_2025_d07ae51935e7
gap_sanliurfa,2025-02-10,4.9,10.4,0.6,1.82,open_meteo_era5_gap_sanliurfa_2024_2025_d07ae51935e7
gap_sanliurfa,2025-02-11,5.0,7.4,8.4,1.11,open_meteo_era5_gap_sanliurfa_2024_2025_d07ae51935e7
gap_sanliurfa,2025-02-12,4.9,11.8,4.6,1.85,open_meteo_era5_gap_sanliurfa_2024_2025_d07ae51935e7
gap_sanliurfa,2025-02-13,4.0,10.3,4.0,1.58,open_meteo_era5_gap_sanliurfa_2024_2025_d07ae51935e7
gap_sanliurfa,2025-02-14,2.3,13.1,0.4,2.18,open_meteo_era5_gap_sanliurfa_2024_2025_d07ae51935e7
gap_sanliurfa,2025-02-15,2.3,12.4,0.0,2.15,open_meteo_era5_gap_sanliurfa_2024_2025_d07ae51935e7
gap_sanliurfa,2025-02-16,3.7,13.6,0.0,2.31,open_meteo_era5_gap_sanliurfa_2024_2025_d07ae51935e7
gap_sanliurfa,2025-02-17,1.7,16.3,0.0,2.6,open_meteo_era5_gap_sanliurfa_2024_2025_d07ae51935e7
gap_sanliurfa,2025-02-18,5.0,17.2,0.0,2.62,open_meteo_era5_gap_sanliurfa_2024_2025_d07ae51935e7
gap_sanliurfa,2025-02-19,7.5,16.0,2.6,2.31,open_meteo_era5_gap_sanliurfa_2024_2025_d07ae51935e7
gap_sanliurfa,2025-02-20,2.9,11.0,1.3,1.85,open_meteo_era5_gap_sanliurfa_2024_2025_d07ae51935e7
gap_sanliurfa,2025-02-21,-0.8,8.4,0.0,2.88,open_meteo_era5_gap_sanliurfa_2024_2025_d07ae51935e7
gap_sanliurfa,2025-02-22,-3.7,6.2,0.0,2.53,open_meteo_era5_gap_sanliurfa_2024_2025_d07ae51935e7
gap_sanliurfa,2025-02-23,-3.4,6.0,0.0,2.58,open_meteo_era5_gap_sanliurfa_2024_2025_d07ae51935e7
gap_sanliurfa,2025-02-24,-3.4,6.6,0.0,2.63,open_meteo_era5_gap_sanliurfa_2024_2025_d07ae51935e7
gap_sanliurfa,2025-02-25,-5.4,7.7,0.0,2.45,open_meteo_era5_gap_sanliurfa_2024_2025_d07ae51935e7
gap_sanliurfa,2025-02-26,-3.3,10.2,0.0,2.61,open_meteo_era5_gap_sanliurfa_2024_2025_d07ae51935e7
gap_sanliurfa,2025-02-27,-0.7,13.1,0.0,2.73,open_meteo_era5_gap_sanliurfa_2024_2025_d07ae51935e7
gap_sanliurfa,2025-02-28,0.5,15.3,0.0,2.79,open_meteo_era5_gap_sanliurfa_2024_2025_d07ae51935e7
gap_sanliurfa,2025-03-01,4.0,15.2,0.3,2.85,open_meteo_era5_gap_sanliurfa_2024_2025_d07ae51935e7
gap_sanliurfa,2025-03-02,1.4,17.0,0.0,3.51,open_meteo_era5_gap_sanliurfa_2024_2025_d07ae51935e7
gap_sanliurfa,2025-03-03,5.1,18.3,0.0,3.58,open_meteo_era5_gap_sanliurfa_2024_2025_d07ae51935e7
gap_sanliurfa,2025-03-04,9.3,20.1,0.0,5.18,open_meteo_era5_gap_sanliurfa_2024_2025_d07ae51935e7
gap_sanliurfa,2025-03-05,9.2,21.0,0.0,4.31,open_meteo_era5_gap_sanliurfa_2024_2025_d07ae51935e7
gap_sanliurfa,2025-03-06,6.3,22.9,0.0,3.86,open_meteo_era5_gap_sanliurfa_2024_2025_d07ae51935e7
gap_sanliurfa,2025-03-07,9.0,24.2,0.0,5.37,open_meteo_era5_gap_sanliurfa_2024_2025_d07ae51935e7
gap_sanliurfa,2025-03-08,11.2,19.7,0.0,3.74,open_meteo_era5_gap_sanliurfa_2024_2025_d07ae51935e7
gap_sanliurfa,2025-03-09,8.4,24.1,0.0,4.2,open_meteo_era5_gap_sanliurfa_2024_2025_d07ae51935e7
gap_sanliurfa,2025-03-10,9.3,22.4,0.0,3.48,open_meteo_era5_gap_sanliurfa_2024_2025_d07ae51935e7
gap_sanliurfa,2025-03-11,9.4,24.1,0.0,4.06,open_meteo_era5_gap_sanliurfa_2024_2025_d07ae51935e7
gap_sanliurfa,2025-03-12,10.2,25.7,0.0,4.28,open_meteo_era5_gap_sanliurfa_2024_2025_d07ae51935e7
gap_sanliurfa,2025-03-13,10.0,26.5,0.0,4.4,open_meteo_era5_gap_sanliurfa_2024_2025_d07ae51935e7
gap_sanliurfa,2025-03-14,9.3,26.9,0.0,4.12,open_meteo_era5_gap_sanliurfa_2024_2025_d07ae51935e7
gap_sanliurfa,2025-03-15,11.6,30.4,0.0,5.22,open_meteo_era5_gap_sanliurfa_2024_2025_d07ae51935e7
gap_sanliurfa,2025-03-16,11.2,30.4,0.0,4.95,open_meteo_era5_gap_sanliurfa_2024_2025_d07ae51935e7
gap_sanliurfa,2025-03-17,11.9,29.2,0.0,4.85,open_meteo_era5_gap_sanliurfa_2024_2025_d07ae51935e7
gap_sanliurfa,2025-03-18,16.1,22.9,0.1,3.43,open_meteo_era5_gap_sanliurfa_2024_2025_d07ae51935e7
gap_sanliurfa,2025-03-19,12.1,23.8,2.7,4.95,open_meteo_era5_gap_sanliurfa_2024_2025_d07ae51935e7
gap_sanliurfa,2025-03-20,6.0,16.8,5.9,3.47,open_meteo_era5_gap_sanliurfa_2024_2025_d07ae51935e7
gap_sanliurfa,2025-03-21,4.5,12.2,0.5,2.71,open_meteo_era5_gap_sanliurfa_2024_2025_d07ae51935e7
gap_sanliurfa,2025-03-22,4.1,15.2,0.2,3.17,open_meteo_era5_gap_sanliurfa_2024_2025_d07ae51935e7
gap_sanliurfa,2025-03-23,4.1,17.1,0.0,3.86,open_meteo_era5_gap_sanliurfa_2024_2025_d07ae51935e7
gap_sanliurfa,2025-03-24,4.9,22.6,0.0,4.49,open_meteo_era5_gap_sanliurfa_2024_2025_d07ae51935e7
gap_sanliurfa,2025-03-25,9.4,25.3,0.0,4.64,open_meteo_era5_gap_sanliurfa_2024_2025_d07ae51935e7
gap_sanliurfa,2025-03-26,12.6,26.3,0.0,4.28,open_meteo_era5_gap_sanliurfa_2024_2025_d07ae51935e7
gap_sanliurfa,2025-03-27,12.0,29.1,0.0,4.52,open_meteo_era5_gap_sanliurfa_2024_2025_d07ae51935e7
gap_sanliurfa,2025-03-28,14.5,30.5,0.0,7.03,open_meteo_era5_gap_sanliurfa_2024_2025_d07ae51935e7
gap_sanliurfa,2025-03-29,21.0,30.0,0.6,7.74,open_meteo_era5_gap_sanliurfa_2024_2025_d07ae51935e7
gap_sanliurfa,2025-03-30,12.1,21.3,8.8,2.75,open_meteo_era5_gap_sanliurfa_2024_2025_d07ae51935e7
gap_sanliurfa,2025-03-31,10.5,21.3,0.3,3.72,open_meteo_era5_gap_sanliurfa_2024_2025_d07ae51935e7
gap_sanliurfa,2025-04-01,10.8,22.1,0.4,3.93,open_meteo_era5_gap_sanliurfa_2024_2025_d07ae51935e7
gap_sanliurfa,2025-04-02,11.7,23.3,3.5,4.34,open_meteo_era5_gap_sanliurfa_2024_2025_d07ae51935e7
gap_sanliurfa,2025-04-03,10.1,20.3,0.0,3.49,open_meteo_era5_gap_sanliurfa_2024_2025_d07ae51935e7
gap_sanliurfa,2025-04-04,8.9,25.6,1.0,4.86,open_meteo_era5_gap_sanliurfa_2024_2025_d07ae51935e7
gap_sanliurfa,2025-04-05,11.5,23.5,2.7,4.89,open_meteo_era5_gap_sanliurfa_2024_2025_d07ae51935e7
gap_sanliurfa,2025-04-06,9.5,23.8,0.0,5.01,open_meteo_era5_gap_sanliurfa_2024_2025_d07ae51935e7
gap_sanliurfa,2025-04-07,17.0,28.8,0.1,5.59,open_meteo_era5_gap_sanliurfa_2024_2025_d07ae51935e7
gap_sanliurfa,2025-04-08,13.5,25.3,0.0,4.96,open_meteo_era5_gap_sanliurfa_2024_2025_d07ae51935e7
gap_sanliurfa,2025-04-09,14.7,30.6,0.4,7.4,open_meteo_era5_gap_sanliurfa_2024_2025_d07ae51935e7
gap_sanliurfa,2025-04-10,9.7,18.6,0.2,5.25,open_meteo_era5_gap_sanliurfa_2024_2025_d07ae51935e7
gap_sanliurfa,2025-04-11,7.4,18.1,1.8,3.91,open_meteo_era5_gap_sanliurfa_2024_2025_d07ae51935e7
gap_sanliurfa,2025-04-12,8.2,17.5,0.0,4.54,open_meteo_era5_gap_sanliurfa_2024_2025_d07ae51935e7
gap_sanliurfa,2025-04-13,8.1,18.1,0.1,3.91,open_meteo_era5_gap_sanliurfa_2024_2025_d07ae51935e7
gap_sanliurfa,2025-04-14,8.0,16.8,2.4,3.08,open_meteo_era5_gap_sanliurfa_2024_2025_d07ae51935e7
gap_sanliurfa,2025-04-15,7.5,16.9,1.0,3.07,open_meteo_era5_gap_sanliurfa_2024_2025_d07ae51935e7
gap_sanliurfa,2025-04-16,6.9,20.3,0.0,3.82,open_meteo_era5_gap_sanliurfa_2024_2025_d07ae51935e7
gap_sanliurfa,2025-04-17,10.1,26.9,0.0,5.25,open_meteo_era5_gap_sanliurfa_2024_2025_d07ae51935e7
gap_sanliurfa,2025-04-18,11.5,28.5,0.0,5.43,open_meteo_era5_gap_sanliurfa_2024_2025_d07ae51935e7
gap_sanliurfa,2025-04-19,13.8,30.8,0.0,6.92,open_meteo_era5_gap_sanliurfa_2024_2025_d07ae51935e7
gap_sanliurfa,2025-04-20,15.3,31.5,0.0,6.75,open_meteo_era5_gap_sanliurfa_2024_2025_d07ae51935e7
gap_sanliurfa,2025-04-21,13.7,30.6,0.0,6.94,open_meteo_era5_gap_sanliurfa_2024_2025_d07ae51935e7
gap_sanliurfa,2025-04-22,15.0,32.2,0.0,6.69,open_meteo_era5_gap_sanliurfa_2024_2025_d07ae51935e7
gap_sanliurfa,2025-04-23,16.8,33.0,0.2,7.36,open_meteo_era5_gap_sanliurfa_2024_2025_d07ae51935e7
gap_sanliurfa,2025-04-24,18.8,26.6,0.0,5.27,open_meteo_era5_gap_sanliurfa_2024_2025_d07ae51935e7
gap_sanliurfa,2025-04-25,14.8,25.8,2.0,5.07,open_meteo_era5_gap_sanliurfa_2024_2025_d07ae51935e7
gap_sanliurfa,2025-04-26,12.7,28.4,0.4,6.06,open_meteo_era5_gap_sanliurfa_2024_2025_d07ae51935e7
gap_sanliurfa,2025-04-27,12.3,28.5,0.0,6.04,open_meteo_era5_gap_sanliurfa_2024_2025_d07ae51935e7
gap_sanliurfa,2025-04-28,13.6,31.0,0.0,6.32,open_meteo_era5_gap_sanliurfa_2024_2025_d07ae51935e7
gap_sanliurfa,2025-04-29,16.6,28.4,1.4,5.29,open_meteo_era5_gap_sanliurfa_2024_2025_d07ae51935e7
gap_sanliurfa,2025-04-30,15.0,30.8,0.0,6.12,open_meteo_era5_gap_sanliurfa_2024_2025_d07ae51935e7
gap_sanliurfa,2025-05-01,18.1,29.4,2.3,5.49,open_meteo_era5_gap_sanliurfa_2024_2025_d07ae51935e7
gap_sanliurfa,2025-05-02,14.9,29.3,5.2,5.81,open_meteo_era5_gap_sanliurfa_2024_2025_d07ae51935e7
gap_sanliurfa,2025-05-03,12.5,27.8,0.0,6.03,open_meteo_era5_gap_sanliurfa_2024_2025_d07ae51935e7
gap_sanliurfa,2025-05-04,14.2,30.6,0.0,6.89,open_meteo_era5_gap_sanliurfa_2024_2025_d07ae51935e7
gap_sanliurfa,2025-05-05,17.5,26.1,0.6,4.51,open_meteo_era5_gap_sanliurfa_2024_2025_d07ae51935e7
gap_sanliurfa,2025-05-06,15.8,31.2,0.0,6.88,open_meteo_era5_gap_sanliurfa_2024_2025_d07ae51935e7
gap_sanliurfa,2025-05-07,16.3,32.8,0.0,6.47,open_meteo_era5_gap_sanliurfa_2024_2025_d07ae51935e7
gap_sanliurfa,2025-05-08,19.5,33.7,0.1,6.64,open_meteo_era5_gap_sanliurfa_2024_2025_d07ae51935e7
gap_sanliurfa,2025-05-09,19.7,34.0,0.0,7.38,open_meteo_era5_gap_sanliurfa_2024_2025_d07ae51935e7
gap_sanliurfa,2025-05-10,19.3,36.6,0.0,7.57,open_meteo_era5_gap_sanliurfa_2024_2025_d07ae51935e7
gap_sanliurfa,2025-05-11,22.3,37.7,0.0,8.56,open_meteo_era5_gap_sanliurfa_2024_2025_d07ae51935e7
gap_sanliurfa,2025-05-12,21.0,34.4,0.1,7.26,open_meteo_era5_gap_sanliurfa_2024_2025_d07ae51935e7
gap_sanliurfa,2025-05-13,17.6,28.1,0.6,6.66,open_meteo_era5_gap_sanliurfa_2024_2025_d07ae51935e7
gap_sanliurfa,2025-05-14,15.8,29.0,0.3,6.55,open_meteo_era5_gap_sanliurfa_2024_2025_d07ae51935e7
gap_sanliurfa,2025-05-15,16.6,28.9,0.0,7.12,open_meteo_era5_gap_sanliurfa_2024_2025_d07ae51935e7
gap_sanliurfa,2025-05-16,15.4,30.8,0.0,6.32,open_meteo_era5_gap_sanliurfa_2024_2025_d07ae51935e7
gap_sanliurfa,2025-05-17,18.0,35.0,0.0,7.25,open_meteo_era5_gap_sanliurfa_2024_2025_d07ae51935e7
gap_sanliurfa,2025-05-18,20.9,36.7,0.0,9.27,open_meteo_era5_gap_sanliurfa_2024_2025_d07ae51935e7
gap_sanliurfa,2025-05-19,18.7,34.0,0.0,8.54,open_meteo_era5_gap_sanliurfa_2024_2025_d07ae51935e7
gap_sanliurfa,2025-05-20,19.0,33.2,0.0,8.02,open_meteo_era5_gap_sanliurfa_2024_2025_d07ae51935e7
gap_sanliurfa,2025-05-21,19.5,35.1,0.0,7.36,open_meteo_era5_gap_sanliurfa_2024_2025_d07ae51935e7
gap_sanliurfa,2025-05-22,19.7,36.2,0.0,7.35,open_meteo_era5_gap_sanliurfa_2024_2025_d07ae51935e7
gap_sanliurfa,2025-05-23,21.1,38.2,0.0,8.61,open_meteo_era5_gap_sanliurfa_2024_2025_d07ae51935e7
gap_sanliurfa,2025-05-24,24.4,38.1,0.0,9.69,open_meteo_era5_gap_sanliurfa_2024_2025_d07ae51935e7
gap_sanliurfa,2025-05-25,24.5,38.3,0.0,9.59,open_meteo_era5_gap_sanliurfa_2024_2025_d07ae51935e7
gap_sanliurfa,2025-05-26,22.4,38.9,0.0,6.94,open_meteo_era5_gap_sanliurfa_2024_2025_d07ae51935e7
gap_sanliurfa,2025-05-27,21.3,39.0,0.0,9.09,open_meteo_era5_gap_sanliurfa_2024_2025_d07ae51935e7
gap_sanliurfa,2025-05-28,19.1,34.1,0.0,8.41,open_meteo_era5_gap_sanliurfa_2024_2025_d07ae51935e7
gap_sanliurfa,2025-05-29,18.7,32.8,0.4,7.56,open_meteo_era5_gap_sanliurfa_2024_2025_d07ae51935e7
gap_sanliurfa,2025-05-30,17.0,30.3,0.0,7.11,open_meteo_era5_gap_sanliurfa_2024_2025_d07ae51935e7
gap_sanliurfa,2025-05-31,16.9,34.3,0.0,7.58,open_meteo_era5_gap_sanliurfa_2024_2025_d07ae51935e7
gap_sanliurfa,2025-06-01,20.0,34.8,0.0,9.71,open_meteo_era5_gap_sanliurfa_2024_2025_d07ae51935e7
gap_sanliurfa,2025-06-02,18.0,32.1,0.0,8.55,open_meteo_era5_gap_sanliurfa_2024_2025_d07ae51935e7
gap_sanliurfa,2025-06-03,20.0,34.4,0.0,8.65,open_meteo_era5_gap_sanliurfa_2024_2025_d07ae51935e7
gap_sanliurfa,2025-06-04,22.0,32.9,0.0,8.72,open_meteo_era5_gap_sanliurfa_2024_2025_d07ae51935e7
gap_sanliurfa,2025-06-05,23.2,36.0,0.0,8.92,open_meteo_era5_gap_sanliurfa_2024_2025_d07ae51935e7
gap_sanliurfa,2025-06-06,21.4,38.1,0.0,7.97,open_meteo_era5_gap_sanliurfa_2024_2025_d07ae51935e7
gap_sanliurfa,2025-06-07,24.0,38.5,0.0,8.37,open_meteo_era5_gap_sanliurfa_2024_2025_d07ae51935e7
gap_sanliurfa,2025-06-08,21.3,39.0,0.0,7.57,open_meteo_era5_gap_sanliurfa_2024_2025_d07ae51935e7
gap_sanliurfa,2025-06-09,23.6,40.3,0.0,7.85,open_meteo_era5_gap_sanliurfa_2024_2025_d07ae51935e7
gap_sanliurfa,2025-06-10,25.5,41.2,0.0,8.08,open_meteo_era5_gap_sanliurfa_2024_2025_d07ae51935e7
gap_sanliurfa,2025-06-11,26.5,41.5,0.1,8.48,open_meteo_era5_gap_sanliurfa_2024_2025_d07ae51935e7
gap_sanliurfa,2025-06-12,28.0,43.1,0.0,9.38,open_meteo_era5_gap_sanliurfa_2024_2025_d07ae51935e7
gap_sanliurfa,2025-06-13,26.6,41.4,0.0,9.83,open_meteo_era5_gap_sanliurfa_2024_2025_d07ae51935e7
gap_sanliurfa,2025-06-14,25.6,40.9,0.0,10.21,open_meteo_era5_gap_sanliurfa_2024_2025_d07ae51935e7
gap_sanliurfa,2025-06-15,25.3,38.5,0.2,9.69,open_meteo_era5_gap_sanliurfa_2024_2025_d07ae51935e7
gap_sanliurfa,2025-06-16,24.7,34.0,0.0,10.08,open_meteo_era5_gap_sanliurfa_2024_2025_d07ae51935e7
gap_sanliurfa,2025-06-17,22.4,33.9,0.0,9.71,open_meteo_era5_gap_sanliurfa_2024_2025_d07ae51935e7
gap_sanliurfa,2025-06-18,21.5,36.1,0.0,9.15,open_meteo_era5_gap_sanliurfa_2024_2025_d07ae51935e7
gap_sanliurfa,2025-06-19,22.8,38.7,0.0,9.02,open_meteo_era5_gap_sanliurfa_2024_2025_d07ae51935e7
gap_sanliurfa,2025-06-20,23.5,40.2,0.0,10.09,open_meteo_era5_gap_sanliurfa_2024_2025_d07ae51935e7
gap_sanliurfa,2025-06-21,27.2,40.1,0.0,10.54,open_meteo_era5_gap_sanliurfa_2024_2025_d07ae51935e7
gap_sanliurfa,2025-06-22,26.3,39.6,0.0,9.57,open_meteo_era5_gap_sanliurfa_2024_2025_d07ae51935e7
gap_sanliurfa,2025-06-23,26.2,37.9,0.0,9.93,open_meteo_era5_gap_sanliurfa_2024_2025_d07ae51935e7
gap_sanliurfa,2025-06-24,24.3,38.1,0.0,9.59,open_meteo_era5_gap_sanliurfa_2024_2025_d07ae51935e7
gap_sanliurfa,2025-06-25,24.9,41.2,0.0,10.17,open_meteo_era5_gap_sanliurfa_2024_2025_d07ae51935e7
gap_sanliurfa,2025-06-26,27.6,42.8,0.0,9.74,open_meteo_era5_gap_sanliurfa_2024_2025_d07ae51935e7
gap_sanliurfa,2025-06-27,28.6,43.0,0.0,10.17,open_meteo_era5_gap_sanliurfa_2024_2025_d07ae51935e7
gap_sanliurfa,2025-06-28,28.9,42.8,0.0,10.43,open_meteo_era5_gap_sanliurfa_2024_2025_d07ae51935e7
gap_sanliurfa,2025-06-29,27.1,41.0,0.0,10.69,open_meteo_era5_gap_sanliurfa_2024_2025_d07ae51935e7
gap_sanliurfa,2025-06-30,25.3,33.4,0.0,10.47,open_meteo_era5_gap_sanliurfa_2024_2025_d07ae51935e7
gap_sanliurfa,2025-07-01,23.7,37.7,0.0,9.35,open_meteo_era5_gap_sanliurfa_2024_2025_d07ae51935e7
gap_sanliurfa,2025-07-02,26.4,38.4,0.0,10.29,open_meteo_era5_gap_sanliurfa_2024_2025_d07ae51935e7
gap_sanliurfa,2025-07-03,23.4,35.5,0.0,11.14,open_meteo_era5_gap_sanliurfa_2024_2025_d07ae51935e7
gap_sanliurfa,2025-07-04,22.2,33.2,0.0,9.57,open_meteo_era5_gap_sanliurfa_2024_2025_d07ae51935e7
gap_sanliurfa,2025-07-05,21.7,35.0,0.0,9.46,open_meteo_era5_gap_sanliurfa_2024_2025_d07ae51935e7
gap_sanliurfa,2025-07-06,25.2,37.7,0.0,9.92,open_meteo_era5_gap_sanliurfa_2024_2025_d07ae51935e7
gap_sanliurfa,2025-07-07,28.4,39.6,0.0,10.06,open_meteo_era5_gap_sanliurfa_2024_2025_d07ae51935e7
gap_sanliurfa,2025-07-08,27.3,41.2,0.0,8.46,open_meteo_era5_gap_sanliurfa_2024_2025_d07ae51935e7
gap_sanliurfa,2025-07-09,29.1,42.5,0.0,9.4,open_meteo_era5_gap_sanliurfa_2024_2025_d07ae51935e7
gap_sanliurfa,2025-07-10,27.7,43.4,0.0,9.51,open_meteo_era5_gap_sanliurfa_2024_2025_d07ae51935e7
gap_sanliurfa,2025-07-11,27.6,44.4,0.0,9.84,open_meteo_era5_gap_sanliurfa_2024_2025_d07ae51935e7
gap_sanliurfa,2025-07-12,28.2,45.6,0.0,9.82,open_meteo_era5_gap_sanliurfa_2024_2025_d07ae51935e7
gap_sanliurfa,2025-07-13,28.0,45.7,0.0,9.9,open_meteo_era5_gap_sanliurfa_2024_2025_d07ae51935e7
gap_sanliurfa,2025-07-14,28.3,44.8,0.0,8.75,open_meteo_era5_gap_sanliurfa_2024_2025_d07ae51935e7
gap_sanliurfa,2025-07-15,25.5,39.7,0.8,8.48,open_meteo_era5_gap_sanliurfa_2024_2025_d07ae51935e7
gap_sanliurfa,2025-07-16,23.7,38.6,0.0,7.83,open_meteo_era5_gap_sanliurfa_2024_2025_d07ae51935e7
gap_sanliurfa,2025-07-17,26.6,40.9,0.0,7.9,open_meteo_era5_gap_sanliurfa_2024_2025_d07ae51935e7
gap_sanliurfa,2025-07-18,27.3,42.5,0.0,8.86,open_meteo_era5_gap_sanliurfa_2024_2025_d07ae51935e7
gap_sanliurfa,2025-07-19,26.8,41.9,0.0,9.4,open_meteo_era5_gap_sanliurfa_2024_2025_d07ae51935e7
gap_sanliurfa,2025-07-20,25.6,42.0,0.0,8.8,open_meteo_era5_gap_sanliurfa_2024_2025_d07ae51935e7
gap_sanliurfa,2025-07-21,27.3,42.1,0.0,7.51,open_meteo_era5_gap_sanliurfa_2024_2025_d07ae51935e7
gap_sanliurfa,2025-07-22,31.0,44.0,0.0,9.71,open_meteo_era5_gap_sanliurfa_2024_2025_d07ae51935e7
gap_sanliurfa,2025-07-23,29.6,44.2,0.0,9.96,open_meteo_era5_gap_sanliurfa_2024_2025_d07ae51935e7
gap_sanliurfa,2025-07-24,32.3,47.5,0.0,9.85,open_meteo_era5_gap_sanliurfa_2024_2025_d07ae51935e7
gap_sanliurfa,2025-07-25,31.6,47.5,0.0,8.78,open_meteo_era5_gap_sanliurfa_2024_2025_d07ae51935e7
gap_sanliurfa,2025-07-26,31.3,46.0,0.0,8.66,open_meteo_era5_gap_sanliurfa_2024_2025_d07ae51935e7
gap_sanliurfa,2025-07-27,30.3,45.7,0.0,9.13,open_meteo_era5_gap_sanliurfa_2024_2025_d07ae51935e7
gap_sanliurfa,2025-07-28,29.1,45.9,0.0,9.57,open_meteo_era5_gap_sanliurfa_2024_2025_d07ae51935e7
gap_sanliurfa,2025-07-29,30.7,45.4,0.0,9.07,open_meteo_era5_gap_sanliurfa_2024_2025_d07ae51935e7
gap_sanliurfa,2025-07-30,30.3,46.8,0.0,9.42,open_meteo_era5_gap_sanliurfa_2024_2025_d07ae51935e7
gap_sanliurfa,2025-07-31,28.7,43.1,0.0,8.65,open_meteo_era5_gap_sanliurfa_2024_2025_d07ae51935e7
gap_sanliurfa,2025-08-01,26.3,39.0,0.0,8.55,open_meteo_era5_gap_sanliurfa_2024_2025_d07ae51935e7
gap_sanliurfa,2025-08-02,25.3,38.9,0.0,7.76,open_meteo_era5_gap_sanliurfa_2024_2025_d07ae51935e7
gap_sanliurfa,2025-08-03,25.6,39.7,0.0,9.14,open_meteo_era5_gap_sanliurfa_2024_2025_d07ae51935e7
gap_sanliurfa,2025-08-04,23.9,38.8,0.0,8.55,open_meteo_era5_gap_sanliurfa_2024_2025_d07ae51935e7
gap_sanliurfa,2025-08-05,24.2,40.0,0.0,7.97,open_meteo_era5_gap_sanliurfa_2024_2025_d07ae51935e7
gap_sanliurfa,2025-08-06,25.1,40.6,0.0,8.07,open_meteo_era5_gap_sanliurfa_2024_2025_d07ae51935e7
gap_sanliurfa,2025-08-07,25.0,40.1,0.0,7.72,open_meteo_era5_gap_sanliurfa_2024_2025_d07ae51935e7
gap_sanliurfa,2025-08-08,26.5,41.8,0.0,8.31,open_meteo_era5_gap_sanliurfa_2024_2025_d07ae51935e7
gap_sanliurfa,2025-08-09,28.1,44.7,0.0,8.2,open_meteo_era5_gap_sanliurfa_2024_2025_d07ae51935e7
gap_sanliurfa,2025-08-10,30.7,44.0,0.0,10.25,open_meteo_era5_gap_sanliurfa_2024_2025_d07ae51935e7
gap_sanliurfa,2025-08-11,30.2,43.4,0.0,10.04,open_meteo_era5_gap_sanliurfa_2024_2025_d07ae51935e7
gap_sanliurfa,2025-08-12,28.4,42.1,0.0,9.99,open_meteo_era5_gap_sanliurfa_2024_2025_d07ae51935e7
gap_sanliurfa,2025-08-13,27.8,42.9,0.0,10.01,open_meteo_era5_gap_sanliurfa_2024_2025_d07ae51935e7
gap_sanliurfa,2025-08-14,29.5,44.2,0.0,10.31,open_meteo_era5_gap_sanliurfa_2024_2025_d07ae51935e7
gap_sanliurfa,2025-08-15,29.2,43.6,0.0,10.95,open_meteo_era5_gap_sanliurfa_2024_2025_d07ae51935e7
gap_sanliurfa,2025-08-16,26.7,42.4,0.0,9.93,open_meteo_era5_gap_sanliurfa_2024_2025_d07ae51935e7
gap_sanliurfa,2025-08-17,24.6,40.7,0.0,7.59,open_meteo_era5_gap_sanliurfa_2024_2025_d07ae51935e7
gap_sanliurfa,2025-08-18,25.2,40.3,0.0,8.86,open_meteo_era5_gap_sanliurfa_2024_2025_d07ae51935e7
gap_sanliurfa,2025-08-19,23.6,39.6,0.0,8.32,open_meteo_era5_gap_sanliurfa_2024_2025_d07ae51935e7
gap_sanliurfa,2025-08-20,24.9,40.6,0.0,8.28,open_meteo_era5_gap_sanliurfa_2024_2025_d07ae51935e7
gap_sanliurfa,2025-08-21,26.7,42.5,0.0,8.12,open_meteo_era5_gap_sanliurfa_2024_2025_d07ae51935e7
gap_sanliurfa,2025-08-22,27.6,41.3,0.0,9.28,open_meteo_era5_gap_sanliurfa_2024_2025_d07ae51935e7
gap_sanliurfa,2025-08-23,25.4,43.0,0.0,8.36,open_meteo_era5_gap_sanliurfa_2024_2025_d07ae51935e7
gap_sanliurfa,2025-08-24,26.6,42.4,0.0,8.9,open_meteo_era5_gap_sanliurfa_2024_2025_d07ae51935e7
gap_sanliurfa,2025-08-25,25.0,41.3,0.0,8.39,open_meteo_era5_gap_sanliurfa_2024_2025_d07ae51935e7
gap_sanliurfa,2025-08-26,25.3,39.3,0.0,8.25,open_meteo_era5_gap_sanliurfa_2024_2025_d07ae51935e7
gap_sanliurfa,2025-08-27,26.2,40.0,0.0,7.89,open_meteo_era5_gap_sanliurfa_2024_2025_d07ae51935e7
gap_sanliurfa,2025-08-28,26.8,40.2,0.0,8.33,open_meteo_era5_gap_sanliurfa_2024_2025_d07ae51935e7
gap_sanliurfa,2025-08-29,24.2,37.2,0.0,7.19,open_meteo_era5_gap_sanliurfa_2024_2025_d07ae51935e7
gap_sanliurfa,2025-08-30,23.4,37.4,0.0,7.45,open_meteo_era5_gap_sanliurfa_2024_2025_d07ae51935e7
gap_sanliurfa,2025-08-31,23.0,37.0,0.0,6.57,open_meteo_era5_gap_sanliurfa_2024_2025_d07ae51935e7
gap_sanliurfa,2025-09-01,25.0,39.8,0.0,6.26,open_meteo_era5_gap_sanliurfa_2024_2025_d07ae51935e7
gap_sanliurfa,2025-09-02,24.5,41.5,0.0,6.58,open_meteo_era5_gap_sanliurfa_2024_2025_d07ae51935e7
gap_sanliurfa,2025-09-03,25.3,40.1,0.0,7.11,open_meteo_era5_gap_sanliurfa_2024_2025_d07ae51935e7
gap_sanliurfa,2025-09-04,25.6,38.8,0.0,6.82,open_meteo_era5_gap_sanliurfa_2024_2025_d07ae51935e7
gap_sanliurfa,2025-09-05,23.1,35.9,0.0,6.48,open_meteo_era5_gap_sanliurfa_2024_2025_d07ae51935e7
gap_sanliurfa,2025-09-06,24.1,37.1,0.0,7.18,open_meteo_era5_gap_sanliurfa_2024_2025_d07ae51935e7
gap_sanliurfa,2025-09-07,22.3,36.6,0.0,6.79,open_meteo_era5_gap_sanliurfa_2024_2025_d07ae51935e7
gap_sanliurfa,2025-09-08,22.4,35.2,0.0,6.68,open_meteo_era5_gap_sanliurfa_2024_2025_d07ae51935e7
gap_sanliurfa,2025-09-09,21.6,35.0,0.0,6.93,open_meteo_era5_gap_sanliurfa_2024_2025_d07ae51935e7
gap_sanliurfa,2025-09-10,22.4,36.0,0.0,6.63,open_meteo_era5_gap_sanliurfa_2024_2025_d07ae51935e7
gap_sanliurfa,2025-09-11,24.2,34.4,0.0,8.39,open_meteo_era5_gap_sanliurfa_2024_2025_d07ae51935e7
gap_sanliurfa,2025-09-12,22.0,35.1,0.0,6.75,open_meteo_era5_gap_sanliurfa_2024_2025_d07ae51935e7
gap_sanliurfa,2025-09-13,21.1,37.3,0.0,6.29,open_meteo_era5_gap_sanliurfa_2024_2025_d07ae51935e7
gap_sanliurfa,2025-09-14,23.6,37.7,0.0,6.58,open_meteo_era5_gap_sanliurfa_2024_2025_d07ae51935e7
gap_sanliurfa,2025-09-15,21.4,37.2,0.0,6.23,open_meteo_era5_gap_sanliurfa_2024_2025_d07ae51935e7
gap_sanliurfa,2025-09-16,22.6,36.6,0.0,6.26,open_meteo_era5_gap_sanliurfa_2024_2025_d07ae51935e7
gap_sanliurfa,2025-09-17,23.1,37.9,0.0,5.91,open_meteo_era5_gap_sanliurfa_2024_2025_d07ae51935e7
gap_sanliurfa,2025-09-18,22.8,38.4,0.0,7.55,open_meteo_era5_gap_sanliurfa_2024_2025_d07ae51935e7
gap_sanliurfa,2025-09-19,20.7,29.3,0.0,8.59,open_meteo_era5_gap_sanliurfa_2024_2025_d07ae51935e7
gap_sanliurfa,2025-09-20,19.4,31.7,0.0,6.92,open_meteo_era5_gap_sanliurfa_2024_2025_d07ae51935e7
gap_sanliurfa,2025-09-21,20.4,31.0,0.0,7.5,open_meteo_era5_gap_sanliurfa_2024_2025_d07ae51935e7
gap_sanliurfa,2025-09-22,18.0,31.9,0.0,6.03,open_meteo_era5_gap_sanliurfa_2024_2025_d07ae51935e7
gap_sanliurfa,2025-09-23,16.8,32.9,0.0,5.34,open_meteo_era5_gap_sanliurfa_2024_2025_d07ae51935e7
gap_sanliurfa,2025-09-24,15.9,34.6,0.0,5.42,open_meteo_era5_gap_sanliurfa_2024_2025_d07ae51935e7
gap_sanliurfa,2025-09-25,18.0,35.0,0.0,5.77,open_meteo_era5_gap_sanliurfa_2024_2025_d07ae51935e7
gap_sanliurfa,2025-09-26,20.8,36.0,0.0,6.4,open_meteo_era5_gap_sanliurfa_2024_2025_d07ae51935e7
gap_sanliurfa,2025-09-27,20.1,33.2,0.0,6.45,open_meteo_era5_gap_sanliurfa_2024_2025_d07ae51935e7
gap_sanliurfa,2025-09-28,17.3,33.6,0.0,5.45,open_meteo_era5_gap_sanliurfa_2024_2025_d07ae51935e7
gap_sanliurfa,2025-09-29,17.4,33.7,0.0,5.81,open_meteo_era5_gap_sanliurfa_2024_2025_d07ae51935e7
gap_sanliurfa,2025-09-30,19.4,31.5,0.0,5.8,open_meteo_era5_gap_sanliurfa_2024_2025_d07ae51935e7
gap_sanliurfa,2025-10-01,20.4,31.9,0.0,5.67,open_meteo_era5_gap_sanliurfa_2024_2025_d07ae51935e7
gap_sanliurfa,2025-10-02,19.3,32.4,0.0,5.51,open_meteo_era5_gap_sanliurfa_2024_2025_d07ae51935e7
gap_sanliurfa,2025-10-03,17.2,31.7,0.0,4.82,open_meteo_era5_gap_sanliurfa_2024_2025_d07ae51935e7
gap_sanliurfa,2025-10-04,17.5,33.7,0.0,5.01,open_meteo_era5_gap_sanliurfa_2024_2025_d07ae51935e7
gap_sanliurfa,2025-10-05,19.4,35.2,0.0,5.45,open_meteo_era5_gap_sanliurfa_2024_2025_d07ae51935e7
gap_sanliurfa,2025-10-06,19.6,31.9,0.0,5.14,open_meteo_era5_gap_sanliurfa_2024_2025_d07ae51935e7
gap_sanliurfa,2025-10-07,18.0,31.7,0.0,4.41,open_meteo_era5_gap_sanliurfa_2024_2025_d07ae51935e7
gap_sanliurfa,2025-10-08,18.9,30.5,0.0,4.95,open_meteo_era5_gap_sanliurfa_2024_2025_d07ae51935e7
gap_sanliurfa,2025-10-09,15.6,26.8,1.4,3.64,open_meteo_era5_gap_sanliurfa_2024_2025_d07ae51935e7
gap_sanliurfa,2025-10-10,14.4,25.9,0.0,4.07,open_meteo_era5_gap_sanliurfa_2024_2025_d07ae51935e7
gap_sanliurfa,2025-10-11,13.9,27.2,0.0,4.03,open_meteo_era5_gap_sanliurfa_2024_2025_d07ae51935e7
gap_sanliurfa,2025-10-12,13.0,28.0,1.0,4.38,open_meteo_era5_gap_sanliurfa_2024_2025_d07ae51935e7
gap_sanliurfa,2025-10-13,13.2,24.3,0.0,4.15,open_meteo_era5_gap_sanliurfa_2024_2025_d07ae51935e7
gap_sanliurfa,2025-10-14,11.1,26.3,0.0,3.66,open_meteo_era5_gap_sanliurfa_2024_2025_d07ae51935e7
gap_sanliurfa,2025-10-15,11.7,28.5,0.0,3.94,open_meteo_era5_gap_sanliurfa_2024_2025_d07ae51935e7
gap_sanliurfa,2025-10-16,13.5,29.5,0.0,4.01,open_meteo_era5_gap_sanliurfa_2024_2025_d07ae51935e7
gap_sanliurfa,2025-10-17,12.6,29.9,0.0,3.99,open_meteo_era5_gap_sanliurfa_2024_2025_d07ae51935e7
gap_sanliurfa,2025-10-18,13.2,30.7,0.0,4.19,open_meteo_era5_gap_sanliurfa_2024_2025_d07ae51935e7
gap_sanliurfa,2025-10-19,14.8,28.9,0.0,4.37,open_meteo_era5_gap_sanliurfa_2024_2025_d07ae51935e7
gap_sanliurfa,2025-10-20,17.1,28.1,0.1,4.04,open_meteo_era5_gap_sanliurfa_2024_2025_d07ae51935e7
gap_sanliurfa,2025-10-21,17.2,23.6,7.8,1.95,open_meteo_era5_gap_sanliurfa_2024_2025_d07ae51935e7
gap_sanliurfa,2025-10-22,15.7,26.2,0.1,3.23,open_meteo_era5_gap_sanliurfa_2024_2025_d07ae51935e7
gap_sanliurfa,2025-10-23,13.9,28.0,0.0,3.11,open_meteo_era5_gap_sanliurfa_2024_2025_d07ae51935e7
gap_sanliurfa,2025-10-24,16.6,29.3,0.0,3.98,open_meteo_era5_gap_sanliurfa_2024_2025_d07ae51935e7
gap_sanliurfa,2025-10-25,14.7,27.5,0.0,3.94,open_meteo_era5_gap_sanliurfa_2024_2025_d07ae51935e7
gap_sanliurfa,2025-10-26,16.8,27.6,0.0,3.78,open_meteo_era5_gap_sanliurfa_2024_2025_d07ae51935e7
gap_sanliurfa,2025-10-27,15.6,26.6,0.0,3.18,open_meteo_era5_gap_sanliurfa_2024_2025_d07ae51935e7
gap_sanliurfa,2025-10-28,15.2,28.5,0.0,3.1,open_meteo_era5_gap_sanliurfa_2024_2025_d07ae51935e7
gap_sanliurfa,2025-10-29,14.1,28.7,0.2,3.99,open_meteo_era5_gap_sanliurfa_2024_2025_d07ae51935e7
gap_sanliurfa,2025-10-30,13.8,26.3,0.0,4.55,open_meteo_era5_gap_sanliurfa_2024_2025_d07ae51935e7
gap_sanliurfa,2025-10-31,10.4,27.5,0.0,4.11,open_meteo_era5_gap_sanliurfa_2024_2025_d07ae51935e7
gap_sanliurfa,2025-11-01,8.2,27.4,0.0,3.88,open_meteo_era5_gap_sanliurfa_2024_2025_d07ae51935e7
gap_sanliurfa,2025-11-02,10.6,28.2,0.0,3.82,open_meteo_era5_gap_sanliurfa_2024_2025_d07ae51935e7
gap_sanliurfa,2025-11-03,10.6,28.8,0.0,3.19,open_meteo_era5_gap_sanliurfa_2024_2025_d07ae51935e7
gap_sanliurfa,2025-11-04,11.9,28.2,0.0,3.54,open_meteo_era5_gap_sanliurfa_2024_2025_d07ae51935e7
gap_sanliurfa,2025-11-05,11.1,28.3,0.0,3.09,open_meteo_era5_gap_sanliurfa_2024_2025_d07ae51935e7
gap_sanliurfa,2025-11-06,14.4,28.6,0.0,4.69,open_meteo_era5_gap_sanliurfa_2024_2025_d07ae51935e7
gap_sanliurfa,2025-11-07,16.3,29.5,0.0,4.9,open_meteo_era5_gap_sanliurfa_2024_2025_d07ae51935e7
gap_sanliurfa,2025-11-08,14.3,29.1,0.0,3.86,open_meteo_era5_gap_sanliurfa_2024_2025_d07ae51935e7
gap_sanliurfa,2025-11-09,12.4,28.8,0.0,3.65,open_meteo_era5_gap_sanliurfa_2024_2025_d07ae51935e7
gap_sanliurfa,2025-11-10,11.5,28.7,0.0,3.24,open_meteo_era5_gap_sanliurfa_2024_2025_d07ae51935e7
gap_sanliurfa,2025-11-11,11.8,26.9,0.0,3.41,open_meteo_era5_gap_sanliurfa_2024_2025_d07ae51935e7
gap_sanliurfa,2025-11-12,15.8,26.2,0.1,3.3,open_meteo_era5_gap_sanliurfa_2024_2025_d07ae51935e7
gap_sanliurfa,2025-11-13,15.2,23.1,0.2,3.15,open_meteo_era5_gap_sanliurfa_2024_2025_d07ae51935e7
gap_sanliurfa,2025-11-14,10.9,21.2,4.6,3.76,open_meteo_era5_gap_sanliurfa_2024_2025_d07ae51935e7
gap_sanliurfa,2025-11-15,5.7,15.1,3.9,1.4,open_meteo_era5_gap_sanliurfa_2024_2025_d07ae51935e7
gap_sanliurfa,2025-11-16,5.5,14.9,0.2,1.46,open_meteo_era5_gap_sanliurfa_2024_2025_d07ae51935e7
gap_sanliurfa,2025-11-17,5.2,18.0,0.0,1.84,open_meteo_era5_gap_sanliurfa_2024_2025_d07ae51935e7
gap_sanliurfa,2025-11-18,5.3,19.4,0.0,1.97,open_meteo_era5_gap_sanliurfa_2024_2025_d07ae51935e7
gap_sanliurfa,2025-11-19,5.9,20.6,0.0,2.24,open_meteo_era5_gap_sanliurfa_2024_2025_d07ae51935e7
gap_sanliurfa,2025-11-20,6.5,21.5,0.0,2.39,open_meteo_era5_gap_sanliurfa_2024_2025_d07ae51935e7
gap_sanliurfa,2025-11-21,8.6,23.1,0.0,2.57,open_meteo_era5_gap_sanliurfa_2024_2025_d07ae51935e7
gap_sanliurfa,2025-11-22,8.5,24.8,0.0,2.65,open_meteo_era5_gap_sanliurfa_2024_2025_d07ae51935e7
gap_sanliurfa,2025-11-23,7.9,23.7,0.0,2.53,open_meteo_era5_gap_sanliurfa_2024_2025_d07ae51935e7
gap_sanliurfa,2025-11-24,7.8,22.0,0.0,2.68,open_meteo_era5_gap_sanliurfa_2024_2025_d07ae51935e7
gap_sanliurfa,2025-11-25,10.1,21.3,0.0,2.65,open_meteo_era5_gap_sanliurfa_2024_2025_d07ae51935e7
gap_sanliurfa,2025-11-26,9.2,19.8,0.0,2.14,open_meteo_era5_gap_sanliurfa_2024_2025_d07ae51935e7
gap_sanliurfa,2025-11-27,7.4,21.0,0.0,2.25,open_meteo_era5_gap_sanliurfa_2024_2025_d07ae51935e7
gap_sanliurfa,2025-11-28,6.3,21.5,0.0,2.25,open_meteo_era5_gap_sanliurfa_2024_2025_d07ae51935e7
gap_sanliurfa,2025-11-29,9.4,21.7,0.0,2.73,open_meteo_era5_gap_sanliurfa_2024_2025_d07ae51935e7
gap_sanliurfa,2025-11-30,10.0,19.8,0.4,2.68,open_meteo_era5_gap_sanliurfa_2024_2025_d07ae51935e7
gap_sanliurfa,2025-12-01,8.0,19.6,0.0,2.21,open_meteo_era5_gap_sanliurfa_2024_2025_d07ae51935e7
gap_sanliurfa,2025-12-02,7.4,19.3,0.0,2.1,open_meteo_era5_gap_sanliurfa_2024_2025_d07ae51935e7
gap_sanliurfa,2025-12-03,5.8,19.1,0.0,2.32,open_meteo_era5_gap_sanliurfa_2024_2025_d07ae51935e7
gap_sanliurfa,2025-12-04,6.2,18.5,0.2,2.18,open_meteo_era5_gap_sanliurfa_2024_2025_d07ae51935e7
gap_sanliurfa,2025-12-05,10.0,19.2,0.6,2.64,open_meteo_era5_gap_sanliurfa_2024_2025_d07ae51935e7
gap_sanliurfa,2025-12-06,11.3,17.2,4.9,2.52,open_meteo_era5_gap_sanliurfa_2024_2025_d07ae51935e7
gap_sanliurfa,2025-12-07,8.8,15.3,5.8,0.98,open_meteo_era5_gap_sanliurfa_2024_2025_d07ae51935e7
gap_sanliurfa,2025-12-08,8.2,17.0,0.1,1.25,open_meteo_era5_gap_sanliurfa_2024_2025_d07ae51935e7
gap_sanliurfa,2025-12-09,8.4,15.7,0.1,1.07,open_meteo_era5_gap_sanliurfa_2024_2025_d07ae51935e7
gap_sanliurfa,2025-12-10,7.2,15.5,0.0,1.25,open_meteo_era5_gap_sanliurfa_2024_2025_d07ae51935e7
gap_sanliurfa,2025-12-11,8.8,12.3,2.9,0.77,open_meteo_era5_gap_sanliurfa_2024_2025_d07ae51935e7
gap_sanliurfa,2025-12-12,5.8,12.4,1.8,0.74,open_meteo_era5_gap_sanliurfa_2024_2025_d07ae51935e7
gap_sanliurfa,2025-12-13,4.6,16.0,0.0,1.82,open_meteo_era5_gap_sanliurfa_2024_2025_d07ae51935e7
gap_sanliurfa,2025-12-14,5.3,16.1,0.0,1.8,open_meteo_era5_gap_sanliurfa_2024_2025_d07ae51935e7
gap_sanliurfa,2025-12-15,4.8,10.7,1.5,1.06,open_meteo_era5_gap_sanliurfa_2024_2025_d07ae51935e7
gap_sanliurfa,2025-12-16,5.1,13.9,0.0,1.84,open_meteo_era5_gap_sanliurfa_2024_2025_d07ae51935e7
gap_sanliurfa,2025-12-17,6.0,18.0,0.0,2.94,open_meteo_era5_gap_sanliurfa_2024_2025_d07ae51935e7
gap_sanliurfa,2025-12-18,5.5,18.6,0.0,2.3,open_meteo_era5_gap_sanliurfa_2024_2025_d07ae51935e7
gap_sanliurfa,2025-12-19,4.4,19.8,0.0,2.52,open_meteo_era5_gap_sanliurfa_2024_2025_d07ae51935e7
gap_sanliurfa,2025-12-20,4.5,17.8,0.0,1.89,open_meteo_era5_gap_sanliurfa_2024_2025_d07ae51935e7
gap_sanliurfa,2025-12-21,3.8,12.3,0.0,1.33,open_meteo_era5_gap_sanliurfa_2024_2025_d07ae51935e7
gap_sanliurfa,2025-12-22,5.2,14.0,0.0,1.73,open_meteo_era5_gap_sanliurfa_2024_2025_d07ae51935e7
gap_sanliurfa,2025-12-23,5.6,14.0,0.0,1.41,open_meteo_era5_gap_sanliurfa_2024_2025_d07ae51935e7
gap_sanliurfa,2025-12-24,3.4,15.5,0.0,1.65,open_meteo_era5_gap_sanliurfa_2024_2025_d07ae51935e7
gap_sanliurfa,2025-12-25,2.6,15.4,0.0,1.42,open_meteo_era5_gap_sanliurfa_2024_2025_d07ae51935e7
gap_sanliurfa,2025-12-26,4.8,13.0,0.7,1.03,open_meteo_era5_gap_sanliurfa_2024_2025_d07ae51935e7
gap_sanliurfa,2025-12-27,4.7,11.6,6.5,0.88,open_meteo_era5_gap_sanliurfa_2024_2025_d07ae51935e7
gap_sanliurfa,2025-12-28,2.0,9.7,0.0,2.09,open_meteo_era5_gap_sanliurfa_2024_2025_d07ae51935e7
gap_sanliurfa,2025-12-29,-1.4,4.4,8.4,0.9,open_meteo_era5_gap_sanliurfa_2024_2025_d07ae51935e7
gap_sanliurfa,2025-12-30,-3.4,5.4,0.0,1.46,open_meteo_era5_gap_sanliurfa_2024_2025_d07ae51935e7
gap_sanliurfa,2025-12-31,0.3,5.1,14.7,0.43,open_meteo_era5_gap_sanliurfa_2024_2025_d07ae51935e7
trakya_edirne,2024-01-01,6.4,15.7,0.0,0.92,open_meteo_era5_trakya_edirne_2024_2025_36d57786676b
trakya_edirne,2024-01-02,4.1,12.0,0.2,0.63,open_meteo_era5_trakya_edirne_2024_2025_36d57786676b
trakya_edirne,2024-01-03,3.7,10.3,0.0,0.5,open_meteo_era5_trakya_edirne_2024_2025_36d57786676b
trakya_edirne,2024-01-04,2.3,15.7,0.2,1.06,open_meteo_era5_trakya_edirne_2024_2025_36d57786676b
trakya_edirne,2024-01-05,4.2,16.8,0.0,1.43,open_meteo_era5_trakya_edirne_2024_2025_36d57786676b
trakya_edirne,2024-01-06,7.1,16.9,0.4,1.26,open_meteo_era5_trakya_edirne_2024_2025_36d57786676b
trakya_edirne,2024-01-07,11.2,15.1,13.9,1.07,open_meteo_era5_trakya_edirne_2024_2025_36d57786676b
trakya_edirne,2024-01-08,1.1,13.1,2.5,0.92,open_meteo_era5_trakya_edirne_2024_2025_36d57786676b
trakya_edirne,2024-01-09,-3.3,0.5,0.8,0.9,open_meteo_era5_trakya_edirne_2024_2025_36d57786676b
trakya_edirne,2024-01-10,-4.5,0.7,0.0,1.05,open_meteo_era5_trakya_edirne_2024_2025_36d57786676b
trakya_edirne,2024-01-11,-5.1,4.8,0.0,0.95,open_meteo_era5_trakya_edirne_2024_2025_36d57786676b
trakya_edirne,2024-01-12,-4.3,4.3,0.0,0.93,open_meteo_era5_trakya_edirne_2024_2025_36d57786676b
trakya_edirne,2024-01-13,-4.0,4.0,0.0,0.71,open_meteo_era5_trakya_edirne_2024_2025_36d57786676b
trakya_edirne,2024-01-14,-5.5,7.2,0.0,0.9,open_meteo_era5_trakya_edirne_2024_2025_36d57786676b
trakya_edirne,2024-01-15,-3.4,10.0,0.0,0.91,open_meteo_era5_trakya_edirne_2024_2025_36d57786676b
trakya_edirne,2024-01-16,2.6,11.3,0.2,1.27,open_meteo_era5_trakya_edirne_2024_2025_36d57786676b
trakya_edirne,2024-01-17,0.3,11.0,0.0,1.17,open_meteo_era5_trakya_edirne_2024_2025_36d57786676b
trakya_edirne,2024-01-18,6.9,16.2,0.8,1.23,open_meteo_era5_trakya_edirne_2024_2025_36d57786676b
trakya_edirne,2024-01-19,8.9,19.3,0.0,1.62,open_meteo_era5_trakya_edirne_2024_2025_36d57786676b
trakya_edirne,2024-01-20,0.7,8.2,8.2,0.61,open_meteo_era5_trakya_edirne_2024_2025_36d57786676b
trakya_edirne,2024-01-21,-0.7,5.6,0.0,1.35,open_meteo_era5_trakya_edirne_2024_2025_36d57786676b
trakya_edirne,2024-01-22,-2.2,4.8,0.0,1.19,open_meteo_era5_trakya_edirne_2024_2025_36d57786676b
trakya_edirne,2024-01-23,-3.3,6.9,0.0,0.97,open_meteo_era5_trakya_edirne_2024_2025_36d57786676b
trakya_edirne,2024-01-24,-1.7,8.0,0.0,0.99,open_meteo_era5_trakya_edirne_2024_2025_36d57786676b
trakya_edirne,2024-01-25,-1.3,12.6,0.0,1.5,open_meteo_era5_trakya_edirne_2024_2025_36d57786676b
trakya_edirne,2024-01-26,4.1,11.7,0.0,1.66,open_meteo_era5_trakya_edirne_2024_2025_36d57786676b
trakya_edirne,2024-01-27,-0.6,6.2,5.3,0.57,open_meteo_era5_trakya_edirne_2024_2025_36d57786676b
trakya_edirne,2024-01-28,2.3,8.3,0.1,1.46,open_meteo_era5_trakya_edirne_2024_2025_36d57786676b
trakya_edirne,2024-01-29,2.4,5.1,0.0,1.54,open_meteo_era5_trakya_edirne_2024_2025_36d57786676b
trakya_edirne,2024-01-30,2.2,5.1,0.3,1.48,open_meteo_era5_trakya_edirne_2024_2025_36d57786676b
trakya_edirne,2024-01-31,-2.1,7.6,0.0,1.49,open_meteo_era5_trakya_edirne_2024_2025_36d57786676b
trakya_edirne,2024-02-01,-3.4,9.5,0.0,1.28,open_meteo_era5_trakya_edirne_2024_2025_36d57786676b
trakya_edirne,2024-02-02,-2.4,7.2,0.1,0.72,open_meteo_era5_trakya_edirne_2024_2025_36d57786676b
trakya_edirne,2024-02-03,-0.7,11.4,0.0,1.41,open_meteo_era5_trakya_edirne_2024_2025_36d57786676b
trakya_edirne,2024-02-04,0.6,13.2,0.0,1.12,open_meteo_era5_trakya_edirne_2024_2025_36d57786676b
trakya_edirne,2024-02-05,2.9,21.0,0.0,2.48,open_meteo_era5_trakya_edirne_2024_2025_36d57786676b
trakya_edirne,2024-02-06,8.6,23.2,0.0,3.21,open_meteo_era5_trakya_edirne_2024_2025_36d57786676b
trakya_edirne,2024-02-07,5.7,18.9,0.0,1.79,open_meteo_era5_trakya_edirne_2024_2025_36d57786676b
trakya_edirne,2024-02-08,9.3,18.8,0.0,1.58,open_meteo_era5_trakya_edirne_2024_2025_36d57786676b
trakya_edirne,2024-02-09,8.2,19.1,0.0,1.91,open_meteo_era5_trakya_edirne_2024_2025_36d57786676b
trakya_edirne,2024-02-10,11.3,18.9,0.0,2.47,open_meteo_era5_trakya_edirne_2024_2025_36d57786676b
trakya_edirne,2024-02-11,14.7,17.8,0.2,2.75,open_meteo_era5_trakya_edirne_2024_2025_36d57786676b
trakya_edirne,2024-02-12,10.1,15.8,18.9,1.26,open_meteo_era5_trakya_edirne_2024_2025_36d57786676b
trakya_edirne,2024-02-13,7.7,13.8,3.8,1.17,open_meteo_era5_trakya_edirne_2024_2025_36d57786676b
trakya_edirne,2024-02-14,7.2,10.9,0.4,1.36,open_meteo_era5_trakya_edirne_2024_2025_36d57786676b
trakya_edirne,2024-02-15,5.9,11.5,1.3,1.97,open_meteo_era5_trakya_edirne_2024_2025_36d57786676b
trakya_edirne,2024-02-16,5.7,8.8,2.7,0.86,open_meteo_era5_trakya_edirne_2024_2025_36d57786676b
trakya_edirne,2024-02-17,1.1,8.0,0.0,0.99,open_meteo_era5_trakya_edirne_2024_2025_36d57786676b
trakya_edirne,2024-02-18,0.6,12.4,0.0,1.62,open_meteo_era5_trakya_edirne_2024_2025_36d57786676b
trakya_edirne,2024-02-19,4.7,10.2,0.1,0.83,open_meteo_era5_trakya_edirne_2024_2025_36d57786676b
trakya_edirne,2024-02-20,3.4,10.9,0.0,1.12,open_meteo_era5_trakya_edirne_2024_2025_36d57786676b
trakya_edirne,2024-02-21,3.8,11.8,0.7,1.53,open_meteo_era5_trakya_edirne_2024_2025_36d57786676b
trakya_edirne,2024-02-22,3.0,13.8,0.2,1.73,open_meteo_era5_trakya_edirne_2024_2025_36d57786676b
trakya_edirne,2024-02-23,6.1,18.5,0.0,1.98,open_meteo_era5_trakya_edirne_2024_2025_36d57786676b
trakya_edirne,2024-02-24,10.1,20.4,0.0,2.73,open_meteo_era5_trakya_edirne_2024_2025_36d57786676b
trakya_edirne,2024-02-25,9.6,18.3,0.0,1.88,open_meteo_era5_trakya_edirne_2024_2025_36d57786676b
trakya_edirne,2024-02-26,7.8,18.5,0.0,2.0,open_meteo_era5_trakya_edirne_2024_2025_36d57786676b
trakya_edirne,2024-02-27,4.9,17.1,0.0,2.25,open_meteo_era5_trakya_edirne_2024_2025_36d57786676b
trakya_edirne,2024-02-28,3.7,17.4,0.0,2.17,open_meteo_era5_trakya_edirne_2024_2025_36d57786676b
trakya_edirne,2024-02-29,5.1,17.0,0.0,2.06,open_meteo_era5_trakya_edirne_2024_2025_36d57786676b
trakya_edirne,2024-03-01,7.8,12.7,0.0,1.22,open_meteo_era5_trakya_edirne_2024_2025_36d57786676b
trakya_edirne,2024-03-02,7.2,11.9,3.5,1.04,open_meteo_era5_trakya_edirne_2024_2025_36d57786676b
trakya_edirne,2024-03-03,6.6,14.2,0.4,1.45,open_meteo_era5_trakya_edirne_2024_2025_36d57786676b
trakya_edirne,2024-03-04,5.7,15.0,0.0,1.71,open_meteo_era5_trakya_edirne_2024_2025_36d57786676b
trakya_edirne,2024-03-05,7.2,11.7,20.0,0.94,open_meteo_era5_trakya_edirne_2024_2025_36d57786676b
trakya_edirne,2024-03-06,5.9,13.3,0.0,1.77,open_meteo_era5_trakya_edirne_2024_2025_36d57786676b
trakya_edirne,2024-03-07,6.3,9.4,7.4,1.12,open_meteo_era5_trakya_edirne_2024_2025_36d57786676b
trakya_edirne,2024-03-08,3.3,8.9,1.3,0.98,open_meteo_era5_trakya_edirne_2024_2025_36d57786676b
trakya_edirne,2024-03-09,1.4,10.7,0.0,1.39,open_meteo_era5_trakya_edirne_2024_2025_36d57786676b
trakya_edirne,2024-03-10,1.6,14.4,0.1,2.08,open_meteo_era5_trakya_edirne_2024_2025_36d57786676b
trakya_edirne,2024-03-11,6.0,17.2,0.2,2.16,open_meteo_era5_trakya_edirne_2024_2025_36d57786676b
trakya_edirne,2024-03-12,10.3,14.7,8.7,1.38,open_meteo_era5_trakya_edirne_2024_2025_36d57786676b
trakya_edirne,2024-03-13,8.7,15.6,13.9,1.82,open_meteo_era5_trakya_edirne_2024_2025_36d57786676b
trakya_edirne,2024-03-14,6.9,14.2,2.2,1.85,open_meteo_era5_trakya_edirne_2024_2025_36d57786676b
trakya_edirne,2024-03-15,5.1,12.9,0.6,1.67,open_meteo_era5_trakya_edirne_2024_2025_36d57786676b
trakya_edirne,2024-03-16,5.4,13.8,2.0,1.95,open_meteo_era5_trakya_edirne_2024_2025_36d57786676b
trakya_edirne,2024-03-17,3.2,15.7,0.1,2.0,open_meteo_era5_trakya_edirne_2024_2025_36d57786676b
trakya_edirne,2024-03-18,6.3,18.6,0.0,3.01,open_meteo_era5_trakya_edirne_2024_2025_36d57786676b
trakya_edirne,2024-03-19,5.7,14.0,3.7,2.02,open_meteo_era5_trakya_edirne_2024_2025_36d57786676b
trakya_edirne,2024-03-20,2.3,12.2,0.8,2.12,open_meteo_era5_trakya_edirne_2024_2025_36d57786676b
trakya_edirne,2024-03-21,1.7,15.7,1.8,2.75,open_meteo_era5_trakya_edirne_2024_2025_36d57786676b
trakya_edirne,2024-03-22,2.0,13.6,0.1,2.57,open_meteo_era5_trakya_edirne_2024_2025_36d57786676b
trakya_edirne,2024-03-23,1.2,15.9,0.0,3.0,open_meteo_era5_trakya_edirne_2024_2025_36d57786676b
trakya_edirne,2024-03-24,4.0,19.3,0.0,3.16,open_meteo_era5_trakya_edirne_2024_2025_36d57786676b
trakya_edirne,2024-03-25,5.0,13.9,2.1,2.34,open_meteo_era5_trakya_edirne_2024_2025_36d57786676b
trakya_edirne,2024-03-26,2.9,15.8,1.4,2.98,open_meteo_era5_trakya_edirne_2024_2025_36d57786676b
trakya_edirne,2024-03-27,8.5,20.4,0.2,2.79,open_meteo_era5_trakya_edirne_2024_2025_36d57786676b
trakya_edirne,2024-03-28,11.7,22.5,0.0,3.45,open_meteo_era5_trakya_edirne_2024_2025_36d57786676b
trakya_edirne,2024-03-29,10.5,24.6,0.0,3.74,open_meteo_era5_trakya_edirne_2024_2025_36d57786676b
trakya_edirne,2024-03-30,9.6,25.5,0.0,4.35,open_meteo_era5_trakya_edirne_2024_2025_36d57786676b
trakya_edirne,2024-03-31,9.1,26.5,0.0,4.54,open_meteo_era5_trakya_edirne_2024_2025_36d57786676b
trakya_edirne,2024-04-01,11.6,27.1,0.0,4.78,open_meteo_era5_trakya_edirne_2024_2025_36d57786676b
trakya_edirne,2024-04-02,12.5,26.3,0.0,5.13,open_meteo_era5_trakya_edirne_2024_2025_36d57786676b
trakya_edirne,2024-04-03,12.4,22.4,0.0,4.53,open_meteo_era5_trakya_edirne_2024_2025_36d57786676b
trakya_edirne,2024-04-04,10.1,23.6,0.4,4.07,open_meteo_era5_trakya_edirne_2024_2025_36d57786676b
trakya_edirne,2024-04-05,9.7,22.8,0.0,3.95,open_meteo_era5_trakya_edirne_2024_2025_36d57786676b
trakya_edirne,2024-04-06,10.0,23.9,0.3,3.62,open_meteo_era5_trakya_edirne_2024_2025_36d57786676b
trakya_edirne,2024-04-07,10.8,20.8,3.1,3.48,open_meteo_era5_trakya_edirne_2024_2025_36d57786676b
trakya_edirne,2024-04-08,9.8,22.4,0.0,4.63,open_meteo_era5_trakya_edirne_2024_2025_36d57786676b
trakya_edirne,2024-04-09,8.9,24.4,0.0,4.9,open_meteo_era5_trakya_edirne_2024_2025_36d57786676b
trakya_edirne,2024-04-10,7.2,24.6,0.0,4.83,open_meteo_era5_trakya_edirne_2024_2025_36d57786676b
trakya_edirne,2024-04-11,8.9,25.6,0.0,5.4,open_meteo_era5_trakya_edirne_2024_2025_36d57786676b
trakya_edirne,2024-04-12,12.8,26.9,0.3,4.63,open_meteo_era5_trakya_edirne_2024_2025_36d57786676b
trakya_edirne,2024-04-13,13.0,25.3,0.7,3.84,open_meteo_era5_trakya_edirne_2024_2025_36d57786676b
trakya_edirne,2024-04-14,12.1,27.3,0.1,4.24,open_meteo_era5_trakya_edirne_2024_2025_36d57786676b
trakya_edirne,2024-04-15,12.5,30.9,0.0,5.99,open_meteo_era5_trakya_edirne_2024_2025_36d57786676b
trakya_edirne,2024-04-16,15.0,28.9,0.0,6.3,open_meteo_era5_trakya_edirne_2024_2025_36d57786676b
trakya_edirne,2024-04-17,15.8,25.5,0.9,6.08,open_meteo_era5_trakya_edirne_2024_2025_36d57786676b
trakya_edirne,2024-04-18,8.9,16.8,16.9,2.24,open_meteo_era5_trakya_edirne_2024_2025_36d57786676b
trakya_edirne,2024-04-19,7.5,18.1,0.2,3.47,open_meteo_era5_trakya_edirne_2024_2025_36d57786676b
trakya_edirne,2024-04-20,7.2,13.8,11.1,1.62,open_meteo_era5_trakya_edirne_2024_2025_36d57786676b
trakya_edirne,2024-04-21,6.2,16.6,11.4,2.34,open_meteo_era5_trakya_edirne_2024_2025_36d57786676b
trakya_edirne,2024-04-22,8.0,19.1,0.8,3.91,open_meteo_era5_trakya_edirne_2024_2025_36d57786676b
trakya_edirne,2024-04-23,11.7,17.8,6.3,2.07,open_meteo_era5_trakya_edirne_2024_2025_36d57786676b
trakya_edirne,2024-04-24,12.1,23.3,0.0,3.69,open_meteo_era5_trakya_edirne_2024_2025_36d57786676b
trakya_edirne,2024-04-25,13.5,23.3,0.0,3.71,open_meteo_era5_trakya_edirne_2024_2025_36d57786676b
trakya_edirne,2024-04-26,10.8,21.6,0.0,3.87,open_meteo_era5_trakya_edirne_2024_2025_36d57786676b
trakya_edirne,2024-04-27,9.6,22.1,0.0,4.72,open_meteo_era5_trakya_edirne_2024_2025_36d57786676b
trakya_edirne,2024-04-28,10.0,22.0,0.0,4.03,open_meteo_era5_trakya_edirne_2024_2025_36d57786676b
trakya_edirne,2024-04-29,10.8,18.8,6.6,3.16,open_meteo_era5_trakya_edirne_2024_2025_36d57786676b
trakya_edirne,2024-04-30,13.6,17.7,10.5,1.58,open_meteo_era5_trakya_edirne_2024_2025_36d57786676b
trakya_edirne,2024-05-01,12.3,19.3,0.0,2.29,open_meteo_era5_trakya_edirne_2024_2025_36d57786676b
trakya_edirne,2024-05-02,11.7,20.7,0.0,2.92,open_meteo_era5_trakya_edirne_2024_2025_36d57786676b
trakya_edirne,2024-05-03,11.3,17.6,16.4,1.6,open_meteo_era5_trakya_edirne_2024_2025_36d57786676b
trakya_edirne,2024-05-04,11.2,18.0,6.0,2.41,open_meteo_era5_trakya_edirne_2024_2025_36d57786676b
trakya_edirne,2024-05-05,7.9,21.6,0.0,4.62,open_meteo_era5_trakya_edirne_2024_2025_36d57786676b
trakya_edirne,2024-05-06,6.4,23.3,0.0,4.74,open_meteo_era5_trakya_edirne_2024_2025_36d57786676b
trakya_edirne,2024-05-07,9.5,26.0,0.0,4.71,open_meteo_era5_trakya_edirne_2024_2025_36d57786676b
trakya_edirne,2024-05-08,13.4,25.9,3.9,4.21,open_meteo_era5_trakya_edirne_2024_2025_36d57786676b
trakya_edirne,2024-05-09,13.4,20.5,0.0,3.15,open_meteo_era5_trakya_edirne_2024_2025_36d57786676b
trakya_edirne,2024-05-10,12.8,17.4,3.5,2.23,open_meteo_era5_trakya_edirne_2024_2025_36d57786676b
trakya_edirne,2024-05-11,9.9,21.8,0.0,5.24,open_meteo_era5_trakya_edirne_2024_2025_36d57786676b
trakya_edirne,2024-05-12,8.9,23.2,5.0,4.17,open_meteo_era5_trakya_edirne_2024_2025_36d57786676b
trakya_edirne,2024-05-13,9.4,17.6,5.4,2.58,open_meteo_era5_trakya_edirne_2024_2025_36d57786676b
trakya_edirne,2024-05-14,8.0,19.7,0.0,4.08,open_meteo_era5_trakya_edirne_2024_2025_36d57786676b
trakya_edirne,2024-05-15,8.9,18.7,0.0,2.83,open_meteo_era5_trakya_edirne_2024_2025_36d57786676b
trakya_edirne,2024-05-16,10.7,19.4,1.5,3.48,open_meteo_era5_trakya_edirne_2024_2025_36d57786676b
trakya_edirne,2024-05-17,11.2,23.2,0.2,4.63,open_meteo_era5_trakya_edirne_2024_2025_36d57786676b
trakya_edirne,2024-05-18,11.1,26.3,0.0,4.95,open_meteo_era5_trakya_edirne_2024_2025_36d57786676b
trakya_edirne,2024-05-19,13.7,19.9,2.4,1.68,open_meteo_era5_trakya_edirne_2024_2025_36d57786676b
trakya_edirne,2024-05-20,13.1,25.0,0.2,4.24,open_meteo_era5_trakya_edirne_2024_2025_36d57786676b
trakya_edirne,2024-05-21,11.6,27.0,0.0,5.65,open_meteo_era5_trakya_edirne_2024_2025_36d57786676b
trakya_edirne,2024-05-22,12.5,28.2,0.0,5.59,open_meteo_era5_trakya_edirne_2024_2025_36d57786676b
trakya_edirne,2024-05-23,14.9,24.2,1.0,4.5,open_meteo_era5_trakya_edirne_2024_2025_36d57786676b
trakya_edirne,2024-05-24,15.7,27.9,0.0,5.5,open_meteo_era5_trakya_edirne_2024_2025_36d57786676b
trakya_edirne,2024-05-25,14.8,27.2,0.0,5.79,open_meteo_era5_trakya_edirne_2024_2025_36d57786676b
trakya_edirne,2024-05-26,12.3,24.9,0.1,5.8,open_meteo_era5_trakya_edirne_2024_2025_36d57786676b
trakya_edirne,2024-05-27,11.2,24.5,0.0,5.5,open_meteo_era5_trakya_edirne_2024_2025_36d57786676b
trakya_edirne,2024-05-28,11.7,23.7,0.2,4.95,open_meteo_era5_trakya_edirne_2024_2025_36d57786676b
trakya_edirne,2024-05-29,12.2,25.4,0.6,4.55,open_meteo_era5_trakya_edirne_2024_2025_36d57786676b
trakya_edirne,2024-05-30,13.3,26.9,3.6,4.48,open_meteo_era5_trakya_edirne_2024_2025_36d57786676b
trakya_edirne,2024-05-31,14.1,29.5,0.0,6.4,open_meteo_era5_trakya_edirne_2024_2025_36d57786676b
trakya_edirne,2024-06-01,15.6,32.2,0.0,6.85,open_meteo_era5_trakya_edirne_2024_2025_36d57786676b
trakya_edirne,2024-06-02,17.3,33.9,0.3,5.52,open_meteo_era5_trakya_edirne_2024_2025_36d57786676b
trakya_edirne,2024-06-03,20.1,35.5,0.2,6.64,open_meteo_era5_trakya_edirne_2024_2025_36d57786676b
trakya_edirne,2024-06-04,20.0,36.5,0.0,6.87,open_meteo_era5_trakya_edirne_2024_2025_36d57786676b
trakya_edirne,2024-06-05,21.9,34.3,1.5,6.06,open_meteo_era5_trakya_edirne_2024_2025_36d57786676b
trakya_edirne,2024-06-06,20.5,31.6,3.7,5.87,open_meteo_era5_trakya_edirne_2024_2025_36d57786676b
trakya_edirne,2024-06-07,19.2,32.4,0.2,6.18,open_meteo_era5_trakya_edirne_2024_2025_36d57786676b
trakya_edirne,2024-06-08,16.8,32.9,0.0,6.75,open_meteo_era5_trakya_edirne_2024_2025_36d57786676b
trakya_edirne,2024-06-09,17.1,33.7,0.0,6.72,open_meteo_era5_trakya_edirne_2024_2025_36d57786676b
trakya_edirne,2024-06-10,19.2,35.7,0.0,7.52,open_meteo_era5_trakya_edirne_2024_2025_36d57786676b
trakya_edirne,2024-06-11,22.7,38.2,0.0,8.21,open_meteo_era5_trakya_edirne_2024_2025_36d57786676b
trakya_edirne,2024-06-12,22.5,37.9,0.9,7.73,open_meteo_era5_trakya_edirne_2024_2025_36d57786676b
trakya_edirne,2024-06-13,21.8,34.0,0.3,6.03,open_meteo_era5_trakya_edirne_2024_2025_36d57786676b
trakya_edirne,2024-06-14,17.8,27.4,9.0,3.63,open_meteo_era5_trakya_edirne_2024_2025_36d57786676b
trakya_edirne,2024-06-15,16.1,28.9,0.0,5.78,open_meteo_era5_trakya_edirne_2024_2025_36d57786676b
trakya_edirne,2024-06-16,15.8,31.8,0.0,5.81,open_meteo_era5_trakya_edirne_2024_2025_36d57786676b
trakya_edirne,2024-06-17,19.0,33.9,0.0,6.14,open_meteo_era5_trakya_edirne_2024_2025_36d57786676b
trakya_edirne,2024-06-18,21.1,34.6,0.0,6.75,open_meteo_era5_trakya_edirne_2024_2025_36d57786676b
trakya_edirne,2024-06-19,19.3,35.1,0.0,7.42,open_meteo_era5_trakya_edirne_2024_2025_36d57786676b
trakya_edirne,2024-06-20,18.8,36.1,0.0,7.4,open_meteo_era5_trakya_edirne_2024_2025_36d57786676b
trakya_edirne,2024-06-21,21.4,33.8,0.0,7.43,open_meteo_era5_trakya_edirne_2024_2025_36d57786676b
trakya_edirne,2024-06-22,18.8,33.3,0.0,7.17,open_meteo_era5_trakya_edirne_2024_2025_36d57786676b
trakya_edirne,2024-06-23,16.9,33.8,0.0,7.16,open_meteo_era5_trakya_edirne_2024_2025_36d57786676b
trakya_edirne,2024-06-24,17.6,33.7,0.0,7.25,open_meteo_era5_trakya_edirne_2024_2025_36d57786676b
trakya_edirne,2024-06-25,19.3,33.5,0.0,7.15,open_meteo_era5_trakya_edirne_2024_2025_36d57786676b
trakya_edirne,2024-06-26,20.4,32.4,0.0,6.68,open_meteo_era5_trakya_edirne_2024_2025_36d57786676b
trakya_edirne,2024-06-27,18.5,32.7,0.0,6.91,open_meteo_era5_trakya_edirne_2024_2025_36d57786676b
trakya_edirne,2024-06-28,19.4,31.3,0.0,6.97,open_meteo_era5_trakya_edirne_2024_2025_36d57786676b
trakya_edirne,2024-06-29,20.8,32.4,0.0,7.7,open_meteo_era5_trakya_edirne_2024_2025_36d57786676b
trakya_edirne,2024-06-30,18.9,34.2,0.0,7.66,open_meteo_era5_trakya_edirne_2024_2025_36d57786676b
trakya_edirne,2024-07-01,19.1,34.6,0.0,7.25,open_meteo_era5_trakya_edirne_2024_2025_36d57786676b
trakya_edirne,2024-07-02,19.7,36.2,0.0,7.9,open_meteo_era5_trakya_edirne_2024_2025_36d57786676b
trakya_edirne,2024-07-03,21.3,27.1,4.9,4.58,open_meteo_era5_trakya_edirne_2024_2025_36d57786676b
trakya_edirne,2024-07-04,20.0,28.8,1.1,4.52,open_meteo_era5_trakya_edirne_2024_2025_36d57786676b
trakya_edirne,2024-07-05,19.7,30.5,0.0,5.3,open_meteo_era5_trakya_edirne_2024_2025_36d57786676b
trakya_edirne,2024-07-06,19.9,33.7,0.0,7.49,open_meteo_era5_trakya_edirne_2024_2025_36d57786676b
trakya_edirne,2024-07-07,18.1,34.3,0.0,7.34,open_meteo_era5_trakya_edirne_2024_2025_36d57786676b
trakya_edirne,2024-07-08,18.2,35.8,0.0,7.75,open_meteo_era5_trakya_edirne_2024_2025_36d57786676b
trakya_edirne,2024-07-09,23.2,38.2,1.3,8.9,open_meteo_era5_trakya_edirne_2024_2025_36d57786676b
trakya_edirne,2024-07-10,25.7,38.2,0.5,8.6,open_meteo_era5_trakya_edirne_2024_2025_36d57786676b
trakya_edirne,2024-07-11,23.7,37.8,0.0,8.54,open_meteo_era5_trakya_edirne_2024_2025_36d57786676b
trakya_edirne,2024-07-12,22.9,36.8,0.0,8.86,open_meteo_era5_trakya_edirne_2024_2025_36d57786676b
trakya_edirne,2024-07-13,22.7,37.2,0.0,7.97,open_meteo_era5_trakya_edirne_2024_2025_36d57786676b
trakya_edirne,2024-07-14,21.7,37.0,0.0,8.76,open_meteo_era5_trakya_edirne_2024_2025_36d57786676b
trakya_edirne,2024-07-15,19.4,36.4,0.0,8.56,open_meteo_era5_trakya_edirne_2024_2025_36d57786676b
trakya_edirne,2024-07-16,23.0,38.8,0.0,9.01,open_meteo_era5_trakya_edirne_2024_2025_36d57786676b
trakya_edirne,2024-07-17,24.9,38.4,0.1,8.39,open_meteo_era5_trakya_edirne_2024_2025_36d57786676b
trakya_edirne,2024-07-18,24.9,39.5,0.0,8.96,open_meteo_era5_trakya_edirne_2024_2025_36d57786676b
trakya_edirne,2024-07-19,25.3,37.3,3.0,6.83,open_meteo_era5_trakya_edirne_2024_2025_36d57786676b
trakya_edirne,2024-07-20,23.8,37.1,0.0,7.54,open_meteo_era5_trakya_edirne_2024_2025_36d57786676b
trakya_edirne,2024-07-21,21.9,36.6,0.0,6.11,open_meteo_era5_trakya_edirne_2024_2025_36d57786676b
trakya_edirne,2024-07-22,23.6,34.9,5.3,5.18,open_meteo_era5_trakya_edirne_2024_2025_36d57786676b
trakya_edirne,2024-07-23,23.0,32.9,1.1,5.74,open_meteo_era5_trakya_edirne_2024_2025_36d57786676b
trakya_edirne,2024-07-24,21.5,34.8,0.0,6.79,open_meteo_era5_trakya_edirne_2024_2025_36d57786676b
trakya_edirne,2024-07-25,19.7,28.1,5.5,4.39,open_meteo_era5_trakya_edirne_2024_2025_36d57786676b
trakya_edirne,2024-07-26,19.1,31.6,0.0,5.75,open_meteo_era5_trakya_edirne_2024_2025_36d57786676b
trakya_edirne,2024-07-27,18.6,33.3,0.0,6.56,open_meteo_era5_trakya_edirne_2024_2025_36d57786676b
trakya_edirne,2024-07-28,19.2,34.7,0.0,6.08,open_meteo_era5_trakya_edirne_2024_2025_36d57786676b
trakya_edirne,2024-07-29,19.8,37.1,0.0,7.35,open_meteo_era5_trakya_edirne_2024_2025_36d57786676b
trakya_edirne,2024-07-30,21.8,32.2,0.2,6.05,open_meteo_era5_trakya_edirne_2024_2025_36d57786676b
trakya_edirne,2024-07-31,19.6,32.6,0.0,6.02,open_meteo_era5_trakya_edirne_2024_2025_36d57786676b
trakya_edirne,2024-08-01,18.8,34.3,0.0,6.99,open_meteo_era5_trakya_edirne_2024_2025_36d57786676b
trakya_edirne,2024-08-02,18.1,36.4,0.0,6.69,open_meteo_era5_trakya_edirne_2024_2025_36d57786676b
trakya_edirne,2024-08-03,18.8,37.0,0.4,5.63,open_meteo_era5_trakya_edirne_2024_2025_36d57786676b
trakya_edirne,2024-08-04,22.1,34.5,0.2,5.45,open_meteo_era5_trakya_edirne_2024_2025_36d57786676b
trakya_edirne,2024-08-05,21.0,32.5,2.9,4.9,open_meteo_era5_trakya_edirne_2024_2025_36d57786676b
trakya_edirne,2024-08-06,19.3,34.4,0.0,6.07,open_meteo_era5_trakya_edirne_2024_2025_36d57786676b
trakya_edirne,2024-08-07,19.9,32.7,0.0,6.52,open_meteo_era5_trakya_edirne_2024_2025_36d57786676b
trakya_edirne,2024-08-08,18.9,33.2,0.0,5.69,open_meteo_era5_trakya_edirne_2024_2025_36d57786676b
trakya_edirne,2024-08-09,19.5,34.3,0.0,6.39,open_meteo_era5_trakya_edirne_2024_2025_36d57786676b
trakya_edirne,2024-08-10,21.1,32.6,0.0,5.8,open_meteo_era5_trakya_edirne_2024_2025_36d57786676b
trakya_edirne,2024-08-11,22.3,35.9,0.0,7.41,open_meteo_era5_trakya_edirne_2024_2025_36d57786676b
trakya_edirne,2024-08-12,21.4,36.5,0.0,7.03,open_meteo_era5_trakya_edirne_2024_2025_36d57786676b
trakya_edirne,2024-08-13,21.5,38.3,0.0,6.79,open_meteo_era5_trakya_edirne_2024_2025_36d57786676b
trakya_edirne,2024-08-14,22.0,37.0,0.0,7.59,open_meteo_era5_trakya_edirne_2024_2025_36d57786676b
trakya_edirne,2024-08-15,22.9,36.9,0.0,6.62,open_meteo_era5_trakya_edirne_2024_2025_36d57786676b
trakya_edirne,2024-08-16,21.9,35.5,0.0,6.33,open_meteo_era5_trakya_edirne_2024_2025_36d57786676b
trakya_edirne,2024-08-17,20.9,34.9,0.0,6.51,open_meteo_era5_trakya_edirne_2024_2025_36d57786676b
trakya_edirne,2024-08-18,20.2,33.6,0.0,6.33,open_meteo_era5_trakya_edirne_2024_2025_36d57786676b
trakya_edirne,2024-08-19,19.4,34.9,0.0,5.89,open_meteo_era5_trakya_edirne_2024_2025_36d57786676b
trakya_edirne,2024-08-20,21.0,34.8,1.0,5.18,open_meteo_era5_trakya_edirne_2024_2025_36d57786676b
trakya_edirne,2024-08-21,21.6,33.0,0.0,5.35,open_meteo_era5_trakya_edirne_2024_2025_36d57786676b
trakya_edirne,2024-08-22,21.4,36.1,0.0,6.78,open_meteo_era5_trakya_edirne_2024_2025_36d57786676b
trakya_edirne,2024-08-23,22.4,36.1,0.2,5.83,open_meteo_era5_trakya_edirne_2024_2025_36d57786676b
trakya_edirne,2024-08-24,21.6,35.3,0.0,5.58,open_meteo_era5_trakya_edirne_2024_2025_36d57786676b
trakya_edirne,2024-08-25,19.7,35.0,0.0,6.96,open_meteo_era5_trakya_edirne_2024_2025_36d57786676b
trakya_edirne,2024-08-26,22.1,33.2,0.5,6.21,open_meteo_era5_trakya_edirne_2024_2025_36d57786676b
trakya_edirne,2024-08-27,21.5,33.3,0.1,5.75,open_meteo_era5_trakya_edirne_2024_2025_36d57786676b
trakya_edirne,2024-08-28,21.0,29.6,0.4,4.57,open_meteo_era5_trakya_edirne_2024_2025_36d57786676b
trakya_edirne,2024-08-29,20.9,32.3,0.5,5.74,open_meteo_era5_trakya_edirne_2024_2025_36d57786676b
trakya_edirne,2024-08-30,20.3,29.6,1.2,4.56,open_meteo_era5_trakya_edirne_2024_2025_36d57786676b
trakya_edirne,2024-08-31,20.7,28.2,6.6,3.03,open_meteo_era5_trakya_edirne_2024_2025_36d57786676b
trakya_edirne,2024-09-01,21.1,31.6,0.0,5.33,open_meteo_era5_trakya_edirne_2024_2025_36d57786676b
trakya_edirne,2024-09-02,20.0,31.1,0.0,4.42,open_meteo_era5_trakya_edirne_2024_2025_36d57786676b
trakya_edirne,2024-09-03,19.0,34.6,0.0,5.18,open_meteo_era5_trakya_edirne_2024_2025_36d57786676b
trakya_edirne,2024-09-04,19.0,33.9,0.1,5.2,open_meteo_era5_trakya_edirne_2024_2025_36d57786676b
trakya_edirne,2024-09-05,19.2,32.6,0.0,4.51,open_meteo_era5_trakya_edirne_2024_2025_36d57786676b
trakya_edirne,2024-09-06,19.2,33.7,3.4,4.47,open_meteo_era5_trakya_edirne_2024_2025_36d57786676b
trakya_edirne,2024-09-07,20.4,29.6,0.4,4.85,open_meteo_era5_trakya_edirne_2024_2025_36d57786676b
trakya_edirne,2024-09-08,18.6,30.0,0.0,6.0,open_meteo_era5_trakya_edirne_2024_2025_36d57786676b
trakya_edirne,2024-09-09,16.8,30.6,0.0,4.9,open_meteo_era5_trakya_edirne_2024_2025_36d57786676b
trakya_edirne,2024-09-10,18.5,27.8,0.4,2.69,open_meteo_era5_trakya_edirne_2024_2025_36d57786676b
trakya_edirne,2024-09-11,18.3,26.2,8.9,2.27,open_meteo_era5_trakya_edirne_2024_2025_36d57786676b
trakya_edirne,2024-09-12,16.7,30.0,0.0,4.05,open_meteo_era5_trakya_edirne_2024_2025_36d57786676b
trakya_edirne,2024-09-13,17.6,30.2,0.4,3.99,open_meteo_era5_trakya_edirne_2024_2025_36d57786676b
trakya_edirne,2024-09-14,17.5,31.5,0.0,5.53,open_meteo_era5_trakya_edirne_2024_2025_36d57786676b
trakya_edirne,2024-09-15,14.3,23.0,1.6,2.84,open_meteo_era5_trakya_edirne_2024_2025_36d57786676b
trakya_edirne,2024-09-16,14.3,24.3,0.5,2.81,open_meteo_era5_trakya_edirne_2024_2025_36d57786676b
trakya_edirne,2024-09-17,15.8,25.2,3.3,2.73,open_meteo_era5_trakya_edirne_2024_2025_36d57786676b
trakya_edirne,2024-09-18,15.1,25.5,0.0,3.31,open_meteo_era5_trakya_edirne_2024_2025_36d57786676b
trakya_edirne,2024-09-19,15.2,26.9,0.0,4.19,open_meteo_era5_trakya_edirne_2024_2025_36d57786676b
trakya_edirne,2024-09-20,16.3,25.5,0.2,3.85,open_meteo_era5_trakya_edirne_2024_2025_36d57786676b
trakya_edirne,2024-09-21,15.1,25.4,0.0,4.62,open_meteo_era5_trakya_edirne_2024_2025_36d57786676b
trakya_edirne,2024-09-22,13.9,26.9,0.0,4.08,open_meteo_era5_trakya_edirne_2024_2025_36d57786676b
trakya_edirne,2024-09-23,14.0,28.7,0.0,4.34,open_meteo_era5_trakya_edirne_2024_2025_36d57786676b
trakya_edirne,2024-09-24,12.5,28.7,0.0,4.01,open_meteo_era5_trakya_edirne_2024_2025_36d57786676b
trakya_edirne,2024-09-25,13.8,30.2,0.0,4.27,open_meteo_era5_trakya_edirne_2024_2025_36d57786676b
trakya_edirne,2024-09-26,15.5,31.2,0.0,4.13,open_meteo_era5_trakya_edirne_2024_2025_36d57786676b
trakya_edirne,2024-09-27,15.4,31.1,0.0,4.26,open_meteo_era5_trakya_edirne_2024_2025_36d57786676b
trakya_edirne,2024-09-28,14.6,31.5,0.0,3.86,open_meteo_era5_trakya_edirne_2024_2025_36d57786676b
trakya_edirne,2024-09-29,15.4,30.6,21.8,3.28,open_meteo_era5_trakya_edirne_2024_2025_36d57786676b
trakya_edirne,2024-09-30,12.9,20.0,0.2,2.96,open_meteo_era5_trakya_edirne_2024_2025_36d57786676b
trakya_edirne,2024-10-01,11.3,21.3,0.0,3.63,open_meteo_era5_trakya_edirne_2024_2025_36d57786676b
trakya_edirne,2024-10-02,9.2,23.9,0.0,3.52,open_meteo_era5_trakya_edirne_2024_2025_36d57786676b
trakya_edirne,2024-10-03,9.9,27.0,0.0,3.5,open_meteo_era5_trakya_edirne_2024_2025_36d57786676b
trakya_edirne,2024-10-04,15.1,29.8,0.0,3.95,open_meteo_era5_trakya_edirne_2024_2025_36d57786676b
trakya_edirne,2024-10-05,18.8,29.3,0.4,3.35,open_meteo_era5_trakya_edirne_2024_2025_36d57786676b
trakya_edirne,2024-10-06,15.8,27.5,1.3,2.67,open_meteo_era5_trakya_edirne_2024_2025_36d57786676b
trakya_edirne,2024-10-07,13.2,24.8,0.1,3.21,open_meteo_era5_trakya_edirne_2024_2025_36d57786676b
trakya_edirne,2024-10-08,11.4,26.3,0.0,3.26,open_meteo_era5_trakya_edirne_2024_2025_36d57786676b
trakya_edirne,2024-10-09,11.2,26.9,0.0,3.18,open_meteo_era5_trakya_edirne_2024_2025_36d57786676b
trakya_edirne,2024-10-10,15.2,28.0,0.0,2.78,open_meteo_era5_trakya_edirne_2024_2025_36d57786676b
trakya_edirne,2024-10-11,16.6,29.0,0.0,2.85,open_meteo_era5_trakya_edirne_2024_2025_36d57786676b
trakya_edirne,2024-10-12,13.0,22.4,7.7,1.93,open_meteo_era5_trakya_edirne_2024_2025_36d57786676b
trakya_edirne,2024-10-13,10.4,21.0,0.0,2.23,open_meteo_era5_trakya_edirne_2024_2025_36d57786676b
trakya_edirne,2024-10-14,9.6,24.4,0.0,2.6,open_meteo_era5_trakya_edirne_2024_2025_36d57786676b
trakya_edirne,2024-10-15,9.4,25.4,0.0,2.78,open_meteo_era5_trakya_edirne_2024_2025_36d57786676b
trakya_edirne,2024-10-16,10.4,20.7,0.0,3.01,open_meteo_era5_trakya_edirne_2024_2025_36d57786676b
trakya_edirne,2024-10-17,7.1,17.6,0.0,3.29,open_meteo_era5_trakya_edirne_2024_2025_36d57786676b
trakya_edirne,2024-10-18,4.3,16.7,0.0,2.71,open_meteo_era5_trakya_edirne_2024_2025_36d57786676b
trakya_edirne,2024-10-19,3.2,17.9,0.0,2.56,open_meteo_era5_trakya_edirne_2024_2025_36d57786676b
trakya_edirne,2024-10-20,3.9,17.9,0.0,2.26,open_meteo_era5_trakya_edirne_2024_2025_36d57786676b
trakya_edirne,2024-10-21,3.8,18.7,0.0,2.41,open_meteo_era5_trakya_edirne_2024_2025_36d57786676b
trakya_edirne,2024-10-22,3.5,20.9,0.0,2.35,open_meteo_era5_trakya_edirne_2024_2025_36d57786676b
trakya_edirne,2024-10-23,4.6,22.0,0.0,2.5,open_meteo_era5_trakya_edirne_2024_2025_36d57786676b
trakya_edirne,2024-10-24,7.3,20.3,0.0,2.21,open_meteo_era5_trakya_edirne_2024_2025_36d57786676b
trakya_edirne,2024-10-25,6.0,20.1,0.0,2.35,open_meteo_era5_trakya_edirne_2024_2025_36d57786676b
trakya_edirne,2024-10-26,4.2,21.1,0.0,2.3,open_meteo_era5_trakya_edirne_2024_2025_36d57786676b
trakya_edirne,2024-10-27,3.8,21.5,0.0,2.13,open_meteo_era5_trakya_edirne_2024_2025_36d57786676b
trakya_edirne,2024-10-28,4.4,23.2,0.0,2.09,open_meteo_era5_trakya_edirne_2024_2025_36d57786676b
trakya_edirne,2024-10-29,8.8,23.4,0.0,2.45,open_meteo_era5_trakya_edirne_2024_2025_36d57786676b
trakya_edirne,2024-10-30,10.4,20.4,0.0,2.3,open_meteo_era5_trakya_edirne_2024_2025_36d57786676b
trakya_edirne,2024-10-31,9.3,21.5,0.0,2.18,open_meteo_era5_trakya_edirne_2024_2025_36d57786676b
trakya_edirne,2024-11-01,8.2,21.5,0.0,1.77,open_meteo_era5_trakya_edirne_2024_2025_36d57786676b
trakya_edirne,2024-11-02,6.6,22.0,0.0,2.21,open_meteo_era5_trakya_edirne_2024_2025_36d57786676b
trakya_edirne,2024-11-03,5.9,13.5,0.0,2.13,open_meteo_era5_trakya_edirne_2024_2025_36d57786676b
trakya_edirne,2024-11-04,3.0,16.3,0.0,1.88,open_meteo_era5_trakya_edirne_2024_2025_36d57786676b
trakya_edirne,2024-11-05,3.3,14.9,0.0,2.29,open_meteo_era5_trakya_edirne_2024_2025_36d57786676b
trakya_edirne,2024-11-06,1.3,15.4,0.0,1.94,open_meteo_era5_trakya_edirne_2024_2025_36d57786676b
trakya_edirne,2024-11-07,3.4,17.0,0.0,1.83,open_meteo_era5_trakya_edirne_2024_2025_36d57786676b
trakya_edirne,2024-11-08,3.8,19.2,0.0,2.2,open_meteo_era5_trakya_edirne_2024_2025_36d57786676b
trakya_edirne,2024-11-09,4.1,14.0,0.0,2.15,open_meteo_era5_trakya_edirne_2024_2025_36d57786676b
trakya_edirne,2024-11-10,4.2,12.2,0.0,1.86,open_meteo_era5_trakya_edirne_2024_2025_36d57786676b
trakya_edirne,2024-11-11,5.1,10.6,1.6,1.09,open_meteo_era5_trakya_edirne_2024_2025_36d57786676b
trakya_edirne,2024-11-12,8.3,12.7,5.0,0.74,open_meteo_era5_trakya_edirne_2024_2025_36d57786676b
trakya_edirne,2024-11-13,8.6,9.7,2.8,0.41,open_meteo_era5_trakya_edirne_2024_2025_36d57786676b
trakya_edirne,2024-11-14,7.8,12.3,3.0,0.58,open_meteo_era5_trakya_edirne_2024_2025_36d57786676b
trakya_edirne,2024-11-15,6.5,10.0,8.1,0.53,open_meteo_era5_trakya_edirne_2024_2025_36d57786676b
trakya_edirne,2024-11-16,3.5,10.1,0.0,1.52,open_meteo_era5_trakya_edirne_2024_2025_36d57786676b
trakya_edirne,2024-11-17,1.8,10.9,0.0,1.16,open_meteo_era5_trakya_edirne_2024_2025_36d57786676b
trakya_edirne,2024-11-18,-0.7,13.3,0.0,1.14,open_meteo_era5_trakya_edirne_2024_2025_36d57786676b
trakya_edirne,2024-11-19,0.5,15.2,0.0,1.35,open_meteo_era5_trakya_edirne_2024_2025_36d57786676b
trakya_edirne,2024-11-20,3.7,18.1,0.0,1.51,open_meteo_era5_trakya_edirne_2024_2025_36d57786676b
trakya_edirne,2024-11-21,1.6,18.0,2.7,1.93,open_meteo_era5_trakya_edirne_2024_2025_36d57786676b
trakya_edirne,2024-11-22,0.8,18.1,0.2,2.03,open_meteo_era5_trakya_edirne_2024_2025_36d57786676b
trakya_edirne,2024-11-23,2.8,17.5,15.0,1.89,open_meteo_era5_trakya_edirne_2024_2025_36d57786676b
trakya_edirne,2024-11-24,0.1,9.4,0.0,1.29,open_meteo_era5_trakya_edirne_2024_2025_36d57786676b
trakya_edirne,2024-11-25,-1.5,11.0,0.0,1.36,open_meteo_era5_trakya_edirne_2024_2025_36d57786676b
trakya_edirne,2024-11-26,-2.3,9.4,0.0,0.93,open_meteo_era5_trakya_edirne_2024_2025_36d57786676b
trakya_edirne,2024-11-27,2.8,12.8,0.0,0.97,open_meteo_era5_trakya_edirne_2024_2025_36d57786676b
trakya_edirne,2024-11-28,0.5,11.8,0.0,1.03,open_meteo_era5_trakya_edirne_2024_2025_36d57786676b
trakya_edirne,2024-11-29,3.8,14.2,1.8,0.59,open_meteo_era5_trakya_edirne_2024_2025_36d57786676b
trakya_edirne,2024-11-30,8.3,14.7,2.4,1.36,open_meteo_era5_trakya_edirne_2024_2025_36d57786676b
trakya_edirne,2024-12-01,9.0,13.0,3.8,1.5,open_meteo_era5_trakya_edirne_2024_2025_36d57786676b
trakya_edirne,2024-12-02,7.6,9.5,8.3,0.51,open_meteo_era5_trakya_edirne_2024_2025_36d57786676b
trakya_edirne,2024-12-03,6.1,9.6,0.0,0.65,open_meteo_era5_trakya_edirne_2024_2025_36d57786676b
trakya_edirne,2024-12-04,4.5,11.4,0.0,0.94,open_meteo_era5_trakya_edirne_2024_2025_36d57786676b
trakya_edirne,2024-12-05,4.7,11.8,0.0,1.07,open_meteo_era5_trakya_edirne_2024_2025_36d57786676b
trakya_edirne,2024-12-06,4.3,12.0,0.0,0.71,open_meteo_era5_trakya_edirne_2024_2025_36d57786676b
trakya_edirne,2024-12-07,8.5,15.1,19.4,0.75,open_meteo_era5_trakya_edirne_2024_2025_36d57786676b
trakya_edirne,2024-12-08,7.4,10.8,4.9,0.47,open_meteo_era5_trakya_edirne_2024_2025_36d57786676b
trakya_edirne,2024-12-09,9.1,16.7,4.2,1.16,open_meteo_era5_trakya_edirne_2024_2025_36d57786676b
trakya_edirne,2024-12-10,7.7,13.8,15.4,0.82,open_meteo_era5_trakya_edirne_2024_2025_36d57786676b
trakya_edirne,2024-12-11,6.0,11.5,3.6,0.81,open_meteo_era5_trakya_edirne_2024_2025_36d57786676b
trakya_edirne,2024-12-12,2.6,10.5,0.1,1.01,open_meteo_era5_trakya_edirne_2024_2025_36d57786676b
trakya_edirne,2024-12-13,0.7,8.2,0.0,0.96,open_meteo_era5_trakya_edirne_2024_2025_36d57786676b
trakya_edirne,2024-12-14,2.1,8.2,1.3,1.02,open_meteo_era5_trakya_edirne_2024_2025_36d57786676b
trakya_edirne,2024-12-15,4.9,11.1,1.3,0.85,open_meteo_era5_trakya_edirne_2024_2025_36d57786676b
trakya_edirne,2024-12-16,2.8,10.1,0.0,1.28,open_meteo_era5_trakya_edirne_2024_2025_36d57786676b
trakya_edirne,2024-12-17,0.3,15.2,0.0,1.05,open_meteo_era5_trakya_edirne_2024_2025_36d57786676b
trakya_edirne,2024-12-18,3.0,14.3,0.0,1.05,open_meteo_era5_trakya_edirne_2024_2025_36d57786676b
trakya_edirne,2024-12-19,2.9,11.1,0.0,0.77,open_meteo_era5_trakya_edirne_2024_2025_36d57786676b
trakya_edirne,2024-12-20,4.6,14.6,0.0,0.8,open_meteo_era5_trakya_edirne_2024_2025_36d57786676b
trakya_edirne,2024-12-21,4.3,9.7,17.8,0.36,open_meteo_era5_trakya_edirne_2024_2025_36d57786676b
trakya_edirne,2024-12-22,2.6,9.0,0.0,0.98,open_meteo_era5_trakya_edirne_2024_2025_36d57786676b
trakya_edirne,2024-12-23,2.4,11.2,3.5,0.88,open_meteo_era5_trakya_edirne_2024_2025_36d57786676b
trakya_edirne,2024-12-24,9.0,12.0,14.7,0.64,open_meteo_era5_trakya_edirne_2024_2025_36d57786676b
trakya_edirne,2024-12-25,6.7,10.1,21.7,0.52,open_meteo_era5_trakya_edirne_2024_2025_36d57786676b
trakya_edirne,2024-12-26,2.6,7.1,8.8,0.7,open_meteo_era5_trakya_edirne_2024_2025_36d57786676b
trakya_edirne,2024-12-27,1.5,3.8,1.6,0.92,open_meteo_era5_trakya_edirne_2024_2025_36d57786676b
trakya_edirne,2024-12-28,1.8,4.8,0.0,1.04,open_meteo_era5_trakya_edirne_2024_2025_36d57786676b
trakya_edirne,2024-12-29,1.1,5.6,0.8,0.87,open_meteo_era5_trakya_edirne_2024_2025_36d57786676b
trakya_edirne,2024-12-30,-0.4,7.7,0.0,0.76,open_meteo_era5_trakya_edirne_2024_2025_36d57786676b
trakya_edirne,2024-12-31,-0.2,9.7,0.0,0.83,open_meteo_era5_trakya_edirne_2024_2025_36d57786676b
trakya_edirne,2025-01-01,0.2,9.9,0.0,0.84,open_meteo_era5_trakya_edirne_2024_2025_36d57786676b
trakya_edirne,2025-01-02,-1.1,10.8,0.0,0.57,open_meteo_era5_trakya_edirne_2024_2025_36d57786676b
trakya_edirne,2025-01-03,4.4,13.8,0.0,1.18,open_meteo_era5_trakya_edirne_2024_2025_36d57786676b
trakya_edirne,2025-01-04,2.1,9.5,0.5,1.2,open_meteo_era5_trakya_edirne_2024_2025_36d57786676b
trakya_edirne,2025-01-05,0.8,8.1,0.0,0.81,open_meteo_era5_trakya_edirne_2024_2025_36d57786676b
trakya_edirne,2025-01-06,-0.4,11.3,0.0,0.84,open_meteo_era5_trakya_edirne_2024_2025_36d57786676b
trakya_edirne,2025-01-07,6.5,15.5,0.0,1.05,open_meteo_era5_trakya_edirne_2024_2025_36d57786676b
trakya_edirne,2025-01-08,8.8,17.8,0.0,1.32,open_meteo_era5_trakya_edirne_2024_2025_36d57786676b
trakya_edirne,2025-01-09,8.4,17.0,0.0,0.95,open_meteo_era5_trakya_edirne_2024_2025_36d57786676b
trakya_edirne,2025-01-10,8.2,15.5,0.0,1.1,open_meteo_era5_trakya_edirne_2024_2025_36d57786676b
trakya_edirne,2025-01-11,2.6,8.3,8.7,0.44,open_meteo_era5_trakya_edirne_2024_2025_36d57786676b
trakya_edirne,2025-01-12,0.8,2.4,11.3,0.3,open_meteo_era5_trakya_edirne_2024_2025_36d57786676b
trakya_edirne,2025-01-13,0.5,2.2,8.3,0.57,open_meteo_era5_trakya_edirne_2024_2025_36d57786676b
trakya_edirne,2025-01-14,0.4,2.6,0.7,0.87,open_meteo_era5_trakya_edirne_2024_2025_36d57786676b
trakya_edirne,2025-01-15,-1.0,1.7,5.3,0.37,open_meteo_era5_trakya_edirne_2024_2025_36d57786676b
trakya_edirne,2025-01-16,-1.0,7.0,0.0,0.88,open_meteo_era5_trakya_edirne_2024_2025_36d57786676b
trakya_edirne,2025-01-17,-2.7,7.8,0.0,1.0,open_meteo_era5_trakya_edirne_2024_2025_36d57786676b
trakya_edirne,2025-01-18,-2.5,10.4,0.0,1.08,open_meteo_era5_trakya_edirne_2024_2025_36d57786676b
trakya_edirne,2025-01-19,-1.0,12.1,0.0,1.16,open_meteo_era5_trakya_edirne_2024_2025_36d57786676b
trakya_edirne,2025-01-20,0.1,11.0,0.0,1.19,open_meteo_era5_trakya_edirne_2024_2025_36d57786676b
trakya_edirne,2025-01-21,0.1,9.5,0.0,1.01,open_meteo_era5_trakya_edirne_2024_2025_36d57786676b
trakya_edirne,2025-01-22,2.2,11.5,0.0,1.05,open_meteo_era5_trakya_edirne_2024_2025_36d57786676b
trakya_edirne,2025-01-23,2.7,11.6,0.0,1.06,open_meteo_era5_trakya_edirne_2024_2025_36d57786676b
trakya_edirne,2025-01-24,4.5,12.9,0.0,0.89,open_meteo_era5_trakya_edirne_2024_2025_36d57786676b
trakya_edirne,2025-01-25,5.3,12.2,0.0,1.34,open_meteo_era5_trakya_edirne_2024_2025_36d57786676b
trakya_edirne,2025-01-26,2.0,11.1,0.0,1.21,open_meteo_era5_trakya_edirne_2024_2025_36d57786676b
trakya_edirne,2025-01-27,2.1,12.1,0.0,0.85,open_meteo_era5_trakya_edirne_2024_2025_36d57786676b
trakya_edirne,2025-01-28,4.8,14.8,0.0,1.22,open_meteo_era5_trakya_edirne_2024_2025_36d57786676b
trakya_edirne,2025-01-29,10.9,18.1,0.0,1.78,open_meteo_era5_trakya_edirne_2024_2025_36d57786676b
trakya_edirne,2025-01-30,8.5,17.6,0.0,1.3,open_meteo_era5_trakya_edirne_2024_2025_36d57786676b
trakya_edirne,2025-01-31,5.9,16.5,0.0,1.23,open_meteo_era5_trakya_edirne_2024_2025_36d57786676b
trakya_edirne,2025-02-01,4.0,15.8,0.5,1.43,open_meteo_era5_trakya_edirne_2024_2025_36d57786676b
trakya_edirne,2025-02-02,5.9,11.0,0.3,0.63,open_meteo_era5_trakya_edirne_2024_2025_36d57786676b
trakya_edirne,2025-02-03,4.2,10.8,0.7,0.97,open_meteo_era5_trakya_edirne_2024_2025_36d57786676b
trakya_edirne,2025-02-04,0.0,6.7,0.0,1.68,open_meteo_era5_trakya_edirne_2024_2025_36d57786676b
trakya_edirne,2025-02-05,-1.5,6.6,0.1,1.51,open_meteo_era5_trakya_edirne_2024_2025_36d57786676b
trakya_edirne,2025-02-06,-1.2,5.9,0.0,1.77,open_meteo_era5_trakya_edirne_2024_2025_36d57786676b
trakya_edirne,2025-02-07,-2.3,5.6,0.0,1.72,open_meteo_era5_trakya_edirne_2024_2025_36d57786676b
trakya_edirne,2025-02-08,-2.5,3.7,0.0,1.28,open_meteo_era5_trakya_edirne_2024_2025_36d57786676b
trakya_edirne,2025-02-09,-2.2,3.0,0.0,1.43,open_meteo_era5_trakya_edirne_2024_2025_36d57786676b
trakya_edirne,2025-02-10,-4.1,6.5,0.0,1.64,open_meteo_era5_trakya_edirne_2024_2025_36d57786676b
trakya_edirne,2025-02-11,-5.8,5.5,0.0,1.58,open_meteo_era5_trakya_edirne_2024_2025_36d57786676b
trakya_edirne,2025-02-12,-3.2,7.2,0.0,1.38,open_meteo_era5_trakya_edirne_2024_2025_36d57786676b
trakya_edirne,2025-02-13,-4.7,7.6,0.0,1.31,open_meteo_era5_trakya_edirne_2024_2025_36d57786676b
trakya_edirne,2025-02-14,1.1,12.0,0.0,1.22,open_meteo_era5_trakya_edirne_2024_2025_36d57786676b
trakya_edirne,2025-02-15,4.0,14.2,0.5,1.72,open_meteo_era5_trakya_edirne_2024_2025_36d57786676b
trakya_edirne,2025-02-16,3.3,5.2,11.9,0.35,open_meteo_era5_trakya_edirne_2024_2025_36d57786676b
trakya_edirne,2025-02-17,2.4,5.1,11.4,0.45,open_meteo_era5_trakya_edirne_2024_2025_36d57786676b
trakya_edirne,2025-02-18,1.1,4.2,6.9,0.5,open_meteo_era5_trakya_edirne_2024_2025_36d57786676b
trakya_edirne,2025-02-19,-2.9,1.3,1.8,1.0,open_meteo_era5_trakya_edirne_2024_2025_36d57786676b
trakya_edirne,2025-02-20,-4.2,4.0,0.0,1.65,open_meteo_era5_trakya_edirne_2024_2025_36d57786676b
trakya_edirne,2025-02-21,-5.2,1.5,0.0,1.63,open_meteo_era5_trakya_edirne_2024_2025_36d57786676b
trakya_edirne,2025-02-22,-6.2,2.9,0.0,1.62,open_meteo_era5_trakya_edirne_2024_2025_36d57786676b
trakya_edirne,2025-02-23,-5.8,3.7,0.0,1.25,open_meteo_era5_trakya_edirne_2024_2025_36d57786676b
trakya_edirne,2025-02-24,-6.0,6.0,0.0,1.53,open_meteo_era5_trakya_edirne_2024_2025_36d57786676b
trakya_edirne,2025-02-25,-1.7,9.1,0.0,1.51,open_meteo_era5_trakya_edirne_2024_2025_36d57786676b
trakya_edirne,2025-02-26,0.5,11.0,0.0,1.1,open_meteo_era5_trakya_edirne_2024_2025_36d57786676b
trakya_edirne,2025-02-27,4.9,13.2,0.0,0.97,open_meteo_era5_trakya_edirne_2024_2025_36d57786676b
trakya_edirne,2025-02-28,6.9,12.8,0.1,0.9,open_meteo_era5_trakya_edirne_2024_2025_36d57786676b
trakya_edirne,2025-03-01,6.6,13.9,0.0,1.59,open_meteo_era5_trakya_edirne_2024_2025_36d57786676b
trakya_edirne,2025-03-02,5.0,10.5,3.9,0.8,open_meteo_era5_trakya_edirne_2024_2025_36d57786676b
trakya_edirne,2025-03-03,0.4,9.6,0.2,1.81,open_meteo_era5_trakya_edirne_2024_2025_36d57786676b
trakya_edirne,2025-03-04,-0.9,11.6,0.0,1.86,open_meteo_era5_trakya_edirne_2024_2025_36d57786676b
trakya_edirne,2025-03-05,0.5,16.5,0.0,2.46,open_meteo_era5_trakya_edirne_2024_2025_36d57786676b
trakya_edirne,2025-03-06,1.6,18.7,0.0,2.6,open_meteo_era5_trakya_edirne_2024_2025_36d57786676b
trakya_edirne,2025-03-07,1.2,19.6,0.0,3.05,open_meteo_era5_trakya_edirne_2024_2025_36d57786676b
trakya_edirne,2025-03-08,3.4,19.0,0.0,3.65,open_meteo_era5_trakya_edirne_2024_2025_36d57786676b
trakya_edirne,2025-03-09,3.7,18.6,0.0,3.21,open_meteo_era5_trakya_edirne_2024_2025_36d57786676b
trakya_edirne,2025-03-10,3.4,20.6,0.0,3.34,open_meteo_era5_trakya_edirne_2024_2025_36d57786676b
trakya_edirne,2025-03-11,7.5,19.9,0.3,3.23,open_meteo_era5_trakya_edirne_2024_2025_36d57786676b
trakya_edirne,2025-03-12,14.6,19.6,0.4,3.07,open_meteo_era5_trakya_edirne_2024_2025_36d57786676b
trakya_edirne,2025-03-13,14.8,21.6,0.6,4.1,open_meteo_era5_trakya_edirne_2024_2025_36d57786676b
trakya_edirne,2025-03-14,12.2,23.4,0.0,3.98,open_meteo_era5_trakya_edirne_2024_2025_36d57786676b
trakya_edirne,2025-03-15,13.1,25.9,0.0,4.48,open_meteo_era5_trakya_edirne_2024_2025_36d57786676b
trakya_edirne,2025-03-16,11.2,23.8,0.0,4.03,open_meteo_era5_trakya_edirne_2024_2025_36d57786676b
trakya_edirne,2025-03-17,8.2,16.8,17.9,1.74,open_meteo_era5_trakya_edirne_2024_2025_36d57786676b
trakya_edirne,2025-03-18,0.8,7.5,0.3,1.67,open_meteo_era5_trakya_edirne_2024_2025_36d57786676b
trakya_edirne,2025-03-19,-0.7,9.2,0.0,2.68,open_meteo_era5_trakya_edirne_2024_2025_36d57786676b
trakya_edirne,2025-03-20,1.3,13.3,0.0,2.89,open_meteo_era5_trakya_edirne_2024_2025_36d57786676b
trakya_edirne,2025-03-21,0.4,15.1,0.0,2.97,open_meteo_era5_trakya_edirne_2024_2025_36d57786676b
trakya_edirne,2025-03-22,0.7,16.6,0.0,3.2,open_meteo_era5_trakya_edirne_2024_2025_36d57786676b
trakya_edirne,2025-03-23,6.9,17.8,1.5,2.88,open_meteo_era5_trakya_edirne_2024_2025_36d57786676b
trakya_edirne,2025-03-24,13.2,17.7,0.0,2.49,open_meteo_era5_trakya_edirne_2024_2025_36d57786676b
trakya_edirne,2025-03-25,13.2,19.9,2.3,3.0,open_meteo_era5_trakya_edirne_2024_2025_36d57786676b
trakya_edirne,2025-03-26,12.4,21.9,0.0,3.5,open_meteo_era5_trakya_edirne_2024_2025_36d57786676b
trakya_edirne,2025-03-27,12.5,23.7,0.0,3.87,open_meteo_era5_trakya_edirne_2024_2025_36d57786676b
trakya_edirne,2025-03-28,10.7,16.7,1.9,2.19,open_meteo_era5_trakya_edirne_2024_2025_36d57786676b
trakya_edirne,2025-03-29,10.0,17.4,1.1,1.97,open_meteo_era5_trakya_edirne_2024_2025_36d57786676b
trakya_edirne,2025-03-30,9.4,17.2,3.9,2.19,open_meteo_era5_trakya_edirne_2024_2025_36d57786676b
trakya_edirne,2025-03-31,10.7,16.8,2.2,1.89,open_meteo_era5_trakya_edirne_2024_2025_36d57786676b
trakya_edirne,2025-04-01,9.2,13.6,5.2,1.55,open_meteo_era5_trakya_edirne_2024_2025_36d57786676b
trakya_edirne,2025-04-02,9.7,12.1,10.4,0.81,open_meteo_era5_trakya_edirne_2024_2025_36d57786676b
trakya_edirne,2025-04-03,9.0,16.8,2.8,2.57,open_meteo_era5_trakya_edirne_2024_2025_36d57786676b
trakya_edirne,2025-04-04,8.7,17.1,0.3,2.66,open_meteo_era5_trakya_edirne_2024_2025_36d57786676b
trakya_edirne,2025-04-05,8.2,17.7,0.7,3.0,open_meteo_era5_trakya_edirne_2024_2025_36d57786676b
trakya_edirne,2025-04-06,1.9,16.6,11.2,1.89,open_meteo_era5_trakya_edirne_2024_2025_36d57786676b
trakya_edirne,2025-04-07,-1.4,5.0,12.2,0.79,open_meteo_era5_trakya_edirne_2024_2025_36d57786676b
trakya_edirne,2025-04-08,-2.1,9.5,0.0,2.29,open_meteo_era5_trakya_edirne_2024_2025_36d57786676b
trakya_edirne,2025-04-09,0.6,12.2,0.1,2.75,open_meteo_era5_trakya_edirne_2024_2025_36d57786676b
trakya_edirne,2025-04-10,1.7,15.6,0.6,3.49,open_meteo_era5_trakya_edirne_2024_2025_36d57786676b
trakya_edirne,2025-04-11,-0.6,13.1,0.5,2.88,open_meteo_era5_trakya_edirne_2024_2025_36d57786676b
trakya_edirne,2025-04-12,3.9,13.0,4.4,2.2,open_meteo_era5_trakya_edirne_2024_2025_36d57786676b
trakya_edirne,2025-04-13,1.1,16.8,0.0,2.93,open_meteo_era5_trakya_edirne_2024_2025_36d57786676b
trakya_edirne,2025-04-14,4.8,16.4,0.0,2.88,open_meteo_era5_trakya_edirne_2024_2025_36d57786676b
trakya_edirne,2025-04-15,6.9,17.0,0.0,2.57,open_meteo_era5_trakya_edirne_2024_2025_36d57786676b
trakya_edirne,2025-04-16,7.5,22.5,0.3,4.21,open_meteo_era5_trakya_edirne_2024_2025_36d57786676b
trakya_edirne,2025-04-17,9.0,24.9,0.0,4.4,open_meteo_era5_trakya_edirne_2024_2025_36d57786676b
trakya_edirne,2025-04-18,8.8,23.6,0.0,4.1,open_meteo_era5_trakya_edirne_2024_2025_36d57786676b
trakya_edirne,2025-04-19,8.2,18.1,0.1,2.55,open_meteo_era5_trakya_edirne_2024_2025_36d57786676b
trakya_edirne,2025-04-20,8.7,22.9,0.0,4.11,open_meteo_era5_trakya_edirne_2024_2025_36d57786676b
trakya_edirne,2025-04-21,9.4,24.6,0.0,4.09,open_meteo_era5_trakya_edirne_2024_2025_36d57786676b
trakya_edirne,2025-04-22,11.5,25.4,0.0,4.9,open_meteo_era5_trakya_edirne_2024_2025_36d57786676b
trakya_edirne,2025-04-23,8.9,24.1,0.0,4.67,open_meteo_era5_trakya_edirne_2024_2025_36d57786676b
trakya_edirne,2025-04-24,8.0,22.5,0.0,3.91,open_meteo_era5_trakya_edirne_2024_2025_36d57786676b
trakya_edirne,2025-04-25,8.9,22.3,0.4,3.84,open_meteo_era5_trakya_edirne_2024_2025_36d57786676b
trakya_edirne,2025-04-26,11.1,23.8,5.0,4.23,open_meteo_era5_trakya_edirne_2024_2025_36d57786676b
trakya_edirne,2025-04-27,8.5,18.2,0.5,3.79,open_meteo_era5_trakya_edirne_2024_2025_36d57786676b
trakya_edirne,2025-04-28,6.9,17.3,0.0,4.61,open_meteo_era5_trakya_edirne_2024_2025_36d57786676b
trakya_edirne,2025-04-29,5.8,17.8,0.0,4.48,open_meteo_era5_trakya_edirne_2024_2025_36d57786676b
trakya_edirne,2025-04-30,4.8,20.6,0.0,5.14,open_meteo_era5_trakya_edirne_2024_2025_36d57786676b
trakya_edirne,2025-05-01,8.3,22.6,0.0,5.57,open_meteo_era5_trakya_edirne_2024_2025_36d57786676b
trakya_edirne,2025-05-02,8.3,22.7,0.8,5.17,open_meteo_era5_trakya_edirne_2024_2025_36d57786676b
trakya_edirne,2025-05-03,6.0,24.8,0.0,5.15,open_meteo_era5_trakya_edirne_2024_2025_36d57786676b
trakya_edirne,2025-05-04,10.2,27.5,0.0,5.69,open_meteo_era5_trakya_edirne_2024_2025_36d57786676b
trakya_edirne,2025-05-05,12.6,27.5,0.4,5.09,open_meteo_era5_trakya_edirne_2024_2025_36d57786676b
trakya_edirne,2025-05-06,14.0,28.7,0.1,5.39,open_meteo_era5_trakya_edirne_2024_2025_36d57786676b
trakya_edirne,2025-05-07,13.8,27.0,1.9,4.61,open_meteo_era5_trakya_edirne_2024_2025_36d57786676b
trakya_edirne,2025-05-08,12.7,27.0,0.0,4.36,open_meteo_era5_trakya_edirne_2024_2025_36d57786676b
trakya_edirne,2025-05-09,14.5,24.4,1.1,4.13,open_meteo_era5_trakya_edirne_2024_2025_36d57786676b
trakya_edirne,2025-05-10,9.9,15.4,13.6,1.21,open_meteo_era5_trakya_edirne_2024_2025_36d57786676b
trakya_edirne,2025-05-11,8.3,20.8,0.0,3.09,open_meteo_era5_trakya_edirne_2024_2025_36d57786676b
trakya_edirne,2025-05-12,10.6,21.7,2.5,4.0,open_meteo_era5_trakya_edirne_2024_2025_36d57786676b
trakya_edirne,2025-05-13,9.6,18.2,0.1,3.03,open_meteo_era5_trakya_edirne_2024_2025_36d57786676b
trakya_edirne,2025-05-14,7.3,19.0,0.3,3.84,open_meteo_era5_trakya_edirne_2024_2025_36d57786676b
trakya_edirne,2025-05-15,6.8,24.0,0.0,5.51,open_meteo_era5_trakya_edirne_2024_2025_36d57786676b
trakya_edirne,2025-05-16,13.6,17.6,12.5,2.93,open_meteo_era5_trakya_edirne_2024_2025_36d57786676b
trakya_edirne,2025-05-17,12.5,17.1,11.1,2.11,open_meteo_era5_trakya_edirne_2024_2025_36d57786676b
trakya_edirne,2025-05-18,11.7,22.3,0.9,4.76,open_meteo_era5_trakya_edirne_2024_2025_36d57786676b
trakya_edirne,2025-05-19,9.5,24.8,0.0,5.14,open_meteo_era5_trakya_edirne_2024_2025_36d57786676b
trakya_edirne,2025-05-20,12.6,25.0,0.0,4.9,open_meteo_era5_trakya_edirne_2024_2025_36d57786676b
trakya_edirne,2025-05-21,11.7,27.6,0.0,5.55,open_meteo_era5_trakya_edirne_2024_2025_36d57786676b
trakya_edirne,2025-05-22,14.8,28.1,0.0,6.21,open_meteo_era5_trakya_edirne_2024_2025_36d57786676b
trakya_edirne,2025-05-23,14.5,29.0,0.0,5.73,open_meteo_era5_trakya_edirne_2024_2025_36d57786676b
trakya_edirne,2025-05-24,15.4,28.4,1.0,4.72,open_meteo_era5_trakya_edirne_2024_2025_36d57786676b
trakya_edirne,2025-05-25,11.2,22.1,22.6,3.27,open_meteo_era5_trakya_edirne_2024_2025_36d57786676b
trakya_edirne,2025-05-26,10.2,19.8,5.6,3.44,open_meteo_era5_trakya_edirne_2024_2025_36d57786676b
trakya_edirne,2025-05-27,10.6,23.8,0.2,4.27,open_meteo_era5_trakya_edirne_2024_2025_36d57786676b
trakya_edirne,2025-05-28,13.8,24.6,0.9,5.18,open_meteo_era5_trakya_edirne_2024_2025_36d57786676b
trakya_edirne,2025-05-29,14.4,25.0,0.0,4.93,open_meteo_era5_trakya_edirne_2024_2025_36d57786676b
trakya_edirne,2025-05-30,16.0,22.6,5.0,3.84,open_meteo_era5_trakya_edirne_2024_2025_36d57786676b
trakya_edirne,2025-05-31,16.5,24.0,0.2,4.57,open_meteo_era5_trakya_edirne_2024_2025_36d57786676b
trakya_edirne,2025-06-01,14.6,25.4,0.6,4.29,open_meteo_era5_trakya_edirne_2024_2025_36d57786676b
trakya_edirne,2025-06-02,14.4,27.9,0.1,4.89,open_meteo_era5_trakya_edirne_2024_2025_36d57786676b
trakya_edirne,2025-06-03,15.0,30.4,0.0,5.41,open_meteo_era5_trakya_edirne_2024_2025_36d57786676b
trakya_edirne,2025-06-04,17.9,32.1,0.0,5.46,open_meteo_era5_trakya_edirne_2024_2025_36d57786676b
trakya_edirne,2025-06-05,19.2,32.5,0.3,5.96,open_meteo_era5_trakya_edirne_2024_2025_36d57786676b
trakya_edirne,2025-06-06,17.2,32.0,0.0,6.34,open_meteo_era5_trakya_edirne_2024_2025_36d57786676b
trakya_edirne,2025-06-07,15.5,30.2,0.0,6.36,open_meteo_era5_trakya_edirne_2024_2025_36d57786676b
trakya_edirne,2025-06-08,14.0,31.1,0.0,6.49,open_meteo_era5_trakya_edirne_2024_2025_36d57786676b
trakya_edirne,2025-06-09,13.8,32.4,0.0,6.73,open_meteo_era5_trakya_edirne_2024_2025_36d57786676b
trakya_edirne,2025-06-10,18.4,29.7,0.2,6.59,open_meteo_era5_trakya_edirne_2024_2025_36d57786676b
trakya_edirne,2025-06-11,16.7,30.9,0.0,6.59,open_meteo_era5_trakya_edirne_2024_2025_36d57786676b
trakya_edirne,2025-06-12,17.9,30.8,0.0,6.09,open_meteo_era5_trakya_edirne_2024_2025_36d57786676b
trakya_edirne,2025-06-13,16.8,30.0,0.0,5.72,open_meteo_era5_trakya_edirne_2024_2025_36d57786676b
trakya_edirne,2025-06-14,17.1,27.7,0.2,5.0,open_meteo_era5_trakya_edirne_2024_2025_36d57786676b
trakya_edirne,2025-06-15,16.0,28.0,0.0,5.15,open_meteo_era5_trakya_edirne_2024_2025_36d57786676b
trakya_edirne,2025-06-16,15.0,30.9,0.0,5.84,open_meteo_era5_trakya_edirne_2024_2025_36d57786676b
trakya_edirne,2025-06-17,16.5,32.2,0.0,6.13,open_meteo_era5_trakya_edirne_2024_2025_36d57786676b
trakya_edirne,2025-06-18,18.2,32.0,0.4,5.54,open_meteo_era5_trakya_edirne_2024_2025_36d57786676b
trakya_edirne,2025-06-19,18.8,33.1,0.2,5.45,open_meteo_era5_trakya_edirne_2024_2025_36d57786676b
trakya_edirne,2025-06-20,18.9,32.0,0.5,6.12,open_meteo_era5_trakya_edirne_2024_2025_36d57786676b
trakya_edirne,2025-06-21,17.3,27.7,0.1,5.54,open_meteo_era5_trakya_edirne_2024_2025_36d57786676b
trakya_edirne,2025-06-22,15.2,29.1,0.0,5.72,open_meteo_era5_trakya_edirne_2024_2025_36d57786676b
trakya_edirne,2025-06-23,15.2,33.2,0.0,6.89,open_meteo_era5_trakya_edirne_2024_2025_36d57786676b
trakya_edirne,2025-06-24,17.8,35.9,0.0,6.72,open_meteo_era5_trakya_edirne_2024_2025_36d57786676b
trakya_edirne,2025-06-25,20.0,35.6,0.0,7.45,open_meteo_era5_trakya_edirne_2024_2025_36d57786676b
trakya_edirne,2025-06-26,21.4,37.5,0.0,7.19,open_meteo_era5_trakya_edirne_2024_2025_36d57786676b
trakya_edirne,2025-06-27,22.3,37.1,0.0,6.78,open_meteo_era5_trakya_edirne_2024_2025_36d57786676b
trakya_edirne,2025-06-28,22.7,30.2,2.9,5.27,open_meteo_era5_trakya_edirne_2024_2025_36d57786676b
trakya_edirne,2025-06-29,20.0,29.3,0.2,6.9,open_meteo_era5_trakya_edirne_2024_2025_36d57786676b
trakya_edirne,2025-06-30,18.8,32.1,0.0,5.47,open_meteo_era5_trakya_edirne_2024_2025_36d57786676b
trakya_edirne,2025-07-01,19.3,30.4,0.8,5.72,open_meteo_era5_trakya_edirne_2024_2025_36d57786676b
trakya_edirne,2025-07-02,16.9,30.9,0.0,5.94,open_meteo_era5_trakya_edirne_2024_2025_36d57786676b
trakya_edirne,2025-07-03,16.8,32.9,0.0,7.37,open_meteo_era5_trakya_edirne_2024_2025_36d57786676b
trakya_edirne,2025-07-04,17.9,33.9,0.0,7.0,open_meteo_era5_trakya_edirne_2024_2025_36d57786676b
trakya_edirne,2025-07-05,18.9,35.5,0.0,7.18,open_meteo_era5_trakya_edirne_2024_2025_36d57786676b
trakya_edirne,2025-07-06,19.9,35.6,0.0,7.24,open_meteo_era5_trakya_edirne_2024_2025_36d57786676b
trakya_edirne,2025-07-07,19.8,37.5,0.0,7.26,open_meteo_era5_trakya_edirne_2024_2025_36d57786676b
trakya_edirne,2025-07-08,20.5,38.4,0.0,8.21,open_meteo_era5_trakya_edirne_2024_2025_36d57786676b
trakya_edirne,2025-07-09,21.6,38.1,0.0,8.92,open_meteo_era5_trakya_edirne_2024_2025_36d57786676b
trakya_edirne,2025-07-10,19.0,30.9,0.0,6.67,open_meteo_era5_trakya_edirne_2024_2025_36d57786676b
trakya_edirne,2025-07-11,19.1,31.1,0.0,6.16,open_meteo_era5_trakya_edirne_2024_2025_36d57786676b
trakya_edirne,2025-07-12,18.3,33.0,0.0,6.68,open_meteo_era5_trakya_edirne_2024_2025_36d57786676b
trakya_edirne,2025-07-13,18.5,35.1,0.0,7.54,open_meteo_era5_trakya_edirne_2024_2025_36d57786676b
trakya_edirne,2025-07-14,19.6,35.9,0.0,8.14,open_meteo_era5_trakya_edirne_2024_2025_36d57786676b
trakya_edirne,2025-07-15,20.9,35.7,0.0,7.97,open_meteo_era5_trakya_edirne_2024_2025_36d57786676b
trakya_edirne,2025-07-16,23.0,35.8,0.0,6.87,open_meteo_era5_trakya_edirne_2024_2025_36d57786676b
trakya_edirne,2025-07-17,21.7,36.4,0.0,6.71,open_meteo_era5_trakya_edirne_2024_2025_36d57786676b
trakya_edirne,2025-07-18,20.7,31.3,0.0,5.54,open_meteo_era5_trakya_edirne_2024_2025_36d57786676b
trakya_edirne,2025-07-19,21.6,31.7,2.0,5.3,open_meteo_era5_trakya_edirne_2024_2025_36d57786676b
trakya_edirne,2025-07-20,20.0,35.8,0.0,6.23,open_meteo_era5_trakya_edirne_2024_2025_36d57786676b
trakya_edirne,2025-07-21,21.8,37.5,0.0,6.65,open_meteo_era5_trakya_edirne_2024_2025_36d57786676b
trakya_edirne,2025-07-22,24.1,40.1,0.0,8.0,open_meteo_era5_trakya_edirne_2024_2025_36d57786676b
trakya_edirne,2025-07-23,24.2,39.2,0.0,7.22,open_meteo_era5_trakya_edirne_2024_2025_36d57786676b
trakya_edirne,2025-07-24,24.1,37.9,0.0,7.56,open_meteo_era5_trakya_edirne_2024_2025_36d57786676b
trakya_edirne,2025-07-25,22.4,38.2,0.0,7.21,open_meteo_era5_trakya_edirne_2024_2025_36d57786676b
trakya_edirne,2025-07-26,22.3,38.4,0.0,7.69,open_meteo_era5_trakya_edirne_2024_2025_36d57786676b
trakya_edirne,2025-07-27,22.2,37.2,0.0,7.7,open_meteo_era5_trakya_edirne_2024_2025_36d57786676b
trakya_edirne,2025-07-28,22.5,37.4,0.0,6.63,open_meteo_era5_trakya_edirne_2024_2025_36d57786676b
trakya_edirne,2025-07-29,24.2,35.9,0.0,6.79,open_meteo_era5_trakya_edirne_2024_2025_36d57786676b
trakya_edirne,2025-07-30,23.6,34.0,0.0,6.2,open_meteo_era5_trakya_edirne_2024_2025_36d57786676b
trakya_edirne,2025-07-31,22.3,30.7,1.3,5.1,open_meteo_era5_trakya_edirne_2024_2025_36d57786676b
trakya_edirne,2025-08-01,21.3,31.5,0.0,6.03,open_meteo_era5_trakya_edirne_2024_2025_36d57786676b
trakya_edirne,2025-08-02,20.7,32.0,0.0,6.32,open_meteo_era5_trakya_edirne_2024_2025_36d57786676b
trakya_edirne,2025-08-03,19.3,33.9,0.0,6.38,open_meteo_era5_trakya_edirne_2024_2025_36d57786676b
trakya_edirne,2025-08-04,19.2,34.5,0.0,6.71,open_meteo_era5_trakya_edirne_2024_2025_36d57786676b
trakya_edirne,2025-08-05,20.9,34.1,0.0,7.31,open_meteo_era5_trakya_edirne_2024_2025_36d57786676b
trakya_edirne,2025-08-06,21.7,32.4,0.6,6.14,open_meteo_era5_trakya_edirne_2024_2025_36d57786676b
trakya_edirne,2025-08-07,22.2,33.0,0.1,6.94,open_meteo_era5_trakya_edirne_2024_2025_36d57786676b
trakya_edirne,2025-08-08,21.4,33.5,0.0,7.61,open_meteo_era5_trakya_edirne_2024_2025_36d57786676b
trakya_edirne,2025-08-09,19.1,34.5,0.0,7.62,open_meteo_era5_trakya_edirne_2024_2025_36d57786676b
trakya_edirne,2025-08-10,19.6,35.4,0.0,7.69,open_meteo_era5_trakya_edirne_2024_2025_36d57786676b
trakya_edirne,2025-08-11,20.8,37.1,0.0,7.71,open_meteo_era5_trakya_edirne_2024_2025_36d57786676b
trakya_edirne,2025-08-12,21.6,33.3,0.0,6.96,open_meteo_era5_trakya_edirne_2024_2025_36d57786676b
trakya_edirne,2025-08-13,20.1,31.9,0.0,6.87,open_meteo_era5_trakya_edirne_2024_2025_36d57786676b
trakya_edirne,2025-08-14,20.4,32.1,0.0,6.91,open_meteo_era5_trakya_edirne_2024_2025_36d57786676b
trakya_edirne,2025-08-15,21.8,32.4,0.0,7.02,open_meteo_era5_trakya_edirne_2024_2025_36d57786676b
trakya_edirne,2025-08-16,19.7,31.8,0.0,6.87,open_meteo_era5_trakya_edirne_2024_2025_36d57786676b
trakya_edirne,2025-08-17,17.8,31.1,0.0,5.52,open_meteo_era5_trakya_edirne_2024_2025_36d57786676b
trakya_edirne,2025-08-18,17.7,33.9,0.0,6.05,open_meteo_era5_trakya_edirne_2024_2025_36d57786676b
trakya_edirne,2025-08-19,18.5,28.2,7.7,3.97,open_meteo_era5_trakya_edirne_2024_2025_36d57786676b
trakya_edirne,2025-08-20,17.9,29.5,0.0,4.28,open_meteo_era5_trakya_edirne_2024_2025_36d57786676b
trakya_edirne,2025-08-21,17.8,34.0,0.0,6.19,open_meteo_era5_trakya_edirne_2024_2025_36d57786676b
trakya_edirne,2025-08-22,20.4,35.7,0.1,7.01,open_meteo_era5_trakya_edirne_2024_2025_36d57786676b
trakya_edirne,2025-08-23,21.5,30.5,0.0,5.45,open_meteo_era5_trakya_edirne_2024_2025_36d57786676b
trakya_edirne,2025-08-24,19.7,29.9,0.0,6.74,open_meteo_era5_trakya_edirne_2024_2025_36d57786676b
trakya_edirne,2025-08-25,17.4,28.5,0.7,4.59,open_meteo_era5_trakya_edirne_2024_2025_36d57786676b
trakya_edirne,2025-08-26,16.3,28.9,0.0,5.04,open_meteo_era5_trakya_edirne_2024_2025_36d57786676b
trakya_edirne,2025-08-27,15.5,30.0,0.0,5.81,open_meteo_era5_trakya_edirne_2024_2025_36d57786676b
trakya_edirne,2025-08-28,16.3,30.5,0.0,5.64,open_meteo_era5_trakya_edirne_2024_2025_36d57786676b
trakya_edirne,2025-08-29,15.9,32.1,0.0,5.49,open_meteo_era5_trakya_edirne_2024_2025_36d57786676b
trakya_edirne,2025-08-30,17.1,33.7,0.0,5.49,open_meteo_era5_trakya_edirne_2024_2025_36d57786676b
trakya_edirne,2025-08-31,19.6,31.1,1.1,4.4,open_meteo_era5_trakya_edirne_2024_2025_36d57786676b
trakya_edirne,2025-09-01,16.6,31.7,0.0,5.57,open_meteo_era5_trakya_edirne_2024_2025_36d57786676b
trakya_edirne,2025-09-02,19.3,33.0,0.0,5.18,open_meteo_era5_trakya_edirne_2024_2025_36d57786676b
trakya_edirne,2025-09-03,19.7,35.0,0.0,5.85,open_meteo_era5_trakya_edirne_2024_2025_36d57786676b
trakya_edirne,2025-09-04,20.2,31.9,0.0,5.25,open_meteo_era5_trakya_edirne_2024_2025_36d57786676b
trakya_edirne,2025-09-05,20.2,30.7,0.0,5.34,open_meteo_era5_trakya_edirne_2024_2025_36d57786676b
trakya_edirne,2025-09-06,19.0,28.5,0.0,4.09,open_meteo_era5_trakya_edirne_2024_2025_36d57786676b
trakya_edirne,2025-09-07,17.2,29.4,0.0,4.64,open_meteo_era5_trakya_edirne_2024_2025_36d57786676b
trakya_edirne,2025-09-08,17.3,30.2,0.0,5.12,open_meteo_era5_trakya_edirne_2024_2025_36d57786676b
trakya_edirne,2025-09-09,15.4,31.3,0.0,4.81,open_meteo_era5_trakya_edirne_2024_2025_36d57786676b
trakya_edirne,2025-09-10,16.0,32.9,0.0,5.23,open_meteo_era5_trakya_edirne_2024_2025_36d57786676b
trakya_edirne,2025-09-11,18.9,32.1,0.0,4.71,open_meteo_era5_trakya_edirne_2024_2025_36d57786676b
trakya_edirne,2025-09-12,20.5,30.2,2.3,3.84,open_meteo_era5_trakya_edirne_2024_2025_36d57786676b
trakya_edirne,2025-09-13,19.2,29.5,0.2,4.43,open_meteo_era5_trakya_edirne_2024_2025_36d57786676b
trakya_edirne,2025-09-14,16.1,27.8,0.0,4.45,open_meteo_era5_trakya_edirne_2024_2025_36d57786676b
trakya_edirne,2025-09-15,14.9,28.2,0.0,4.19,open_meteo_era5_trakya_edirne_2024_2025_36d57786676b
trakya_edirne,2025-09-16,13.9,30.9,0.0,4.49,open_meteo_era5_trakya_edirne_2024_2025_36d57786676b
trakya_edirne,2025-09-17,15.1,26.1,2.4,3.59,open_meteo_era5_trakya_edirne_2024_2025_36d57786676b
trakya_edirne,2025-09-18,12.9,25.9,0.0,4.94,open_meteo_era5_trakya_edirne_2024_2025_36d57786676b
trakya_edirne,2025-09-19,11.5,26.4,0.0,4.64,open_meteo_era5_trakya_edirne_2024_2025_36d57786676b
trakya_edirne,2025-09-20,13.0,28.5,0.0,4.69,open_meteo_era5_trakya_edirne_2024_2025_36d57786676b
trakya_edirne,2025-09-21,15.3,28.5,0.0,4.37,open_meteo_era5_trakya_edirne_2024_2025_36d57786676b
trakya_edirne,2025-09-22,14.9,28.2,0.0,4.38,open_meteo_era5_trakya_edirne_2024_2025_36d57786676b
trakya_edirne,2025-09-23,13.2,28.2,0.0,3.89,open_meteo_era5_trakya_edirne_2024_2025_36d57786676b
trakya_edirne,2025-09-24,12.7,29.0,0.0,4.19,open_meteo_era5_trakya_edirne_2024_2025_36d57786676b
trakya_edirne,2025-09-25,14.0,24.6,0.0,3.32,open_meteo_era5_trakya_edirne_2024_2025_36d57786676b
trakya_edirne,2025-09-26,15.2,22.6,0.0,3.75,open_meteo_era5_trakya_edirne_2024_2025_36d57786676b
trakya_edirne,2025-09-27,12.5,21.2,0.0,3.23,open_meteo_era5_trakya_edirne_2024_2025_36d57786676b
trakya_edirne,2025-09-28,11.6,21.1,0.1,2.8,open_meteo_era5_trakya_edirne_2024_2025_36d57786676b
trakya_edirne,2025-09-29,11.5,19.3,3.5,1.91,open_meteo_era5_trakya_edirne_2024_2025_36d57786676b
trakya_edirne,2025-09-30,10.0,22.2,0.0,3.14,open_meteo_era5_trakya_edirne_2024_2025_36d57786676b
trakya_edirne,2025-10-01,10.5,22.5,0.0,3.24,open_meteo_era5_trakya_edirne_2024_2025_36d57786676b
trakya_edirne,2025-10-02,12.8,18.9,13.8,1.75,open_meteo_era5_trakya_edirne_2024_2025_36d57786676b
trakya_edirne,2025-10-03,9.9,17.6,18.1,1.04,open_meteo_era5_trakya_edirne_2024_2025_36d57786676b
trakya_edirne,2025-10-04,9.2,15.6,5.4,1.25,open_meteo_era5_trakya_edirne_2024_2025_36d57786676b
trakya_edirne,2025-10-05,7.6,22.4,0.0,2.89,open_meteo_era5_trakya_edirne_2024_2025_36d57786676b
trakya_edirne,2025-10-06,11.4,18.5,21.3,1.17,open_meteo_era5_trakya_edirne_2024_2025_36d57786676b
trakya_edirne,2025-10-07,10.3,11.6,26.4,0.66,open_meteo_era5_trakya_edirne_2024_2025_36d57786676b
trakya_edirne,2025-10-08,10.1,15.9,2.7,1.24,open_meteo_era5_trakya_edirne_2024_2025_36d57786676b
trakya_edirne,2025-10-09,9.3,19.1,2.5,2.0,open_meteo_era5_trakya_edirne_2024_2025_36d57786676b
trakya_edirne,2025-10-10,7.9,21.3,0.0,2.62,open_meteo_era5_trakya_edirne_2024_2025_36d57786676b
trakya_edirne,2025-10-11,8.7,16.5,1.0,1.66,open_meteo_era5_trakya_edirne_2024_2025_36d57786676b
trakya_edirne,2025-10-12,8.0,19.8,0.0,1.89,open_meteo_era5_trakya_edirne_2024_2025_36d57786676b
trakya_edirne,2025-10-13,12.6,19.7,0.0,2.08,open_meteo_era5_trakya_edirne_2024_2025_36d57786676b
trakya_edirne,2025-10-14,12.2,19.9,0.0,2.31,open_meteo_era5_trakya_edirne_2024_2025_36d57786676b
trakya_edirne,2025-10-15,11.1,19.7,0.0,2.31,open_meteo_era5_trakya_edirne_2024_2025_36d57786676b
trakya_edirne,2025-10-16,10.0,18.5,0.2,1.78,open_meteo_era5_trakya_edirne_2024_2025_36d57786676b
trakya_edirne,2025-10-17,9.4,19.4,0.5,1.71,open_meteo_era5_trakya_edirne_2024_2025_36d57786676b
trakya_edirne,2025-10-18,13.8,19.3,3.8,1.36,open_meteo_era5_trakya_edirne_2024_2025_36d57786676b
trakya_edirne,2025-10-19,7.5,18.1,3.8,2.41,open_meteo_era5_trakya_edirne_2024_2025_36d57786676b
trakya_edirne,2025-10-20,7.0,18.4,0.0,2.0,open_meteo_era5_trakya_edirne_2024_2025_36d57786676b
trakya_edirne,2025-10-21,6.9,19.0,0.0,2.21,open_meteo_era5_trakya_edirne_2024_2025_36d57786676b
trakya_edirne,2025-10-22,9.3,21.5,0.0,2.12,open_meteo_era5_trakya_edirne_2024_2025_36d57786676b
trakya_edirne,2025-10-23,12.1,22.6,0.9,1.95,open_meteo_era5_trakya_edirne_2024_2025_36d57786676b
trakya_edirne,2025-10-24,14.4,22.3,0.9,2.06,open_meteo_era5_trakya_edirne_2024_2025_36d57786676b
trakya_edirne,2025-10-25,11.2,20.3,0.0,1.81,open_meteo_era5_trakya_edirne_2024_2025_36d57786676b
trakya_edirne,2025-10-26,11.0,21.2,0.1,1.38,open_meteo_era5_trakya_edirne_2024_2025_36d57786676b
trakya_edirne,2025-10-27,8.7,19.9,9.9,0.67,open_meteo_era5_trakya_edirne_2024_2025_36d57786676b
trakya_edirne,2025-10-28,6.5,15.9,0.3,1.29,open_meteo_era5_trakya_edirne_2024_2025_36d57786676b
trakya_edirne,2025-10-29,4.8,19.4,0.0,1.97,open_meteo_era5_trakya_edirne_2024_2025_36d57786676b
trakya_edirne,2025-10-30,5.7,19.7,0.0,1.99,open_meteo_era5_trakya_edirne_2024_2025_36d57786676b
trakya_edirne,2025-10-31,6.0,19.3,0.0,1.65,open_meteo_era5_trakya_edirne_2024_2025_36d57786676b
trakya_edirne,2025-11-01,7.8,21.5,0.0,1.83,open_meteo_era5_trakya_edirne_2024_2025_36d57786676b
trakya_edirne,2025-11-02,7.4,21.1,0.0,1.93,open_meteo_era5_trakya_edirne_2024_2025_36d57786676b
trakya_edirne,2025-11-03,7.2,18.9,0.0,1.6,open_meteo_era5_trakya_edirne_2024_2025_36d57786676b
trakya_edirne,2025-11-04,10.0,17.3,3.5,1.38,open_meteo_era5_trakya_edirne_2024_2025_36d57786676b
trakya_edirne,2025-11-05,10.6,11.9,3.3,0.91,open_meteo_era5_trakya_edirne_2024_2025_36d57786676b
trakya_edirne,2025-11-06,9.8,11.6,5.9,0.64,open_meteo_era5_trakya_edirne_2024_2025_36d57786676b
trakya_edirne,2025-11-07,11.9,15.4,0.4,0.7,open_meteo_era5_trakya_edirne_2024_2025_36d57786676b
trakya_edirne,2025-11-08,13.5,18.7,1.9,1.03,open_meteo_era5_trakya_edirne_2024_2025_36d57786676b
trakya_edirne,2025-11-09,15.2,20.2,2.1,1.18,open_meteo_era5_trakya_edirne_2024_2025_36d57786676b
trakya_edirne,2025-11-10,13.8,19.9,0.9,1.34,open_meteo_era5_trakya_edirne_2024_2025_36d57786676b
trakya_edirne,2025-11-11,12.4,16.0,5.6,0.74,open_meteo_era5_trakya_edirne_2024_2025_36d57786676b
trakya_edirne,2025-11-12,7.5,17.1,0.0,1.34,open_meteo_era5_trakya_edirne_2024_2025_36d57786676b
trakya_edirne,2025-11-13,5.1,16.7,0.0,1.4,open_meteo_era5_trakya_edirne_2024_2025_36d57786676b
trakya_edirne,2025-11-14,4.8,16.7,0.0,1.31,open_meteo_era5_trakya_edirne_2024_2025_36d57786676b
trakya_edirne,2025-11-15,5.5,14.6,0.0,0.96,open_meteo_era5_trakya_edirne_2024_2025_36d57786676b
trakya_edirne,2025-11-16,7.7,13.8,0.0,0.78,open_meteo_era5_trakya_edirne_2024_2025_36d57786676b
trakya_edirne,2025-11-17,8.5,20.0,0.1,1.83,open_meteo_era5_trakya_edirne_2024_2025_36d57786676b
trakya_edirne,2025-11-18,17.6,20.9,0.3,2.28,open_meteo_era5_trakya_edirne_2024_2025_36d57786676b
trakya_edirne,2025-11-19,16.9,21.4,0.2,2.04,open_meteo_era5_trakya_edirne_2024_2025_36d57786676b
trakya_edirne,2025-11-20,15.8,20.5,0.6,1.69,open_meteo_era5_trakya_edirne_2024_2025_36d57786676b
trakya_edirne,2025-11-21,15.4,21.6,0.0,2.07,open_meteo_era5_trakya_edirne_2024_2025_36d57786676b
trakya_edirne,2025-11-22,16.1,21.9,0.3,2.19,open_meteo_era5_trakya_edirne_2024_2025_36d57786676b
trakya_edirne,2025-11-23,8.3,18.6,3.2,1.36,open_meteo_era5_trakya_edirne_2024_2025_36d57786676b
trakya_edirne,2025-11-24,5.9,14.8,0.0,1.11,open_meteo_era5_trakya_edirne_2024_2025_36d57786676b
trakya_edirne,2025-11-25,4.1,16.9,0.0,1.43,open_meteo_era5_trakya_edirne_2024_2025_36d57786676b
trakya_edirne,2025-11-26,12.3,18.5,0.6,1.36,open_meteo_era5_trakya_edirne_2024_2025_36d57786676b
trakya_edirne,2025-11-27,13.0,18.8,0.8,1.58,open_meteo_era5_trakya_edirne_2024_2025_36d57786676b
trakya_edirne,2025-11-28,11.6,15.3,4.9,0.84,open_meteo_era5_trakya_edirne_2024_2025_36d57786676b
trakya_edirne,2025-11-29,7.5,12.4,7.5,0.49,open_meteo_era5_trakya_edirne_2024_2025_36d57786676b
trakya_edirne,2025-11-30,6.1,12.0,0.0,0.77,open_meteo_era5_trakya_edirne_2024_2025_36d57786676b
trakya_edirne,2025-12-01,4.1,12.6,0.7,0.96,open_meteo_era5_trakya_edirne_2024_2025_36d57786676b
trakya_edirne,2025-12-02,2.4,12.1,0.0,0.9,open_meteo_era5_trakya_edirne_2024_2025_36d57786676b
trakya_edirne,2025-12-03,3.8,12.0,0.0,0.72,open_meteo_era5_trakya_edirne_2024_2025_36d57786676b
trakya_edirne,2025-12-04,4.2,14.8,0.0,0.97,open_meteo_era5_trakya_edirne_2024_2025_36d57786676b
trakya_edirne,2025-12-05,8.9,16.5,1.4,1.47,open_meteo_era5_trakya_edirne_2024_2025_36d57786676b
trakya_edirne,2025-12-06,9.9,16.1,1.5,0.96,open_meteo_era5_trakya_edirne_2024_2025_36d57786676b
trakya_edirne,2025-12-07,7.0,9.7,2.4,0.89,open_meteo_era5_trakya_edirne_2024_2025_36d57786676b
trakya_edirne,2025-12-08,6.9,11.3,0.0,1.03,open_meteo_era5_trakya_edirne_2024_2025_36d57786676b
trakya_edirne,2025-12-09,4.5,10.3,0.0,0.51,open_meteo_era5_trakya_edirne_2024_2025_36d57786676b
trakya_edirne,2025-12-10,2.4,11.2,0.0,0.76,open_meteo_era5_trakya_edirne_2024_2025_36d57786676b
trakya_edirne,2025-12-11,2.9,13.6,0.0,0.86,open_meteo_era5_trakya_edirne_2024_2025_36d57786676b
trakya_edirne,2025-12-12,5.5,14.4,0.0,0.99,open_meteo_era5_trakya_edirne_2024_2025_36d57786676b
trakya_edirne,2025-12-13,4.0,12.2,0.0,0.92,open_meteo_era5_trakya_edirne_2024_2025_36d57786676b
trakya_edirne,2025-12-14,2.5,11.5,0.0,0.81,open_meteo_era5_trakya_edirne_2024_2025_36d57786676b
trakya_edirne,2025-12-15,0.3,10.3,0.0,0.86,open_meteo_era5_trakya_edirne_2024_2025_36d57786676b
trakya_edirne,2025-12-16,-0.1,11.8,0.0,0.92,open_meteo_era5_trakya_edirne_2024_2025_36d57786676b
trakya_edirne,2025-12-17,-0.8,10.3,0.0,0.78,open_meteo_era5_trakya_edirne_2024_2025_36d57786676b
trakya_edirne,2025-12-18,-1.2,10.5,0.0,0.72,open_meteo_era5_trakya_edirne_2024_2025_36d57786676b
trakya_edirne,2025-12-19,1.7,14.4,0.0,1.02,open_meteo_era5_trakya_edirne_2024_2025_36d57786676b
trakya_edirne,2025-12-20,3.3,10.3,0.0,0.56,open_meteo_era5_trakya_edirne_2024_2025_36d57786676b
trakya_edirne,2025-12-21,7.8,10.3,0.0,0.49,open_meteo_era5_trakya_edirne_2024_2025_36d57786676b
trakya_edirne,2025-12-22,5.9,10.5,0.0,0.66,open_meteo_era5_trakya_edirne_2024_2025_36d57786676b
trakya_edirne,2025-12-23,3.2,9.1,0.0,0.79,open_meteo_era5_trakya_edirne_2024_2025_36d57786676b
trakya_edirne,2025-12-24,3.8,10.6,2.6,0.63,open_meteo_era5_trakya_edirne_2024_2025_36d57786676b
trakya_edirne,2025-12-25,3.0,10.4,15.3,0.54,open_meteo_era5_trakya_edirne_2024_2025_36d57786676b
trakya_edirne,2025-12-26,1.3,6.2,0.1,0.8,open_meteo_era5_trakya_edirne_2024_2025_36d57786676b
trakya_edirne,2025-12-27,-1.3,7.1,0.0,0.77,open_meteo_era5_trakya_edirne_2024_2025_36d57786676b
trakya_edirne,2025-12-28,-1.7,5.6,0.7,0.74,open_meteo_era5_trakya_edirne_2024_2025_36d57786676b
trakya_edirne,2025-12-29,-0.4,8.4,0.0,1.21,open_meteo_era5_trakya_edirne_2024_2025_36d57786676b
trakya_edirne,2025-12-30,-1.5,11.7,0.0,1.31,open_meteo_era5_trakya_edirne_2024_2025_36d57786676b
trakya_edirne,2025-12-31,-3.5,3.6,0.0,1.29,open_meteo_era5_trakya_edirne_2024_2025_36d57786676b
