site_id,date,tmin_c,tmax_c,precipitation_mm,et0_mm,dataset_id
konya,2022-01-01,-2.0,9.1,0.2,1.25,open_meteo_era5_konya_2022_2023
konya,2022-01-02,1.7,8.0,0.5,0.96,open_meteo_era5_konya_2022_2023
konya,2022-01-03,-3.0,8.8,0.0,1.32,open_meteo_era5_konya_2022_2023
konya,2022-01-04,-0.7,11.7,0.0,1.38,open_meteo_era5_konya_2022_2023
konya,2022-01-05,-1.0,13.2,0.0,1.52,open_meteo_era5_konya_2022_2023
konya,2022-01-06,4.0,13.8,0.0,1.38,open_meteo_era5_konya_2022_2023
konya,2022-01-07,5.0,11.9,0.0,1.02,open_meteo_era5_konya_2022_2023
konya,2022-01-08,2.2,11.8,0.4,1.49,open_meteo_era5_konya_2022_2023
konya,2022-01-09,2.3,13.2,7.0,1.72,open_meteo_era5_konya_2022_2023
konya,2022-01-10,2.4,9.5,0.9,1.31,open_meteo_era5_konya_2022_2023
konya,2022-01-11,3.3,7.0,6.3,0.81,open_meteo_era5_konya_2022_2023
konya,2022-01-12,0.7,5.4,20.6,0.67,open_meteo_era5_konya_2022_2023
konya,2022-01-13,-3.5,0.3,3.2,0.52,open_meteo_era5_konya_2022_2023
konya,2022-01-14,-6.8,-0.9,0.0,1.02,open_meteo_era5_konya_2022_2023
konya,2022-01-15,-6.9,1.5,0.0,1.1,open_meteo_era5_konya_2022_2023
konya,2022-01-16,-5.9,-0.9,0.0,0.99,open_meteo_era5_konya_2022_2023
konya,2022-01-17,-6.9,1.9,0.0,1.14,open_meteo_era5_konya_2022_2023
konya,2022-01-18,-5.5,3.8,4.0,0.94,open_meteo_era5_konya_2022_2023
konya,2022-01-19,-7.6,-2.6,0.3,1.05,open_meteo_era5_konya_2022_2023
konya,2022-01-20,-9.1,-0.6,0.0,1.09,open_meteo_era5_konya_2022_2023
konya,2022-01-21,-7.9,4.6,0.0,1.39,open_meteo_era5_konya_2022_2023
konya,2022-01-22,-2.6,4.6,8.9,0.81,open_meteo_era5_konya_2022_2023
konya,2022-01-23,-7.7,-3.0,13.4,0.55,open_meteo_era5_konya_2022_2023
konya,2022-01-24,-11.5,-4.6,0.6,0.9,open_meteo_era5_konya_2022_2023
konya,2022-01-25,-11.3,-6.7,14.2,0.35,open_meteo_era5_konya_2022_2023
konya,2022-01-26,-8.1,-5.9,1.5,0.68,open_meteo_era5_konya_2022_2023
konya,2022-01-27,-13.4,-4.6,0.0,0.96,open_meteo_era5_konya_2022_2023
konya,2022-01-28,-17.4,-8.9,0.0,0.76,open_meteo_era5_konya_2022_2023
konya,2022-01-29,-16.5,-7.0,0.0,0.86,open_meteo_era5_konya_2022_2023
konya,2022-01-30,-9.0,-1.1,2.1,0.94,open_meteo_era5_konya_2022_2023
konya,2022-01-31,-2.1,0.0,11.7,0.53,open_meteo_era5_konya_2022_2023
konya,2022-02-01,-2.7,3.4,0.0,1.15,open_meteo_era5_konya_2022_2023
konya,2022-02-02,1.6,5.3,3.2,1.32,open_meteo_era5_konya_2022_2023
konya,2022-02-03,-0.6,6.1,0.8,1.43,open_meteo_era5_konya_2022_2023
konya,2022-02-04,-4.4,0.5,0.5,0.7,open_meteo_era5_konya_2022_2023
konya,2022-02-05,-6.4,2.1,0.0,1.42,open_meteo_era5_konya_2022_2023
konya,2022-02-06,-6.4,4.4,0.0,1.44,open_meteo_era5_konya_2022_2023
konya,2022-02-07,-5.8,7.3,0.0,1.66,open_meteo_era5_konya_2022_2023
konya,2022-02-08,3.3,10.1,7.8,1.98,open_meteo_era5_konya_2022_2023
konya,2022-02-09,-1.8,3.1,14.3,0.92,open_meteo_era5_konya_2022_2023
konya,2022-02-10,-4.8,-0.1,1.6,1.13,open_meteo_era5_konya_2022_2023
konya,2022-02-11,-8.0,2.5,0.0,1.58,open_meteo_era5_konya_2022_2023
konya,2022-02-12,-6.6,6.1,0.0,1.76,open_meteo_era5_konya_2022_2023
konya,2022-02-13,-4.2,4.8,0.0,1.66,open_meteo_era5_konya_2022_2023
konya,2022-02-14,-5.0,3.1,0.0,1.49,open_meteo_era5_konya_2022_2023
konya,2022-02-15,-3.9,2.7,0.0,1.48,open_meteo_era5_konya_2022_2023
konya,2022-02-16,-5.3,3.2,0.0,1.43,open_meteo_era5_konya_2022_2023
konya,2022-02-17,-5.9,5.5,0.0,1.76,open_meteo_era5_konya_2022_2023
konya,2022-02-18,-4.3,9.9,7.4,2.03,open_meteo_era5_konya_2022_2023
konya,2022-02-19,-1.2,3.2,0.9,0.93,open_meteo_era5_konya_2022_2023
konya,2022-02-20,-3.7,6.9,0.0,1.87,open_meteo_era5_konya_2022_2023
konya,2022-02-21,2.8,14.6,0.0,1.88,open_meteo_era5_konya_2022_2023
konya,2022-02-22,3.1,11.6,0.1,1.89,open_meteo_era5_konya_2022_2023
konya,2022-02-23,3.0,13.7,0.3,2.14,open_meteo_era5_konya_2022_2023
konya,2022-02-24,1.8,9.5,10.6,1.4,open_meteo_era5_konya_2022_2023
konya,2022-02-25,1.4,7.7,0.0,1.3,open_meteo_era5_konya_2022_2023
konya,2022-02-26,1.8,8.4,0.0,1.48,open_meteo_era5_konya_2022_2023
konya,2022-02-27,2.5,12.9,0.8,2.14,open_meteo_era5_konya_2022_2023
konya,2022-02-28,4.1,10.5,1.9,1.65,open_meteo_era5_konya_2022_2023
konya,2022-03-01,1.3,6.4,8.4,1.07,open_meteo_era5_konya_2022_2023
konya,2022-03-02,1.5,5.1,23.0,0.5,open_meteo_era5_konya_2022_2023
konya,2022-03-03,-7.4,3.9,4.6,0.87,open_meteo_era5_konya_2022_2023
konya,2022-03-04,-9.3,2.2,0.0,1.64,open_meteo_era5_konya_2022_2023
konya,2022-03-05,-5.6,7.5,0.0,2.15,open_meteo_era5_konya_2022_2023
konya,2022-03-06,-0.5,8.2,0.0,1.62,open_meteo_era5_konya_2022_2023
konya,2022-03-07,0.2,11.1,0.2,2.27,open_meteo_era5_konya_2022_2023
konya,2022-03-08,1.4,9.4,0.3,1.45,open_meteo_era5_konya_2022_2023
konya,2022-03-09,0.5,5.3,6.6,1.24,open_meteo_era5_konya_2022_2023
konya,2022-03-10,-3.3,0.5,6.9,1.15,open_meteo_era5_konya_2022_2023
konya,2022-03-11,-7.6,-3.1,5.0,1.2,open_meteo_era5_konya_2022_2023
konya,2022-03-12,-13.2,-4.3,0.0,1.42,open_meteo_era5_konya_2022_2023
konya,2022-03-13,-12.2,-3.6,0.8,1.13,open_meteo_era5_konya_2022_2023
konya,2022-03-14,-13.1,-0.7,0.0,1.59,open_meteo_era5_konya_2022_2023
konya,2022-03-15,-5.7,0.5,0.0,1.62,open_meteo_era5_konya_2022_2023
konya,2022-03-16,-6.6,3.2,0.0,2.26,open_meteo_era5_konya_2022_2023
konya,2022-03-17,-1.0,5.6,0.2,1.87,open_meteo_era5_konya_2022_2023
konya,2022-03-18,-6.6,0.5,0.0,1.8,open_meteo_era5_konya_2022_2023
konya,2022-03-19,-8.9,-2.3,0.0,1.76,open_meteo_era5_konya_2022_2023
konya,2022-03-20,-7.7,1.6,0.9,1.71,open_meteo_era5_konya_2022_2023
konya,2022-03-21,-3.4,1.2,0.3,1.62,open_meteo_era5_konya_2022_2023
konya,2022-03-22,-2.8,2.6,0.4,1.71,open_meteo_era5_konya_2022_2023
konya,2022-03-23,-3.5,4.4,0.3,1.89,open_meteo_era5_konya_2022_2023
konya,2022-03-24,-2.7,4.2,1.7,1.86,open_meteo_era5_konya_2022_2023
konya,2022-03-25,-1.8,9.0,0.1,2.97,open_meteo_era5_konya_2022_2023
konya,2022-03-26,-3.0,6.2,1.9,1.98,open_meteo_era5_konya_2022_2023
konya,2022-03-27,-4.4,11.0,0.0,3.11,open_meteo_era5_konya_2022_2023
konya,2022-03-28,-1.8,14.3,0.0,3.65,open_meteo_era5_konya_2022_2023
konya,2022-03-29,3.4,12.0,1.0,2.04,open_meteo_era5_konya_2022_2023
konya,2022-03-30,1.3,15.6,0.0,3.45,open_meteo_era5_konya_2022_2023
konya,2022-03-31,3.1,17.5,0.0,4.03,open_meteo_era5_konya_2022_2023
konya,2022-04-01,5.6,25.1,0.0,5.21,open_meteo_era5_konya_2022_2023
konya,2022-04-02,7.3,23.7,0.0,6.26,open_meteo_era5_konya_2022_2023
konya,2022-04-03,5.6,19.7,0.0,5.14,open_meteo_era5_konya_2022_2023
konya,2022-04-04,7.1,19.8,0.0,4.53,open_meteo_era5_konya_2022_2023
konya,2022-04-05,9.9,21.5,0.0,6.02,open_meteo_era5_konya_2022_2023
konya,2022-04-06,9.4,20.5,0.0,4.63,open_meteo_era5_konya_2022_2023
konya,2022-04-07,7.0,17.6,1.3,3.5,open_meteo_era5_konya_2022_2023
konya,2022-04-08,5.8,16.1,2.9,3.84,open_meteo_era5_konya_2022_2023
konya,2022-04-09,3.9,23.1,0.0,4.9,open_meteo_era5_konya_2022_2023
konya,2022-04-10,8.5,21.3,0.7,4.91,open_meteo_era5_konya_2022_2023
konya,2022-04-11,3.2,15.2,3.4,3.56,open_meteo_era5_konya_2022_2023
konya,2022-04-12,1.8,8.5,0.0,2.95,open_meteo_era5_konya_2022_2023
konya,2022-04-13,-0.1,11.1,0.0,3.53,open_meteo_era5_konya_2022_2023
konya,2022-04-14,-1.3,14.5,0.0,4.04,open_meteo_era5_konya_2022_2023
konya,2022-04-15,1.5,17.6,0.0,4.4,open_meteo_era5_konya_2022_2023
konya,2022-04-16,4.9,21.4,0.0,4.54,open_meteo_era5_konya_2022_2023
konya,2022-04-17,9.9,21.2,0.0,4.46,open_meteo_era5_konya_2022_2023
konya,2022-04-18,9.6,24.3,0.0,7.74,open_meteo_era5_konya_2022_2023
konya,2022-04-19,6.6,16.4,0.3,4.14,open_meteo_era5_konya_2022_2023
konya,2022-04-20,6.1,18.3,0.4,3.48,open_meteo_era5_konya_2022_2023
konya,2022-04-21,5.2,19.6,0.0,4.61,open_meteo_era5_konya_2022_2023
konya,2022-04-22,5.8,22.7,0.0,5.12,open_meteo_era5_konya_2022_2023
konya,2022-04-23,9.2,26.6,0.1,5.51,open_meteo_era5_konya_2022_2023
konya,2022-04-24,9.1,28.2,0.0,5.56,open_meteo_era5_konya_2022_2023
konya,2022-04-25,9.9,28.5,0.0,6.76,open_meteo_era5_konya_2022_2023
konya,2022-04-26,8.2,27.2,0.0,5.45,open_meteo_era5_konya_2022_2023
konya,2022-04-27,11.9,25.1,0.0,5.21,open_meteo_era5_konya_2022_2023
konya,2022-04-28,11.7,24.9,0.0,5.56,open_meteo_era5_konya_2022_2023
konya,2022-04-29,11.2,25.5,0.4,5.77,open_meteo_era5_konya_2022_2023
konya,2022-04-30,12.5,22.4,4.5,4.66,open_meteo_era5_konya_2022_2023
konya,2022-05-01,9.9,16.5,0.9,2.32,open_meteo_era5_konya_2022_2023
konya,2022-05-02,7.8,19.0,5.6,3.01,open_meteo_era5_konya_2022_2023
konya,2022-05-03,10.2,21.0,0.5,4.35,open_meteo_era5_konya_2022_2023
konya,2022-05-04,8.8,17.2,12.3,2.95,open_meteo_era5_konya_2022_2023
konya,2022-05-05,7.2,10.9,0.7,2.33,open_meteo_era5_konya_2022_2023
konya,2022-05-06,6.3,13.4,0.9,4.01,open_meteo_era5_konya_2022_2023
konya,2022-05-07,5.6,12.8,0.3,2.93,open_meteo_era5_konya_2022_2023
konya,2022-05-08,5.7,17.6,0.0,3.89,open_meteo_era5_konya_2022_2023
konya,2022-05-09,5.2,19.1,0.1,4.66,open_meteo_era5_konya_2022_2023
konya,2022-05-10,6.4,20.0,0.0,5.14,open_meteo_era5_konya_2022_2023
konya,2022-05-11,8.2,20.2,1.4,4.66,open_meteo_era5_konya_2022_2023
konya,2022-05-12,7.1,20.1,0.0,4.16,open_meteo_era5_konya_2022_2023
konya,2022-05-13,8.0,23.8,0.0,5.32,open_meteo_era5_konya_2022_2023
konya,2022-05-14,10.1,24.3,1.1,5.53,open_meteo_era5_konya_2022_2023
konya,2022-05-15,9.9,19.7,4.5,3.59,open_meteo_era5_konya_2022_2023
konya,2022-05-16,8.4,22.1,3.4,4.85,open_meteo_era5_konya_2022_2023
konya,2022-05-17,9.7,19.6,1.6,3.85,open_meteo_era5_konya_2022_2023
konya,2022-05-18,8.1,24.9,0.4,5.3,open_meteo_era5_konya_2022_2023
konya,2022-05-19,8.2,13.2,4.4,2.23,open_meteo_era5_konya_2022_2023
konya,2022-05-20,7.6,16.5,0.0,4.65,open_meteo_era5_konya_2022_2023
konya,2022-05-21,6.5,22.6,0.0,5.6,open_meteo_era5_konya_2022_2023
konya,2022-05-22,7.9,23.6,0.6,5.48,open_meteo_era5_konya_2022_2023
konya,2022-05-23,12.0,22.1,0.3,5.61,open_meteo_era5_konya_2022_2023
konya,2022-05-24,9.0,21.9,0.0,4.93,open_meteo_era5_konya_2022_2023
konya,2022-05-25,9.8,23.3,0.0,5.09,open_meteo_era5_konya_2022_2023
konya,2022-05-26,11.8,27.3,0.0,6.39,open_meteo_era5_konya_2022_2023
konya,2022-05-27,13.9,25.8,2.5,5.08,open_meteo_era5_konya_2022_2023
konya,2022-05-28,12.5,27.4,0.6,5.63,open_meteo_era5_konya_2022_2023
konya,2022-05-29,13.0,30.0,0.1,6.2,open_meteo_era5_konya_2022_2023
konya,2022-05-30,15.2,30.2,0.0,6.94,open_meteo_era5_konya_2022_2023
konya,2022-05-31,13.5,30.7,0.0,6.19,open_meteo_era5_konya_2022_2023
konya,2022-06-01,15.0,29.2,0.1,6.95,open_meteo_era5_konya_2022_2023
konya,2022-06-02,16.9,30.0,0.0,6.73,open_meteo_era5_konya_2022_2023
konya,2022-06-03,16.2,31.5,0.0,7.01,open_meteo_era5_konya_2022_2023
konya,2022-06-04,15.2,29.8,0.5,6.64,open_meteo_era5_konya_2022_2023
konya,2022-06-05,16.8,28.4,10.6,5.81,open_meteo_era5_konya_2022_2023
konya,2022-06-06,15.6,25.9,1.3,5.13,open_meteo_era5_konya_2022_2023
konya,2022-06-07,14.0,25.8,2.8,4.58,open_meteo_era5_konya_2022_2023
konya,2022-06-08,13.1,26.0,2.2,4.48,open_meteo_era5_konya_2022_2023
konya,2022-06-09,13.2,26.6,0.5,5.43,open_meteo_era5_konya_2022_2023
konya,2022-06-10,14.4,28.2,0.1,5.81,open_meteo_era5_konya_2022_2023
konya,2022-06-11,15.4,30.1,1.0,6.64,open_meteo_era5_konya_2022_2023
konya,2022-06-12,14.9,22.7,0.4,4.96,open_meteo_era5_konya_2022_2023
konya,2022-06-13,13.8,22.0,5.3,3.96,open_meteo_era5_konya_2022_2023
konya,2022-06-14,13.5,21.4,7.6,3.55,open_meteo_era5_konya_2022_2023
konya,2022-06-15,13.1,24.9,0.0,5.49,open_meteo_era5_konya_2022_2023
konya,2022-06-16,14.2,26.6,0.0,5.61,open_meteo_era5_konya_2022_2023
konya,2022-06-17,15.5,27.9,0.0,6.05,open_meteo_era5_konya_2022_2023
konya,2022-06-18,16.7,29.4,0.0,6.43,open_meteo_era5_konya_2022_2023
konya,2022-06-19,18.2,28.4,0.0,6.37,open_meteo_era5_konya_2022_2023
konya,2022-06-20,16.8,30.9,0.0,6.47,open_meteo_era5_konya_2022_2023
konya,2022-06-21,15.9,23.1,2.6,4.75,open_meteo_era5_konya_2022_2023
konya,2022-06-22,15.0,26.3,0.0,6.56,open_meteo_era5_konya_2022_2023
konya,2022-06-23,15.0,27.1,0.0,6.27,open_meteo_era5_konya_2022_2023
konya,2022-06-24,14.5,23.8,7.2,4.86,open_meteo_era5_konya_2022_2023
konya,2022-06-25,12.9,22.8,0.0,4.86,open_meteo_era5_konya_2022_2023
konya,2022-06-26,12.4,23.1,0.0,5.26,open_meteo_era5_konya_2022_2023
konya,2022-06-27,14.4,22.8,0.0,4.18,open_meteo_era5_konya_2022_2023
konya,2022-06-28,15.2,23.1,0.5,3.67,open_meteo_era5_konya_2022_2023
konya,2022-06-29,15.0,23.9,0.1,3.97,open_meteo_era5_konya_2022_2023
konya,2022-06-30,16.0,25.5,0.2,4.55,open_meteo_era5_konya_2022_2023
konya,2022-07-01,16.4,24.5,1.0,5.17,open_meteo_era5_konya_2022_2023
konya,2022-07-02,16.6,26.6,0.0,7.05,open_meteo_era5_konya_2022_2023
konya,2022-07-03,14.9,25.9,0.0,7.38,open_meteo_era5_konya_2022_2023
konya,2022-07-04,13.4,26.5,0.0,7.28,open_meteo_era5_konya_2022_2023
konya,2022-07-05,14.9,27.9,0.0,7.05,open_meteo_era5_konya_2022_2023
konya,2022-07-06,14.5,29.2,0.0,6.8,open_meteo_era5_konya_2022_2023
konya,2022-07-07,15.1,30.0,0.0,6.66,open_meteo_era5_konya_2022_2023
konya,2022-07-08,18.1,31.7,0.0,6.22,open_meteo_era5_konya_2022_2023
konya,2022-07-09,18.6,32.0,0.0,6.81,open_meteo_era5_konya_2022_2023
konya,2022-07-10,16.6,26.7,0.7,4.98,open_meteo_era5_konya_2022_2023
konya,2022-07-11,16.2,26.7,0.0,6.21,open_meteo_era5_konya_2022_2023
konya,2022-07-12,18.0,28.9,0.0,6.6,open_meteo_era5_konya_2022_2023
konya,2022-07-13,17.5,29.9,0.0,6.75,open_meteo_era5_konya_2022_2023
konya,2022-07-14,17.8,27.0,0.0,7.12,open_meteo_era5_konya_2022_2023
konya,2022-07-15,15.3,26.1,0.0,6.52,open_meteo_era5_konya_2022_2023
konya,2022-07-16,15.4,28.0,0.0,6.65,open_meteo_era5_konya_2022_2023
konya,2022-07-17,18.2,27.1,0.0,6.93,open_meteo_era5_konya_2022_2023
konya,2022-07-18,17.7,25.6,0.1,5.65,open_meteo_era5_konya_2022_2023
konya,2022-07-19,16.5,25.7,0.0,5.25,open_meteo_era5_konya_2022_2023
konya,2022-07-20,15.9,25.6,0.0,6.46,open_meteo_era5_konya_2022_2023
konya,2022-07-21,16.3,25.8,0.0,6.59,open_meteo_era5_konya_2022_2023
konya,2022-07-22,15.6,27.8,0.0,6.76,open_meteo_era5_konya_2022_2023
konya,2022-07-23,16.9,28.3,0.0,7.19,open_meteo_era5_konya_2022_2023
konya,2022-07-24,16.5,26.7,0.0,6.96,open_meteo_era5_konya_2022_2023
konya,2022-07-25,16.7,26.9,0.0,6.66,open_meteo_era5_konya_2022_2023
konya,2022-07-26,15.6,28.6,0.0,6.74,open_meteo_era5_konya_2022_2023
konya,2022-07-27,15.7,31.0,0.0,7.2,open_meteo_era5_konya_2022_2023
konya,2022-07-28,17.7,33.2,0.0,7.5,open_meteo_era5_konya_2022_2023
konya,2022-07-29,18.7,33.7,0.0,7.76,open_meteo_era5_konya_2022_2023
konya,2022-07-30,20.0,34.1,0.0,7.79,open_meteo_era5_konya_2022_2023
konya,2022-07-31,18.7,34.2,0.0,7.21,open_meteo_era5_konya_2022_2023
konya,2022-08-01,20.7,34.1,0.0,6.95,open_meteo_era5_konya_2022_2023
konya,2022-08-02,20.3,33.0,0.0,6.88,open_meteo_era5_konya_2022_2023
konya,2022-08-03,20.7,32.6,0.0,6.34,open_meteo_era5_konya_2022_2023
konya,2022-08-04,21.1,34.5,0.0,6.71,open_meteo_era5_konya_2022_2023
konya,2022-08-05,22.3,34.7,0.0,7.25,open_meteo_era5_konya_2022_2023
konya,2022-08-06,22.0,35.5,0.0,7.35,open_meteo_era5_konya_2022_2023
konya,2022-08-07,21.1,31.3,0.3,6.8,open_meteo_era5_konya_2022_2023
konya,2022-08-08,21.2,31.5,0.0,6.72,open_meteo_era5_konya_2022_2023
konya,2022-08-09,20.2,31.7,0.0,6.84,open_meteo_era5_konya_2022_2023
konya,2022-08-10,20.0,31.8,0.0,6.61,open_meteo_era5_konya_2022_2023
konya,2022-08-11,19.7,27.9,0.4,5.78,open_meteo_era5_konya_2022_2023
konya,2022-08-12,18.9,30.7,0.0,6.5,open_meteo_era5_konya_2022_2023
konya,2022-08-13,19.4,32.3,0.0,5.95,open_meteo_era5_konya_2022_2023
konya,2022-08-14,19.4,33.2,0.0,6.02,open_meteo_era5_konya_2022_2023
konya,2022-08-15,18.7,31.9,0.0,6.36,open_meteo_era5_konya_2022_2023
konya,2022-08-16,18.8,31.2,0.0,6.2,open_meteo_era5_konya_2022_2023
konya,2022-08-17,19.0,32.4,0.0,6.17,open_meteo_era5_konya_2022_2023
konya,2022-08-18,20.1,31.6,0.0,6.89,open_meteo_era5_konya_2022_2023
konya,2022-08-19,20.5,30.2,0.0,6.57,open_meteo_era5_konya_2022_2023
konya,2022-08-20,19.1,31.8,0.0,5.89,open_meteo_era5_konya_2022_2023
konya,2022-08-21,18.8,32.7,0.7,5.8,open_meteo_era5_konya_2022_2023
konya,2022-08-22,18.0,33.6,0.0,6.1,open_meteo_era5_konya_2022_2023
konya,2022-08-23,18.1,34.3,0.0,5.95,open_meteo_era5_konya_2022_2023
konya,2022-08-24,18.7,34.4,0.0,6.32,open_meteo_era5_konya_2022_2023
konya,2022-08-25,17.1,30.2,0.0,5.94,open_meteo_era5_konya_2022_2023
konya,2022-08-26,15.9,31.0,0.0,5.92,open_meteo_era5_konya_2022_2023
konya,2022-08-27,16.0,29.9,0.0,4.87,open_meteo_era5_konya_2022_2023
konya,2022-08-28,17.8,32.1,0.0,5.54,open_meteo_era5_konya_2022_2023
konya,2022-08-29,19.1,34.2,0.0,5.85,open_meteo_era5_konya_2022_2023
konya,2022-08-30,16.8,34.3,0.0,6.74,open_meteo_era5_konya_2022_2023
konya,2022-08-31,14.3,34.2,0.0,6.65,open_meteo_era5_konya_2022_2023
konya,2022-09-01,15.8,33.6,0.0,5.89,open_meteo_era5_konya_2022_2023
konya,2022-09-02,15.3,33.4,0.0,5.89,open_meteo_era5_konya_2022_2023
konya,2022-09-03,15.6,33.2,0.0,6.31,open_meteo_era5_konya_2022_2023
konya,2022-09-04,18.7,30.1,0.0,5.87,open_meteo_era5_konya_2022_2023
konya,2022-09-05,18.1,28.1,0.2,5.56,open_meteo_era5_konya_2022_2023
konya,2022-09-06,15.2,22.8,0.4,4.1,open_meteo_era5_konya_2022_2023
konya,2022-09-07,12.4,22.3,0.0,5.15,open_meteo_era5_konya_2022_2023
konya,2022-09-08,11.8,24.2,0.0,5.2,open_meteo_era5_konya_2022_2023
konya,2022-09-09,10.8,27.3,0.0,5.37,open_meteo_era5_konya_2022_2023
konya,2022-09-10,12.2,29.7,0.0,5.19,open_meteo_era5_konya_2022_2023
konya,2022-09-11,15.9,32.8,0.0,5.52,open_meteo_era5_konya_2022_2023
konya,2022-09-12,16.3,32.4,0.5,5.92,open_meteo_era5_konya_2022_2023
konya,2022-09-13,15.6,24.4,1.1,4.1,open_meteo_era5_konya_2022_2023
konya,2022-09-14,12.6,24.6,0.0,4.78,open_meteo_era5_konya_2022_2023
konya,2022-09-15,11.5,28.3,0.0,4.63,open_meteo_era5_konya_2022_2023
konya,2022-09-16,14.0,31.2,0.0,5.04,open_meteo_era5_konya_2022_2023
konya,2022-09-17,16.9,33.9,0.0,4.78,open_meteo_era5_konya_2022_2023
konya,2022-09-18,15.4,33.3,0.0,5.59,open_meteo_era5_konya_2022_2023
konya,2022-09-19,17.7,28.0,0.0,4.51,open_meteo_era5_konya_2022_2023
konya,2022-09-20,16.1,28.3,0.1,4.77,open_meteo_era5_konya_2022_2023
konya,2022-09-21,14.0,24.0,2.2,4.06,open_meteo_era5_konya_2022_2023
konya,2022-09-22,9.7,23.9,0.2,4.44,open_meteo_era5_konya_2022_2023
konya,2022-09-23,9.1,19.1,0.0,3.51,open_meteo_era5_konya_2022_2023
konya,2022-09-24,9.5,21.2,0.2,3.97,open_meteo_era5_konya_2022_2023
konya,2022-09-25,8.4,23.8,0.0,4.1,open_meteo_era5_konya_2022_2023
konya,2022-09-26,9.9,27.2,0.0,4.35,open_meteo_era5_konya_2022_2023
konya,2022-09-27,10.0,29.6,0.0,5.28,open_meteo_era5_konya_2022_2023
konya,2022-09-28,14.4,27.6,0.0,4.86,open_meteo_era5_konya_2022_2023
konya,2022-09-29,14.2,27.3,0.0,4.18,open_meteo_era5_konya_2022_2023
konya,2022-09-30,15.0,30.0,0.0,4.41,open_meteo_era5_konya_2022_2023
konya,2022-10-01,15.6,29.2,0.0,4.75,open_meteo_era5_konya_2022_2023
konya,2022-10-02,14.4,31.7,0.1,5.24,open_meteo_era5_konya_2022_2023
konya,2022-10-03,13.1,22.4,0.0,3.36,open_meteo_era5_konya_2022_2023
konya,2022-10-04,12.0,23.1,0.0,3.38,open_meteo_era5_konya_2022_2023
konya,2022-10-05,11.9,20.0,0.1,3.32,open_meteo_era5_konya_2022_2023
konya,2022-10-06,11.5,19.8,0.0,2.93,open_meteo_era5_konya_2022_2023
konya,2022-10-07,10.4,14.6,2.1,1.64,open_meteo_era5_konya_2022_2023
konya,2022-10-08,11.0,18.1,0.7,2.3,open_meteo_era5_konya_2022_2023
konya,2022-10-09,11.0,16.9,0.0,1.66,open_meteo_era5_konya_2022_2023
konya,2022-10-10,8.5,18.3,0.0,2.14,open_meteo_era5_konya_2022_2023
konya,2022-10-11,7.3,21.7,0.0,3.21,open_meteo_era5_konya_2022_2023
konya,2022-10-12,9.6,22.7,0.3,3.05,open_meteo_era5_konya_2022_2023
konya,2022-10-13,10.3,22.2,0.0,3.59,open_meteo_era5_konya_2022_2023
konya,2022-10-14,9.3,22.3,0.1,2.97,open_meteo_era5_konya_2022_2023
konya,2022-10-15,11.1,21.5,0.0,2.69,open_meteo_era5_konya_2022_2023
konya,2022-10-16,10.9,14.6,21.2,1.01,open_meteo_era5_konya_2022_2023
konya,2022-10-17,12.0,16.6,6.6,1.6,open_meteo_era5_konya_2022_2023
konya,2022-10-18,11.7,16.5,0.5,1.69,open_meteo_era5_konya_2022_2023
konya,2022-10-19,9.9,18.8,0.0,1.82,open_meteo_era5_konya_2022_2023
konya,2022-10-20,10.4,18.1,4.5,2.23,open_meteo_era5_konya_2022_2023
konya,2022-10-21,7.4,12.6,0.9,1.45,open_meteo_era5_konya_2022_2023
konya,2022-10-22,2.0,13.0,0.0,2.45,open_meteo_era5_konya_2022_2023
konya,2022-10-23,-0.1,17.0,0.0,2.51,open_meteo_era5_konya_2022_2023
konya,2022-10-24,4.9,18.9,0.0,2.78,open_meteo_era5_konya_2022_2023
konya,2022-10-25,4.6,17.9,0.0,2.6,open_meteo_era5_konya_2022_2023
konya,2022-10-26,4.4,19.8,0.0,2.69,open_meteo_era5_konya_2022_2023
konya,2022-10-27,4.5,19.0,0.0,2.81,open_meteo_era5_konya_2022_2023
konya,2022-10-28,7.1,16.2,0.0,2.68,open_meteo_era5_konya_2022_2023
konya,2022-10-29,3.3,14.7,0.0,2.46,open_meteo_era5_konya_2022_2023
konya,2022-10-30,1.9,16.5,0.0,2.3,open_meteo_era5_konya_2022_2023
konya,2022-10-31,3.2,17.9,0.0,2.36,open_meteo_era5_konya_2022_2023
konya,2022-11-01,5.0,17.3,0.0,2.58,open_meteo_era5_konya_2022_2023
konya,2022-11-02,3.3,16.9,0.0,2.46,open_meteo_era5_konya_2022_2023
konya,2022-11-03,2.4,19.2,0.0,2.36,open_meteo_era5_konya_2022_2023
konya,2022-11-04,4.6,19.2,0.0,2.42,open_meteo_era5_konya_2022_2023
konya,2022-11-05,6.6,20.2,0.0,2.61,open_meteo_era5_konya_2022_2023
konya,2022-11-06,8.6,19.4,0.1,2.64,open_meteo_era5_konya_2022_2023
konya,2022-11-07,7.7,15.6,0.0,1.82,open_meteo_era5_konya_2022_2023
konya,2022-11-08,7.7,14.2,0.0,2.13,open_meteo_era5_konya_2022_2023
konya,2022-11-09,7.4,12.3,0.4,1.57,open_meteo_era5_konya_2022_2023
konya,2022-11-10,3.3,13.3,0.0,1.99,open_meteo_era5_konya_2022_2023
konya,2022-11-11,1.3,14.2,0.0,1.84,open_meteo_era5_konya_2022_2023
konya,2022-11-12,2.0,14.9,0.0,1.9,open_meteo_era5_konya_2022_2023
konya,2022-11-13,1.8,14.4,0.0,1.99,open_meteo_era5_konya_2022_2023
konya,2022-11-14,-0.1,13.5,0.0,1.94,open_meteo_era5_konya_2022_2023
konya,2022-11-15,0.2,14.1,0.0,1.89,open_meteo_era5_konya_2022_2023
konya,2022-11-16,0.8,15.4,0.0,2.07,open_meteo_era5_konya_2022_2023
konya,2022-11-17,1.9,16.6,0.0,2.29,open_meteo_era5_konya_2022_2023
konya,2022-11-18,7.0,16.0,0.0,1.98,open_meteo_era5_konya_2022_2023
konya,2022-11-19,7.9,19.6,0.0,2.15,open_meteo_era5_konya_2022_2023
konya,2022-11-20,6.8,19.1,0.0,1.83,open_meteo_era5_konya_2022_2023
konya,2022-11-21,9.4,17.8,0.0,1.68,open_meteo_era5_konya_2022_2023
konya,2022-11-22,5.5,16.5,0.0,1.85,open_meteo_era5_konya_2022_2023
konya,2022-11-23,3.7,17.2,0.0,2.41,open_meteo_era5_konya_2022_2023
konya,2022-11-24,3.8,11.4,1.6,1.14,open_meteo_era5_konya_2022_2023
konya,2022-11-25,4.5,9.9,3.4,1.28,open_meteo_era5_konya_2022_2023
konya,2022-11-26,3.1,7.8,0.0,1.18,open_meteo_era5_konya_2022_2023
konya,2022-11-27,0.6,8.4,0.0,1.22,open_meteo_era5_konya_2022_2023
konya,2022-11-28,-0.2,8.3,0.0,1.28,open_meteo_era5_konya_2022_2023
konya,2022-11-29,5.7,13.0,0.0,1.5,open_meteo_era5_konya_2022_2023
konya,2022-11-30,4.5,14.4,0.0,1.53,open_meteo_era5_konya_2022_2023
konya,2022-12-01,5.9,14.7,0.0,1.34,open_meteo_era5_konya_2022_2023
konya,2022-12-02,2.7,14.8,0.0,1.54,open_meteo_era5_konya_2022_2023
konya,2022-12-03,2.4,12.9,0.0,1.49,open_meteo_era5_konya_2022_2023
konya,2022-12-04,1.9,12.1,0.0,1.44,open_meteo_era5_konya_2022_2023
konya,2022-12-05,0.9,10.6,0.0,1.43,open_meteo_era5_konya_2022_2023
konya,2022-12-06,0.3,10.7,0.0,1.31,open_meteo_era5_konya_2022_2023
konya,2022-12-07,-0.6,12.0,0.0,1.26,open_meteo_era5_konya_2022_2023
konya,2022-12-08,2.0,13.4,0.0,1.45,open_meteo_era5_konya_2022_2023
konya,2022-12-09,1.9,14.5,0.0,1.34,open_meteo_era5_konya_2022_2023
konya,2022-12-10,1.8,13.2,0.0,1.32,open_meteo_era5_konya_2022_2023
konya,2022-12-11,6.8,13.6,6.2,1.08,open_meteo_era5_konya_2022_2023
konya,2022-12-12,6.5,11.9,0.3,0.96,open_meteo_era5_konya_2022_2023
konya,2022-12-13,6.0,14.3,0.2,1.47,open_meteo_era5_konya_2022_2023
konya,2022-12-14,5.1,9.4,7.8,0.39,open_meteo_era5_konya_2022_2023
konya,2022-12-15,4.5,14.9,0.0,1.28,open_meteo_era5_konya_2022_2023
konya,2022-12-16,5.7,16.1,0.0,1.35,open_meteo_era5_konya_2022_2023
konya,2022-12-17,4.4,15.3,0.0,1.31,open_meteo_era5_konya_2022_2023
konya,2022-12-18,4.0,15.0,0.0,1.4,open_meteo_era5_konya_2022_2023
konya,2022-12-19,3.8,9.3,0.3,1.15,open_meteo_era5_konya_2022_2023
konya,2022-12-20,-1.3,4.3,2.1,0.6,open_meteo_era5_konya_2022_2023
konya,2022-12-21,-2.4,2.3,0.0,0.82,open_meteo_era5_konya_2022_2023
konya,2022-12-22,-1.1,5.0,0.0,0.98,open_meteo_era5_konya_2022_2023
konya,2022-12-23,-1.4,4.8,0.0,0.99,open_meteo_era5_konya_2022_2023
konya,2022-12-24,-0.8,5.6,0.0,1.02,open_meteo_era5_konya_2022_2023
konya,2022-12-25,0.4,6.0,0.5,1.02,open_meteo_era5_konya_2022_2023
konya,2022-12-26,-0.9,5.7,0.3,1.09,open_meteo_era5_konya_2022_2023
konya,2022-12-27,-2.5,9.0,0.0,1.31,open_meteo_era5_konya_2022_2023
konya,2022-12-28,-2.7,10.1,0.0,1.3,open_meteo_era5_konya_2022_2023
konya,2022-12-29,-0.3,10.0,0.0,1.27,open_meteo_era5_konya_2022_2023
konya,2022-12-30,-0.5,10.1,0.0,1.26,open_meteo_era5_konya_2022_2023
konya,2022-12-31,-1.2,9.4,0.0,1.31,open_meteo_era5_konya_2022_2023
konya,2023-01-01,-2.8,8.0,0.0,1.23,open_meteo_era5_konya_2022_2023
konya,2023-01-02,-4.0,7.4,0.0,1.22,open_meteo_era5_konya_2022_2023
konya,2023-01-03,-3.3,7.1,0.0,1.23,open_meteo_era5_konya_2022_2023
konya,2023-01-04,-3.9,7.6,0.0,1.36,open_meteo_era5_konya_2022_2023
konya,2023-01-05,-4.6,6.0,0.0,1.2,open_meteo_era5_konya_2022_2023
konya,2023-01-06,-5.1,10.2,0.7,1.35,open_meteo_era5_konya_2022_2023
konya,2023-01-07,-3.1,6.1,0.0,1.1,open_meteo_era5_konya_2022_2023
konya,2023-01-08,-3.8,2.5,0.0,1.01,open_meteo_era5_konya_2022_2023
konya,2023-01-09,-4.2,2.1,0.0,0.93,open_meteo_era5_konya_2022_2023
konya,2023-01-10,-4.9,9.5,0.0,1.27,open_meteo_era5_konya_2022_2023
konya,2023-01-11,3.0,7.6,1.9,0.87,open_meteo_era5_konya_2022_2023
konya,2023-01-12,1.8,8.0,1.9,1.14,open_meteo_era5_konya_2022_2023
konya,2023-01-13,0.6,7.4,0.0,1.28,open_meteo_era5_konya_2022_2023
konya,2023-01-14,-1.1,8.3,0.0,1.44,open_meteo_era5_konya_2022_2023
konya,2023-01-15,-1.1,8.2,0.0,1.27,open_meteo_era5_konya_2022_2023
konya,2023-01-16,0.7,10.1,0.0,1.52,open_meteo_era5_konya_2022_2023
konya,2023-01-17,-0.5,12.0,0.0,1.57,open_meteo_era5_konya_2022_2023
konya,2023-01-18,1.9,13.5,0.0,1.79,open_meteo_era5_konya_2022_2023
konya,2023-01-19,1.3,15.2,0.0,1.75,open_meteo_era5_konya_2022_2023
konya,2023-01-20,-0.7,16.0,0.0,2.17,open_meteo_era5_konya_2022_2023
konya,2023-01-21,1.3,12.7,0.0,1.64,open_meteo_era5_konya_2022_2023
konya,2023-01-22,-0.2,12.7,0.0,1.8,open_meteo_era5_konya_2022_2023
konya,2023-01-23,-1.2,12.6,0.0,1.75,open_meteo_era5_konya_2022_2023
konya,2023-01-24,-2.4,11.9,0.0,1.74,open_meteo_era5_konya_2022_2023
konya,2023-01-25,-2.7,8.1,0.0,1.53,open_meteo_era5_konya_2022_2023
konya,2023-01-26,-3.2,10.1,0.1,1.51,open_meteo_era5_konya_2022_2023
konya,2023-01-27,2.1,13.6,2.2,2.78,open_meteo_era5_konya_2022_2023
konya,2023-01-28,-0.2,9.0,1.9,1.4,open_meteo_era5_konya_2022_2023
konya,2023-01-29,0.6,7.6,2.0,1.27,open_meteo_era5_konya_2022_2023
konya,2023-01-30,-0.3,5.2,0.3,1.1,open_meteo_era5_konya_2022_2023
konya,2023-01-31,-2.3,0.2,2.3,0.88,open_meteo_era5_konya_2022_2023
konya,2023-02-01,-4.2,0.2,0.2,0.98,open_meteo_era5_konya_2022_2023
konya,2023-02-02,-5.8,3.1,0.0,1.5,open_meteo_era5_konya_2022_2023
konya,2023-02-03,-6.2,6.6,0.0,1.79,open_meteo_era5_konya_2022_2023
konya,2023-02-04,-3.1,2.7,0.8,1.31,open_meteo_era5_konya_2022_2023
konya,2023-02-05,-3.9,2.5,6.7,1.05,open_meteo_era5_konya_2022_2023
konya,2023-02-06,-2.7,-1.3,13.6,0.67,open_meteo_era5_konya_2022_2023
konya,2023-02-07,-6.5,-2.5,0.2,1.12,open_meteo_era5_konya_2022_2023
konya,2023-02-08,-14.2,-4.5,0.0,1.09,open_meteo_era5_konya_2022_2023
konya,2023-02-09,-14.6,-3.3,0.0,0.89,open_meteo_era5_konya_2022_2023
konya,2023-02-10,-12.0,-3.6,0.0,1.03,open_meteo_era5_konya_2022_2023
konya,2023-02-11,-10.6,-3.5,0.0,1.06,open_meteo_era5_konya_2022_2023
konya,2023-02-12,-11.3,-2.9,0.0,1.16,open_meteo_era5_konya_2022_2023
konya,2023-02-13,-11.7,-1.5,0.0,1.27,open_meteo_era5_konya_2022_2023
konya,2023-02-14,-9.2,0.0,0.0,1.51,open_meteo_era5_konya_2022_2023
konya,2023-02-15,-7.8,1.1,0.0,1.33,open_meteo_era5_konya_2022_2023
konya,2023-02-16,-5.4,1.4,0.0,1.46,open_meteo_era5_konya_2022_2023
konya,2023-02-17,-7.8,7.2,0.0,1.89,open_meteo_era5_konya_2022_2023
konya,2023-02-18,-4.5,11.0,0.0,2.3,open_meteo_era5_konya_2022_2023
konya,2023-02-19,-1.4,13.8,0.0,2.5,open_meteo_era5_konya_2022_2023
konya,2023-02-20,-0.4,11.7,0.0,2.21,open_meteo_era5_konya_2022_2023
konya,2023-02-21,-1.5,10.6,0.0,2.29,open_meteo_era5_konya_2022_2023
konya,2023-02-22,-1.6,14.4,0.0,2.43,open_meteo_era5_konya_2022_2023
konya,2023-02-23,0.1,13.6,0.0,2.47,open_meteo_era5_konya_2022_2023
konya,2023-02-24,0.7,13.9,0.0,2.4,open_meteo_era5_konya_2022_2023
konya,2023-02-25,2.1,14.4,0.0,2.68,open_meteo_era5_konya_2022_2023
konya,2023-02-26,2.9,15.9,0.0,2.9,open_meteo_era5_konya_2022_2023
konya,2023-02-27,2.4,19.2,0.0,3.05,open_meteo_era5_konya_2022_2023
konya,2023-02-28,5.3,19.8,0.0,3.2,open_meteo_era5_konya_2022_2023
konya,2023-03-01,6.4,21.3,0.0,3.26,open_meteo_era5_konya_2022_2023
konya,2023-03-02,4.5,19.2,0.0,3.39,open_meteo_era5_konya_2022_2023
konya,2023-03-03,6.4,19.2,0.0,3.6,open_meteo_era5_konya_2022_2023
konya,2023-03-04,3.6,18.1,0.5,3.27,open_meteo_era5_konya_2022_2023
konya,2023-03-05,5.7,17.5,0.4,3.32,open_meteo_era5_konya_2022_2023
konya,2023-03-06,1.7,11.6,0.7,2.48,open_meteo_era5_konya_2022_2023
konya,2023-03-07,0.6,13.6,0.0,2.56,open_meteo_era5_konya_2022_2023
konya,2023-03-08,3.9,14.7,1.3,2.69,open_meteo_era5_konya_2022_2023
konya,2023-03-09,2.8,16.8,0.1,3.25,open_meteo_era5_konya_2022_2023
konya,2023-03-10,4.6,17.4,0.0,3.28,open_meteo_era5_konya_2022_2023
konya,2023-03-11,6.8,16.7,0.0,4.18,open_meteo_era5_konya_2022_2023
konya,2023-03-12,6.2,12.3,16.4,1.69,open_meteo_era5_konya_2022_2023
konya,2023-03-13,1.2,5.7,13.8,0.49,open_meteo_era5_konya_2022_2023
konya,2023-03-14,0.9,7.8,0.0,1.66,open_meteo_era5_konya_2022_2023
konya,2023-03-15,2.9,13.1,0.1,2.27,open_meteo_era5_konya_2022_2023
konya,2023-03-16,3.5,13.2,1.0,2.64,open_meteo_era5_konya_2022_2023
konya,2023-03-17,2.2,7.3,12.6,0.93,open_meteo_era5_konya_2022_2023
konya,2023-03-18,3.6,7.9,4.9,1.33,open_meteo_era5_konya_2022_2023
konya,2023-03-19,3.6,5.6,11.5,0.87,open_meteo_era5_konya_2022_2023
konya,2023-03-20,4.4,11.0,1.3,1.76,open_meteo_era5_konya_2022_2023
konya,2023-03-21,1.6,14.0,0.0,3.28,open_meteo_era5_konya_2022_2023
konya,2023-03-22,3.8,13.4,1.0,2.38,open_meteo_era5_konya_2022_2023
konya,2023-03-23,3.9,14.6,3.3,3.03,open_meteo_era5_konya_2022_2023
konya,2023-03-24,5.3,13.9,0.5,2.84,open_meteo_era5_konya_2022_2023
konya,2023-03-25,3.9,15.7,0.0,3.34,open_meteo_era5_konya_2022_2023
konya,2023-03-26,3.5,17.8,0.4,3.69,open_meteo_era5_konya_2022_2023
konya,2023-03-27,5.9,19.2,0.0,4.04,open_meteo_era5_konya_2022_2023
konya,2023-03-28,6.2,13.7,0.6,3.59,open_meteo_era5_konya_2022_2023
konya,2023-03-29,-2.3,6.2,6.7,1.65,open_meteo_era5_konya_2022_2023
konya,2023-03-30,-3.7,3.0,0.0,2.21,open_meteo_era5_konya_2022_2023
konya,2023-03-31,-4.0,8.1,0.0,2.91,open_meteo_era5_konya_2022_2023
konya,2023-04-01,1.5,17.3,0.0,3.94,open_meteo_era5_konya_2022_2023
konya,2023-04-02,6.5,16.3,0.0,2.95,open_meteo_era5_konya_2022_2023
konya,2023-04-03,7.2,21.0,0.0,4.3,open_meteo_era5_konya_2022_2023
konya,2023-04-04,7.2,20.6,0.4,4.93,open_meteo_era5_konya_2022_2023
konya,2023-04-05,5.6,14.7,0.3,3.43,open_meteo_era5_konya_2022_2023
konya,2023-04-06,4.4,14.2,1.0,3.49,open_meteo_era5_konya_2022_2023
konya,2023-04-07,2.8,11.0,1.0,2.92,open_meteo_era5_konya_2022_2023
konya,2023-04-08,1.6,12.7,0.3,2.96,open_meteo_era5_konya_2022_2023
konya,2023-04-09,5.7,17.5,2.9,3.11,open_meteo_era5_konya_2022_2023
konya,2023-04-10,6.2,15.7,4.2,2.83,open_meteo_era5_konya_2022_2023
konya,2023-04-11,3.5,12.3,2.0,2.54,open_meteo_era5_konya_2022_2023
konya,2023-04-12,3.2,10.7,5.5,2.87,open_meteo_era5_konya_2022_2023
konya,2023-04-13,3.9,12.4,0.5,2.76,open_meteo_era5_konya_2022_2023
konya,2023-04-14,2.8,19.7,0.0,4.51,open_meteo_era5_konya_2022_2023
konya,2023-04-15,5.4,21.3,0.3,4.5,open_meteo_era5_konya_2022_2023
konya,2023-04-16,7.2,21.4,0.0,4.25,open_meteo_era5_konya_2022_2023
konya,2023-04-17,10.1,22.9,0.0,5.21,open_meteo_era5_konya_2022_2023
konya,2023-04-18,9.5,21.0,0.2,5.02,open_meteo_era5_konya_2022_2023
konya,2023-04-19,7.7,21.9,0.0,5.88,open_meteo_era5_konya_2022_2023
konya,2023-04-20,5.6,15.9,1.7,3.97,open_meteo_era5_konya_2022_2023
konya,2023-04-21,5.9,16.3,2.0,3.68,open_meteo_era5_konya_2022_2023
konya,2023-04-22,4.6,17.2,1.3,3.86,open_meteo_era5_konya_2022_2023
konya,2023-04-23,7.5,16.9,1.8,3.59,open_meteo_era5_konya_2022_2023
konya,2023-04-24,6.1,17.2,0.2,4.14,open_meteo_era5_konya_2022_2023
konya,2023-04-25,4.5,19.1,1.9,4.36,open_meteo_era5_konya_2022_2023
konya,2023-04-26,7.9,18.3,0.8,4.32,open_meteo_era5_konya_2022_2023
konya,2023-04-27,6.8,13.4,3.5,2.83,open_meteo_era5_konya_2022_2023
konya,2023-04-28,3.8,10.2,1.1,2.39,open_meteo_era5_konya_2022_2023
konya,2023-04-29,2.9,10.0,0.1,2.93,open_meteo_era5_konya_2022_2023
konya,2023-04-30,3.1,13.3,0.3,2.99,open_meteo_era5_konya_2022_2023
konya,2023-05-01,2.0,16.9,0.0,4.24,open_meteo_era5_konya_2022_2023
konya,2023-05-02,5.0,19.2,0.4,5.06,open_meteo_era5_konya_2022_2023
konya,2023-05-03,6.4,22.6,0.0,5.28,open_meteo_era5_konya_2022_2023
konya,2023-05-04,10.5,22.9,0.1,4.5,open_meteo_era5_konya_2022_2023
konya,2023-05-05,10.0,22.5,0.4,5.01,open_meteo_era5_konya_2022_2023
konya,2023-05-06,8.5,18.0,1.9,4.13,open_meteo_era5_konya_2022_2023
konya,2023-05-07,7.5,17.3,9.3,3.42,open_meteo_era5_konya_2022_2023
konya,2023-05-08,9.5,18.1,0.1,3.09,open_meteo_era5_konya_2022_2023
konya,2023-05-09,7.3,21.9,0.0,4.6,open_meteo_era5_konya_2022_2023
konya,2023-05-10,10.8,22.7,0.2,4.66,open_meteo_era5_konya_2022_2023
konya,2023-05-11,11.3,21.6,4.2,4.04,open_meteo_era5_konya_2022_2023
konya,2023-05-12,11.4,18.6,5.7,3.07,open_meteo_era5_konya_2022_2023
konya,2023-05-13,11.2,19.9,0.2,3.1,open_meteo_era5_konya_2022_2023
konya,2023-05-14,8.6,22.8,0.0,5.01,open_meteo_era5_konya_2022_2023
konya,2023-05-15,10.3,24.1,0.0,5.5,open_meteo_era5_konya_2022_2023
konya,2023-05-16,11.9,27.5,0.0,5.81,open_meteo_era5_konya_2022_2023
konya,2023-05-17,12.0,26.6,2.3,5.18,open_meteo_era5_konya_2022_2023
konya,2023-05-18,10.1,22.8,0.0,5.47,open_meteo_era5_konya_2022_2023
konya,2023-05-19,11.0,19.3,6.7,3.58,open_meteo_era5_konya_2022_2023
konya,2023-05-20,10.1,18.7,3.6,3.48,open_meteo_era5_konya_2022_2023
konya,2023-05-21,8.5,20.7,0.6,4.29,open_meteo_era5_konya_2022_2023
konya,2023-05-22,10.2,20.6,3.4,3.59,open_meteo_era5_konya_2022_2023
konya,2023-05-23,10.6,20.6,0.3,4.38,open_meteo_era5_konya_2022_2023
konya,2023-05-24,8.5,20.2,2.6,4.2,open_meteo_era5_konya_2022_2023
konya,2023-05-25,8.8,21.4,1.6,4.28,open_meteo_era5_konya_2022_2023
konya,2023-05-26,10.2,22.4,3.3,4.35,open_meteo_era5_konya_2022_2023
konya,2023-05-27,9.2,23.6,0.6,5.07,open_meteo_era5_konya_2022_2023
konya,2023-05-28,11.1,19.0,2.7,3.28,open_meteo_era5_konya_2022_2023
konya,2023-05-29,10.6,20.1,1.4,3.73,open_meteo_era5_konya_2022_2023
konya,2023-05-30,11.3,19.0,1.3,3.55,open_meteo_era5_konya_2022_2023
konya,2023-05-31,10.2,21.7,3.2,3.91,open_meteo_era5_konya_2022_2023
konya,2023-06-01,11.0,23.5,2.0,4.54,open_meteo_era5_konya_2022_2023
konya,2023-06-02,11.5,19.7,3.0,3.22,open_meteo_era5_konya_2022_2023
konya,2023-06-03,14.0,23.5,1.0,4.7,open_meteo_era5_konya_2022_2023
konya,2023-06-04,12.5,20.3,7.7,3.25,open_meteo_era5_konya_2022_2023
konya,2023-06-05,12.9,19.5,11.2,2.95,open_meteo_era5_konya_2022_2023
konya,2023-06-06,13.9,22.4,0.7,3.75,open_meteo_era5_konya_2022_2023
konya,2023-06-07,13.2,26.3,0.0,5.99,open_meteo_era5_konya_2022_2023
konya,2023-06-08,12.7,27.9,0.4,5.62,open_meteo_era5_konya_2022_2023
konya,2023-06-09,14.3,27.9,1.7,5.63,open_meteo_era5_konya_2022_2023
konya,2023-06-10,13.5,24.8,1.3,4.52,open_meteo_era5_konya_2022_2023
konya,2023-06-11,14.7,23.1,10.0,3.62,open_meteo_era5_konya_2022_2023
konya,2023-06-12,12.5,19.3,6.2,2.93,open_meteo_era5_konya_2022_2023
konya,2023-06-13,11.9,21.5,8.7,3.66,open_meteo_era5_konya_2022_2023
konya,2023-06-14,12.4,20.2,9.5,3.75,open_meteo_era5_konya_2022_2023
konya,2023-06-15,11.9,25.8,0.0,5.17,open_meteo_era5_konya_2022_2023
konya,2023-06-16,13.9,27.1,1.7,5.19,open_meteo_era5_konya_2022_2023
konya,2023-06-17,14.3,27.6,0.0,6.24,open_meteo_era5_konya_2022_2023
konya,2023-06-18,12.5,25.6,1.4,4.7,open_meteo_era5_konya_2022_2023
konya,2023-06-19,14.4,22.5,5.0,4.57,open_meteo_era5_konya_2022_2023
konya,2023-06-20,14.3,22.7,0.1,4.65,open_meteo_era5_konya_2022_2023
konya,2023-06-21,14.1,20.9,2.5,4.22,open_meteo_era5_konya_2022_2023
konya,2023-06-22,14.5,22.7,0.0,5.45,open_meteo_era5_konya_2022_2023
konya,2023-06-23,14.5,24.4,0.0,6.46,open_meteo_era5_konya_2022_2023
konya,2023-06-24,13.0,27.4,0.0,6.84,open_meteo_era5_konya_2022_2023
konya,2023-06-25,12.8,31.2,0.0,6.61,open_meteo_era5_konya_2022_2023
konya,2023-06-26,14.8,30.2,0.3,6.45,open_meteo_era5_konya_2022_2023
konya,2023-06-27,16.8,28.0,0.1,5.93,open_meteo_era5_konya_2022_2023
konya,2023-06-28,17.0,30.2,0.1,5.91,open_meteo_era5_konya_2022_2023
konya,2023-06-29,15.9,29.3,0.1,6.03,open_meteo_era5_konya_2022_2023
konya,2023-06-30,16.5,27.2,0.0,5.69,open_meteo_era5_konya_2022_2023
konya,2023-07-01,14.7,29.0,0.0,6.75,open_meteo_era5_konya_2022_2023
konya,2023-07-02,14.1,32.0,0.0,6.86,open_meteo_era5_konya_2022_2023
konya,2023-07-03,16.6,33.4,0.0,7.15,open_meteo_era5_konya_2022_2023
konya,2023-07-04,17.2,32.8,0.0,7.08,open_meteo_era5_konya_2022_2023
konya,2023-07-05,19.7,33.2,0.0,7.75,open_meteo_era5_konya_2022_2023
konya,2023-07-06,19.4,33.3,0.0,7.7,open_meteo_era5_konya_2022_2023
konya,2023-07-07,21.0,31.4,3.2,6.67,open_meteo_era5_konya_2022_2023
konya,2023-07-08,17.1,28.4,0.5,6.46,open_meteo_era5_konya_2022_2023
konya,2023-07-09,15.9,23.2,0.3,4.6,open_meteo_era5_konya_2022_2023
konya,2023-07-10,15.9,23.8,0.0,5.27,open_meteo_era5_konya_2022_2023
konya,2023-07-11,14.0,25.5,0.0,6.74,open_meteo_era5_konya_2022_2023
konya,2023-07-12,13.3,29.3,0.0,6.98,open_meteo_era5_konya_2022_2023
konya,2023-07-13,17.9,31.4,0.0,7.45,open_meteo_era5_konya_2022_2023
konya,2023-07-14,18.7,32.4,0.0,8.01,open_meteo_era5_konya_2022_2023
konya,2023-07-15,21.3,32.5,0.0,8.4,open_meteo_era5_konya_2022_2023
konya,2023-07-16,20.2,29.5,0.0,7.93,open_meteo_era5_konya_2022_2023
konya,2023-07-17,17.8,28.8,0.0,7.71,open_meteo_era5_konya_2022_2023
konya,2023-07-18,17.0,29.4,0.0,7.67,open_meteo_era5_konya_2022_2023
konya,2023-07-19,17.0,29.4,0.0,7.6,open_meteo_era5_konya_2022_2023
konya,2023-07-20,16.7,31.4,0.0,7.15,open_meteo_era5_konya_2022_2023
konya,2023-07-21,17.6,33.3,0.0,7.76,open_meteo_era5_konya_2022_2023
konya,2023-07-22,20.8,33.0,0.0,8.16,open_meteo_era5_konya_2022_2023
konya,2023-07-23,21.8,33.3,0.0,8.64,open_meteo_era5_konya_2022_2023
konya,2023-07-24,21.6,30.1,0.0,7.97,open_meteo_era5_konya_2022_2023
konya,2023-07-25,18.6,29.2,0.0,7.25,open_meteo_era5_konya_2022_2023
konya,2023-07-26,16.6,33.3,0.0,6.78,open_meteo_era5_konya_2022_2023
konya,2023-07-27,18.6,36.9,0.1,7.6,open_meteo_era5_konya_2022_2023
konya,2023-07-28,17.7,28.5,0.0,6.45,open_meteo_era5_konya_2022_2023
konya,2023-07-29,15.6,30.1,0.0,6.91,open_meteo_era5_konya_2022_2023
konya,2023-07-30,17.8,30.1,0.0,7.22,open_meteo_era5_konya_2022_2023
konya,2023-07-31,17.3,31.5,0.0,6.68,open_meteo_era5_konya_2022_2023
konya,2023-08-01,16.9,33.5,0.2,6.34,open_meteo_era5_konya_2022_2023
konya,2023-08-02,18.0,34.0,0.0,6.15,open_meteo_era5_konya_2022_2023
konya,2023-08-03,20.4,35.2,0.0,7.28,open_meteo_era5_konya_2022_2023
konya,2023-08-04,21.1,33.7,0.0,7.57,open_meteo_era5_konya_2022_2023
konya,2023-08-05,19.4,35.0,0.0,6.94,open_meteo_era5_konya_2022_2023
konya,2023-08-06,20.2,37.0,0.0,7.71,open_meteo_era5_konya_2022_2023
konya,2023-08-07,19.6,36.0,0.0,6.27,open_meteo_era5_konya_2022_2023
konya,2023-08-08,21.4,37.2,0.0,7.18,open_meteo_era5_konya_2022_2023
konya,2023-08-09,21.1,33.6,0.0,6.39,open_meteo_era5_konya_2022_2023
konya,2023-08-10,21.6,36.0,0.0,6.47,open_meteo_era5_konya_2022_2023
konya,2023-08-11,19.2,33.0,0.0,6.53,open_meteo_era5_konya_2022_2023
konya,2023-08-12,20.5,34.2,0.0,6.35,open_meteo_era5_konya_2022_2023
konya,2023-08-13,19.2,37.9,0.0,7.05,open_meteo_era5_konya_2022_2023
konya,2023-08-14,25.2,38.9,0.0,6.79,open_meteo_era5_konya_2022_2023
konya,2023-08-15,23.7,39.6,0.0,7.02,open_meteo_era5_konya_2022_2023
konya,2023-08-16,23.4,38.7,0.0,7.61,open_meteo_era5_konya_2022_2023
konya,2023-08-17,22.9,37.8,0.0,7.08,open_meteo_era5_konya_2022_2023
konya,2023-08-18,21.3,38.3,0.0,7.58,open_meteo_era5_konya_2022_2023
konya,2023-08-19,21.3,37.4,0.0,8.15,open_meteo_era5_konya_2022_2023
konya,2023-08-20,21.8,35.8,0.0,7.48,open_meteo_era5_konya_2022_2023
konya,2023-08-21,20.6,34.7,0.0,7.13,open_meteo_era5_konya_2022_2023
konya,2023-08-22,20.3,32.4,0.0,7.27,open_meteo_era5_konya_2022_2023
konya,2023-08-23,18.6,32.1,0.0,6.77,open_meteo_era5_konya_2022_2023
konya,2023-08-24,16.2,33.9,0.0,6.36,open_meteo_era5_konya_2022_2023
konya,2023-08-25,18.5,33.5,0.0,6.58,open_meteo_era5_konya_2022_2023
konya,2023-08-26,19.3,31.8,0.0,6.69,open_meteo_era5_konya_2022_2023
konya,2023-08-27,17.3,32.1,0.0,5.72,open_meteo_era5_konya_2022_2023
konya,2023-08-28,19.2,29.5,2.2,5.24,open_meteo_era5_konya_2022_2023
konya,2023-08-29,17.8,29.6,0.0,5.91,open_meteo_era5_konya_2022_2023
konya,2023-08-30,16.4,34.3,0.0,6.18,open_meteo_era5_konya_2022_2023
konya,2023-08-31,18.0,34.3,0.0,6.46,open_meteo_era5_konya_2022_2023
konya,2023-09-01,17.2,32.0,0.0,5.82,open_meteo_era5_konya_2022_2023
konya,2023-09-02,17.5,31.1,5.3,5.68,open_meteo_era5_konya_2022_2023
konya,2023-09-03,17.3,24.0,3.4,3.33,open_meteo_era5_konya_2022_2023
konya,2023-09-04,16.2,25.1,2.8,3.33,open_meteo_era5_konya_2022_2023
konya,2023-09-05,15.5,30.1,0.0,4.79,open_meteo_era5_konya_2022_2023
konya,2023-09-06,15.3,30.5,0.0,5.4,open_meteo_era5_konya_2022_2023
konya,2023-09-07,18.4,30.5,0.0,5.78,open_meteo_era5_konya_2022_2023
konya,2023-09-08,17.8,27.7,0.0,4.62,open_meteo_era5_konya_2022_2023
konya,2023-09-09,17.0,28.7,0.8,5.29,open_meteo_era5_konya_2022_2023
konya,2023-09-10,15.8,24.7,0.0,5.66,open_meteo_era5_konya_2022_2023
konya,2023-09-11,13.2,21.6,0.0,4.78,open_meteo_era5_konya_2022_2023
konya,2023-09-12,11.6,23.3,0.0,5.35,open_meteo_era5_konya_2022_2023
konya,2023-09-13,11.2,23.0,0.0,4.97,open_meteo_era5_konya_2022_2023
konya,2023-09-14,10.5,23.6,0.0,5.0,open_meteo_era5_konya_2022_2023
konya,2023-09-15,10.0,25.1,0.0,4.94,open_meteo_era5_konya_2022_2023
konya,2023-09-16,10.3,25.9,0.0,5.17,open_meteo_era5_konya_2022_2023
konya,2023-09-17,13.0,24.1,0.0,4.94,open_meteo_era5_konya_2022_2023
konya,2023-09-18,12.8,22.9,0.0,4.73,open_meteo_era5_konya_2022_2023
konya,2023-09-19,12.1,24.1,0.0,4.42,open_meteo_era5_konya_2022_2023
konya,2023-09-20,10.0,26.7,0.0,4.68,open_meteo_era5_konya_2022_2023
konya,2023-09-21,11.0,28.0,0.0,4.75,open_meteo_era5_konya_2022_2023
konya,2023-09-22,13.2,29.7,0.0,4.94,open_meteo_era5_konya_2022_2023
konya,2023-09-23,14.1,29.1,0.0,5.0,open_meteo_era5_konya_2022_2023
konya,2023-09-24,13.4,29.1,0.0,5.05,open_meteo_era5_konya_2022_2023
konya,2023-09-25,14.2,29.8,0.0,5.06,open_meteo_era5_konya_2022_2023
konya,2023-09-26,14.9,28.3,0.0,4.79,open_meteo_era5_konya_2022_2023
konya,2023-09-27,13.1,29.1,0.0,4.49,open_meteo_era5_konya_2022_2023
konya,2023-09-28,14.4,26.5,0.8,4.58,open_meteo_era5_konya_2022_2023
konya,2023-09-29,13.0,26.0,0.0,3.45,open_meteo_era5_konya_2022_2023
konya,2023-09-30,13.5,23.0,5.2,2.96,open_meteo_era5_konya_2022_2023
konya,2023-10-01,12.4,17.2,7.5,1.97,open_meteo_era5_konya_2022_2023
konya,2023-10-02,12.9,19.0,2.1,2.22,open_meteo_era5_konya_2022_2023
konya,2023-10-03,11.4,18.6,0.0,2.9,open_meteo_era5_konya_2022_2023
konya,2023-10-04,8.6,19.7,0.0,3.32,open_meteo_era5_konya_2022_2023
konya,2023-10-05,6.9,21.4,0.0,3.39,open_meteo_era5_konya_2022_2023
konya,2023-10-06,7.4,22.0,0.0,3.59,open_meteo_era5_konya_2022_2023
konya,2023-10-07,8.4,21.6,0.0,3.5,open_meteo_era5_konya_2022_2023
konya,2023-10-08,7.2,24.5,0.0,3.45,open_meteo_era5_konya_2022_2023
konya,2023-10-09,10.9,22.8,0.0,3.62,open_meteo_era5_konya_2022_2023
konya,2023-10-10,8.8,22.4,0.0,3.44,open_meteo_era5_konya_2022_2023
konya,2023-10-11,10.5,19.6,0.0,3.65,open_meteo_era5_konya_2022_2023
konya,2023-10-12,7.9,19.7,0.0,3.06,open_meteo_era5_konya_2022_2023
konya,2023-10-13,6.8,23.1,0.0,3.12,open_meteo_era5_konya_2022_2023
konya,2023-10-14,8.9,23.4,0.0,3.33,open_meteo_era5_konya_2022_2023
konya,2023-10-15,9.0,20.7,0.8,2.57,open_meteo_era5_konya_2022_2023
konya,2023-10-16,7.5,22.8,0.0,3.28,open_meteo_era5_konya_2022_2023
konya,2023-10-17,8.2,22.1,0.0,2.8,open_meteo_era5_konya_2022_2023
konya,2023-10-18,9.5,20.9,3.9,2.55,open_meteo_era5_konya_2022_2023
konya,2023-10-19,8.5,17.8,0.2,2.1,open_meteo_era5_konya_2022_2023
konya,2023-10-20,6.4,23.3,0.0,3.05,open_meteo_era5_konya_2022_2023
konya,2023-10-21,7.8,25.2,0.0,3.21,open_meteo_era5_konya_2022_2023
konya,2023-10-22,9.0,25.3,0.0,3.2,open_meteo_era5_konya_2022_2023
konya,2023-10-23,9.2,25.0,0.0,3.26,open_meteo_era5_konya_2022_2023
konya,2023-10-24,9.5,25.5,0.0,3.23,open_meteo_era5_konya_2022_2023
konya,2023-10-25,9.6,26.9,0.0,4.15,open_meteo_era5_konya_2022_2023
konya,2023-10-26,11.5,25.2,0.0,3.61,open_meteo_era5_konya_2022_2023
konya,2023-10-27,11.0,26.0,0.0,3.83,open_meteo_era5_konya_2022_2023
konya,2023-10-28,10.3,25.6,0.0,3.54,open_meteo_era5_konya_2022_2023
konya,2023-10-29,8.7,25.0,0.0,2.79,open_meteo_era5_konya_2022_2023
konya,2023-10-30,10.6,23.8,0.0,2.4,open_meteo_era5_konya_2022_2023
konya,2023-10-31,11.5,23.8,0.0,2.52,open_meteo_era5_konya_2022_2023
konya,2023-11-01,10.8,21.7,0.0,2.52,open_meteo_era5_konya_2022_2023
konya,2023-11-02,9.2,20.9,0.0,2.47,open_meteo_era5_konya_2022_2023
konya,2023-11-03,9.8,22.4,0.0,2.62,open_meteo_era5_konya_2022_2023
konya,2023-11-04,10.0,25.6,0.0,2.76,open_meteo_era5_konya_2022_2023
konya,2023-11-05,10.1,23.1,0.0,3.35,open_meteo_era5_konya_2022_2023
konya,2023-11-06,9.7,23.7,0.0,2.59,open_meteo_era5_konya_2022_2023
konya,2023-11-07,8.1,21.5,0.0,2.47,open_meteo_era5_konya_2022_2023
konya,2023-11-08,8.0,22.6,0.0,2.31,open_meteo_era5_konya_2022_2023
konya,2023-11-09,7.3,21.6,0.5,2.18,open_meteo_era5_konya_2022_2023
konya,2023-11-10,7.5,19.8,0.0,1.92,open_meteo_era5_konya_2022_2023
konya,2023-11-11,9.3,23.1,0.0,3.06,open_meteo_era5_konya_2022_2023
konya,2023-11-12,10.1,20.7,0.0,2.73,open_meteo_era5_konya_2022_2023
konya,2023-11-13,8.9,20.3,0.0,2.68,open_meteo_era5_konya_2022_2023
konya,2023-11-14,7.4,12.1,3.8,0.68,open_meteo_era5_konya_2022_2023
konya,2023-11-15,4.5,19.4,0.0,2.11,open_meteo_era5_konya_2022_2023
konya,2023-11-16,5.3,18.0,0.9,2.15,open_meteo_era5_konya_2022_2023
konya,2023-11-17,2.6,14.5,0.0,1.81,open_meteo_era5_konya_2022_2023
konya,2023-11-18,4.6,15.9,11.0,1.88,open_meteo_era5_konya_2022_2023
konya,2023-11-19,0.8,6.8,0.0,1.41,open_meteo_era5_konya_2022_2023
konya,2023-11-20,-0.4,8.6,0.0,1.53,open_meteo_era5_konya_2022_2023
konya,2023-11-21,0.1,11.9,0.0,1.72,open_meteo_era5_konya_2022_2023
konya,2023-11-22,3.2,14.7,0.0,1.63,open_meteo_era5_konya_2022_2023
konya,2023-11-23,4.1,16.2,0.0,1.55,open_meteo_era5_konya_2022_2023
konya,2023-11-24,3.9,17.6,0.0,1.99,open_meteo_era5_konya_2022_2023
konya,2023-11-25,7.2,12.9,4.8,1.58,open_meteo_era5_konya_2022_2023
konya,2023-11-26,2.5,14.3,7.2,2.07,open_meteo_era5_konya_2022_2023
konya,2023-11-27,-3.0,5.4,0.1,1.28,open_meteo_era5_konya_2022_2023
konya,2023-11-28,-4.0,7.9,0.0,1.48,open_meteo_era5_konya_2022_2023
konya,2023-11-29,3.1,10.1,0.0,1.3,open_meteo_era5_konya_2022_2023
konya,2023-11-30,5.6,14.8,0.0,1.45,open_meteo_era5_konya_2022_2023
konya,2023-12-01,4.8,17.1,0.0,1.65,open_meteo_era5_konya_2022_2023
konya,2023-12-02,4.3,16.8,0.0,1.56,open_meteo_era5_konya_2022_2023
konya,2023-12-03,4.2,17.0,0.0,1.47,open_meteo_era5_konya_2022_2023
konya,2023-12-04,4.4,15.3,0.0,1.38,open_meteo_era5_konya_2022_2023
konya,2023-12-05,4.5,14.9,0.0,1.43,open_meteo_era5_konya_2022_2023
konya,2023-12-06,3.8,12.4,0.1,1.24,open_meteo_era5_konya_2022_2023
konya,2023-12-07,3.5,12.7,0.1,1.23,open_meteo_era5_konya_2022_2023
konya,2023-12-08,4.7,8.6,7.6,0.55,open_meteo_era5_konya_2022_2023
konya,2023-12-09,0.9,9.7,0.4,1.24,open_meteo_era5_konya_2022_2023
konya,2023-12-10,0.3,8.4,0.0,0.92,open_meteo_era5_konya_2022_2023
konya,2023-12-11,1.8,5.9,14.3,0.39,open_meteo_era5_konya_2022_2023
konya,2023-12-12,2.5,11.1,0.0,1.18,open_meteo_era5_konya_2022_2023
konya,2023-12-13,0.5,9.7,0.0,1.2,open_meteo_era5_konya_2022_2023
konya,2023-12-14,0.1,14.8,0.0,1.53,open_meteo_era5_konya_2022_2023
konya,2023-12-15,3.8,15.6,0.0,1.41,open_meteo_era5_konya_2022_2023
konya,2023-12-16,5.8,14.9,0.0,1.24,open_meteo_era5_konya_2022_2023
konya,2023-12-17,0.1,6.8,0.8,0.54,open_meteo_era5_konya_2022_2023
konya,2023-12-18,-2.0,6.5,0.0,1.15,open_meteo_era5_konya_2022_2023
konya,2023-12-19,-2.4,9.0,0.0,1.2,open_meteo_era5_konya_2022_2023
konya,2023-12-20,-0.2,11.4,0.0,1.38,open_meteo_era5_konya_2022_2023
konya,2023-12-21,2.7,9.2,1.0,0.93,open_meteo_era5_konya_2022_2023
konya,2023-12-22,2.4,10.7,0.7,1.19,open_meteo_era5_konya_2022_2023
konya,2023-12-23,1.1,10.8,0.1,1.44,open_meteo_era5_konya_2022_2023
konya,2023-12-24,0.9,12.6,0.0,1.76,open_meteo_era5_konya_2022_2023
konya,2023-12-25,-0.1,15.1,0.0,1.61,open_meteo_era5_konya_2022_2023
konya,2023-12-26,0.4,15.5,0.0,1.58,open_meteo_era5_konya_2022_2023
konya,2023-12-27,1.0,14.3,0.0,1.54,open_meteo_era5_konya_2022_2023
konya,2023-12-28,0.9,12.1,0.0,1.36,open_meteo_era5_konya_2022_2023
konya,2023-12-29,-0.2,12.6,0.0,1.32,open_meteo_era5_konya_2022_2023
konya,2023-12-30,-0.6,13.7,0.0,1.36,open_meteo_era5_konya_2022_2023
konya,2023-12-31,0.4,11.8,0.0,1.32,open_meteo_era5_konya_2022_2023
seyhan_adana,2022-01-01,8.4,17.3,0.0,2.05,open_meteo_era5_seyhan_adana_2022_2023
seyhan_adana,2022-01-02,7.0,16.2,0.0,1.48,open_meteo_era5_seyhan_adana_2022_2023
seyhan_adana,2022-01-03,5.2,15.8,0.0,1.81,open_meteo_era5_seyhan_adana_2022_2023
seyhan_adana,2022-01-04,6.6,15.4,0.0,1.36,open_meteo_era5_seyhan_adana_2022_2023
seyhan_adana,2022-01-05,7.3,17.5,0.0,1.7,open_meteo_era5_seyhan_adana_2022_2023
seyhan_adana,2022-01-06,10.7,17.1,0.1,1.35,open_meteo_era5_seyhan_adana_2022_2023
seyhan_adana,2022-01-07,10.8,19.0,0.0,1.65,open_meteo_era5_seyhan_adana_2022_2023
seyhan_adana,2022-01-08,10.0,20.5,0.0,2.62,open_meteo_era5_seyhan_adana_2022_2023
seyhan_adana,2022-01-09,12.5,18.6,14.2,2.59,open_meteo_era5_seyhan_adana_2022_2023
seyhan_adana,2022-01-10,10.4,12.7,33.0,0.57,open_meteo_era5_seyhan_adana_2022_2023
seyhan_adana,2022-01-11,10.9,11.8,43.3,0.56,open_meteo_era5_seyhan_adana_2022_2023
seyhan_adana,2022-01-12,9.0,12.2,31.4,0.72,open_meteo_era5_seyhan_adana_2022_2023
seyhan_adana,2022-01-13,8.3,15.2,0.2,1.65,open_meteo_era5_seyhan_adana_2022_2023
seyhan_adana,2022-01-14,3.9,15.0,0.0,2.25,open_meteo_era5_seyhan_adana_2022_2023
seyhan_adana,2022-01-15,2.5,13.6,0.0,2.33,open_meteo_era5_seyhan_adana_2022_2023
seyhan_adana,2022-01-16,1.3,10.3,0.0,2.41,open_meteo_era5_seyhan_adana_2022_2023
seyhan_adana,2022-01-17,0.1,10.8,0.0,1.75,open_meteo_era5_seyhan_adana_2022_2023
seyhan_adana,2022-01-18,2.9,6.2,15.4,0.68,open_meteo_era5_seyhan_adana_2022_2023
seyhan_adana,2022-01-19,1.7,8.2,0.5,1.81,open_meteo_era5_seyhan_adana_2022_2023
seyhan_adana,2022-01-20,0.2,9.9,0.0,1.77,open_meteo_era5_seyhan_adana_2022_2023
seyhan_adana,2022-01-21,-0.2,9.3,0.1,1.56,open_meteo_era5_seyhan_adana_2022_2023
seyhan_adana,2022-01-22,3.6,6.8,30.9,0.81,open_meteo_era5_seyhan_adana_2022_2023
seyhan_adana,2022-01-23,1.8,10.6,11.1,1.39,open_meteo_era5_seyhan_adana_2022_2023
seyhan_adana,2022-01-24,-0.4,10.0,0.0,1.86,open_meteo_era5_seyhan_adana_2022_2023
seyhan_adana,2022-01-25,0.5,5.9,25.8,1.13,open_meteo_era5_seyhan_adana_2022_2023
seyhan_adana,2022-01-26,2.4,9.1,5.7,0.86,open_meteo_era5_seyhan_adana_2022_2023
seyhan_adana,2022-01-27,1.1,12.2,0.0,2.2,open_meteo_era5_seyhan_adana_2022_2023
seyhan_adana,2022-01-28,-0.3,10.6,0.0,2.05,open_meteo_era5_seyhan_adana_2022_2023
seyhan_adana,2022-01-29,0.4,11.7,0.0,2.1,open_meteo_era5_seyhan_adana_2022_2023
seyhan_adana,2022-01-30,6.0,11.0,2.2,1.8,open_meteo_era5_seyhan_adana_2022_2023
seyhan_adana,2022-01-31,6.6,9.2,21.0,0.92,open_meteo_era5_seyhan_adana_2022_2023
seyhan_adana,2022-02-01,6.7,11.7,7.1,1.2,open_meteo_era5_seyhan_adana_2022_2023
seyhan_adana,2022-02-02,8.5,15.3,1.3,1.89,open_meteo_era5_seyhan_adana_2022_2023
seyhan_adana,2022-02-03,9.2,17.2,11.4,2.72,open_meteo_era5_seyhan_adana_2022_2023
seyhan_adana,2022-02-04,5.5,13.4,2.8,1.37,open_meteo_era5_seyhan_adana_2022_2023
seyhan_adana,2022-02-05,4.4,15.0,0.0,2.07,open_meteo_era5_seyhan_adana_2022_2023
seyhan_adana,2022-02-06,3.8,13.9,0.0,1.47,open_meteo_era5_seyhan_adana_2022_2023
seyhan_adana,2022-02-07,3.7,15.2,0.0,1.88,open_meteo_era5_seyhan_adana_2022_2023
seyhan_adana,2022-02-08,9.8,13.4,12.0,1.36,open_meteo_era5_seyhan_adana_2022_2023
seyhan_adana,2022-02-09,7.3,12.1,50.4,0.87,open_meteo_era5_seyhan_adana_2022_2023
seyhan_adana,2022-02-10,5.1,15.2,1.1,2.22,open_meteo_era5_seyhan_adana_2022_2023
seyhan_adana,2022-02-11,4.0,17.7,0.0,2.52,open_meteo_era5_seyhan_adana_2022_2023
seyhan_adana,2022-02-12,3.4,16.1,0.0,2.27,open_meteo_era5_seyhan_adana_2022_2023
seyhan_adana,2022-02-13,3.0,16.6,0.0,2.12,open_meteo_era5_seyhan_adana_2022_2023
seyhan_adana,2022-02-14,7.4,16.3,0.4,2.05,open_meteo_era5_seyhan_adana_2022_2023
seyhan_adana,2022-02-15,6.1,16.9,0.0,2.37,open_meteo_era5_seyhan_adana_2022_2023
seyhan_adana,2022-02-16,5.4,16.7,0.0,2.63,open_meteo_era5_seyhan_adana_2022_2023
seyhan_adana,2022-02-17,4.0,15.3,0.0,2.1,open_meteo_era5_seyhan_adana_2022_2023
seyhan_adana,2022-02-18,3.3,17.5,0.0,2.55,open_meteo_era5_seyhan_adana_2022_2023
seyhan_adana,2022-02-19,8.3,19.7,0.0,3.34,open_meteo_era5_seyhan_adana_2022_2023
seyhan_adana,2022-02-20,7.1,20.0,0.0,3.06,open_meteo_era5_seyhan_adana_2022_2023
seyhan_adana,2022-02-21,9.2,17.6,0.5,1.69,open_meteo_era5_seyhan_adana_2022_2023
seyhan_adana,2022-02-22,11.3,16.1,2.9,1.22,open_meteo_era5_seyhan_adana_2022_2023
seyhan_adana,2022-02-23,10.6,22.0,0.0,3.61,open_meteo_era5_seyhan_adana_2022_2023
seyhan_adana,2022-02-24,11.4,19.7,16.9,2.84,open_meteo_era5_seyhan_adana_2022_2023
seyhan_adana,2022-02-25,8.6,15.6,5.6,1.83,open_meteo_era5_seyhan_adana_2022_2023
seyhan_adana,2022-02-26,7.2,16.7,0.3,2.04,open_meteo_era5_seyhan_adana_2022_2023
seyhan_adana,2022-02-27,9.9,17.3,0.3,1.89,open_meteo_era5_seyhan_adana_2022_2023
seyhan_adana,2022-02-28,9.9,16.3,2.9,1.63,open_meteo_era5_seyhan_adana_2022_2023
seyhan_adana,2022-03-01,11.3,15.4,5.6,1.14,open_meteo_era5_seyhan_adana_2022_2023
seyhan_adana,2022-03-02,11.5,15.4,11.5,0.86,open_meteo_era5_seyhan_adana_2022_2023
seyhan_adana,2022-03-03,8.1,13.6,22.7,1.57,open_meteo_era5_seyhan_adana_2022_2023
seyhan_adana,2022-03-04,6.9,13.5,0.0,2.84,open_meteo_era5_seyhan_adana_2022_2023
seyhan_adana,2022-03-05,5.8,16.1,0.0,2.65,open_meteo_era5_seyhan_adana_2022_2023
seyhan_adana,2022-03-06,8.4,14.7,0.1,1.78,open_meteo_era5_seyhan_adana_2022_2023
seyhan_adana,2022-03-07,7.6,17.0,5.4,2.65,open_meteo_era5_seyhan_adana_2022_2023
seyhan_adana,2022-03-08,10.0,17.5,2.0,2.13,open_meteo_era5_seyhan_adana_2022_2023
seyhan_adana,2022-03-09,8.5,15.1,8.8,1.81,open_meteo_era5_seyhan_adana_2022_2023
seyhan_adana,2022-03-10,7.8,14.7,9.9,2.07,open_meteo_era5_seyhan_adana_2022_2023
seyhan_adana,2022-03-11,4.7,12.6,2.7,2.42,open_meteo_era5_seyhan_adana_2022_2023
seyhan_adana,2022-03-12,3.2,11.0,0.8,2.79,open_meteo_era5_seyhan_adana_2022_2023
seyhan_adana,2022-03-13,2.3,8.6,0.5,2.28,open_meteo_era5_seyhan_adana_2022_2023
seyhan_adana,2022-03-14,0.7,12.6,0.0,3.36,open_meteo_era5_seyhan_adana_2022_2023
seyhan_adana,2022-03-15,2.5,11.5,0.0,3.35,open_meteo_era5_seyhan_adana_2022_2023
seyhan_adana,2022-03-16,0.7,13.8,0.0,3.22,open_meteo_era5_seyhan_adana_2022_2023
seyhan_adana,2022-03-17,5.6,13.2,1.0,2.13,open_meteo_era5_seyhan_adana_2022_2023
seyhan_adana,2022-03-18,5.9,12.8,0.9,2.65,open_meteo_era5_seyhan_adana_2022_2023
seyhan_adana,2022-03-19,2.2,9.4,0.0,3.22,open_meteo_era5_seyhan_adana_2022_2023
seyhan_adana,2022-03-20,0.5,12.0,0.0,3.32,open_meteo_era5_seyhan_adana_2022_2023
seyhan_adana,2022-03-21,3.2,13.3,0.0,3.52,open_meteo_era5_seyhan_adana_2022_2023
seyhan_adana,2022-03-22,3.5,14.9,0.3,3.36,open_meteo_era5_seyhan_adana_2022_2023
seyhan_adana,2022-03-23,2.3,16.3,0.0,3.51,open_meteo_era5_seyhan_adana_2022_2023
seyhan_adana,2022-03-24,6.1,15.6,0.2,3.14,open_meteo_era5_seyhan_adana_2022_2023
seyhan_adana,2022-03-25,5.1,16.5,0.1,3.54,open_meteo_era5_seyhan_adana_2022_2023
seyhan_adana,2022-03-26,5.8,16.9,3.7,2.95,open_meteo_era5_seyhan_adana_2022_2023
seyhan_adana,2022-03-27,3.8,17.1,0.0,3.67,open_meteo_era5_seyhan_adana_2022_2023
seyhan_adana,2022-03-28,4.6,20.5,0.0,3.9,open_meteo_era5_seyhan_adana_2022_2023
seyhan_adana,2022-03-29,7.1,21.8,0.0,3.84,open_meteo_era5_seyhan_adana_2022_2023
seyhan_adana,2022-03-30,10.0,24.3,0.0,4.82,open_meteo_era5_seyhan_adana_2022_2023
seyhan_adana,2022-03-31,8.9,23.0,0.0,4.16,open_meteo_era5_seyhan_adana_2022_2023
seyhan_adana,2022-04-01,10.3,28.3,0.0,5.36,open_meteo_era5_seyhan_adana_2022_2023
seyhan_adana,2022-04-02,13.3,30.4,0.0,5.64,open_meteo_era5_seyhan_adana_2022_2023
seyhan_adana,2022-04-03,12.1,23.6,0.0,4.1,open_meteo_era5_seyhan_adana_2022_2023
seyhan_adana,2022-04-04,12.7,22.6,0.0,3.8,open_meteo_era5_seyhan_adana_2022_2023
seyhan_adana,2022-04-05,11.7,23.2,0.0,3.55,open_meteo_era5_seyhan_adana_2022_2023
seyhan_adana,2022-04-06,15.6,29.9,0.0,5.34,open_meteo_era5_seyhan_adana_2022_2023
seyhan_adana,2022-04-07,15.6,22.1,1.5,2.86,open_meteo_era5_seyhan_adana_2022_2023
seyhan_adana,2022-04-08,15.1,22.7,1.8,3.45,open_meteo_era5_seyhan_adana_2022_2023
seyhan_adana,2022-04-09,13.8,23.9,0.2,3.81,open_meteo_era5_seyhan_adana_2022_2023
seyhan_adana,2022-04-10,14.7,23.3,0.0,3.93,open_meteo_era5_seyhan_adana_2022_2023
seyhan_adana,2022-04-11,11.8,22.4,4.9,3.95,open_meteo_era5_seyhan_adana_2022_2023
seyhan_adana,2022-04-12,9.6,19.7,0.0,3.93,open_meteo_era5_seyhan_adana_2022_2023
seyhan_adana,2022-04-13,8.6,18.9,0.0,4.59,open_meteo_era5_seyhan_adana_2022_2023
seyhan_adana,2022-04-14,8.0,21.1,0.0,4.9,open_meteo_era5_seyhan_adana_2022_2023
seyhan_adana,2022-04-15,8.5,25.6,0.0,5.11,open_meteo_era5_seyhan_adana_2022_2023
seyhan_adana,2022-04-16,10.5,25.5,0.0,5.18,open_meteo_era5_seyhan_adana_2022_2023
seyhan_adana,2022-04-17,10.4,25.1,0.0,5.38,open_meteo_era5_seyhan_adana_2022_2023
seyhan_adana,2022-04-18,20.0,28.7,0.0,5.61,open_meteo_era5_seyhan_adana_2022_2023
seyhan_adana,2022-04-19,14.5,22.4,0.8,3.25,open_meteo_era5_seyhan_adana_2022_2023
seyhan_adana,2022-04-20,13.7,22.4,0.2,4.09,open_meteo_era5_seyhan_adana_2022_2023
seyhan_adana,2022-04-21,13.3,21.9,0.0,3.91,open_meteo_era5_seyhan_adana_2022_2023
seyhan_adana,2022-04-22,10.6,28.7,0.0,5.13,open_meteo_era5_seyhan_adana_2022_2023
seyhan_adana,2022-04-23,13.5,33.6,0.0,6.36,open_meteo_era5_seyhan_adana_2022_2023
seyhan_adana,2022-04-24,16.5,33.6,0.0,6.3,open_meteo_era5_seyhan_adana_2022_2023
seyhan_adana,2022-04-25,14.9,29.8,0.0,5.38,open_meteo_era5_seyhan_adana_2022_2023
seyhan_adana,2022-04-26,14.2,29.5,0.0,5.48,open_meteo_era5_seyhan_adana_2022_2023
seyhan_adana,2022-04-27,13.1,30.2,0.0,5.63,open_meteo_era5_seyhan_adana_2022_2023
seyhan_adana,2022-04-28,13.9,30.5,0.0,5.59,open_meteo_era5_seyhan_adana_2022_2023
seyhan_adana,2022-04-29,14.0,30.7,0.0,5.58,open_meteo_era5_seyhan_adana_2022_2023
seyhan_adana,2022-04-30,20.0,31.2,0.9,6.77,open_meteo_era5_seyhan_adana_2022_2023
seyhan_adana,2022-05-01,17.1,25.5,2.9,4.16,open_meteo_era5_seyhan_adana_2022_2023
seyhan_adana,2022-05-02,18.0,23.4,1.2,3.38,open_meteo_era5_seyhan_adana_2022_2023
seyhan_adana,2022-05-03,18.3,28.7,1.6,4.88,open_meteo_era5_seyhan_adana_2022_2023
seyhan_adana,2022-05-04,16.7,27.5,7.3,4.55,open_meteo_era5_seyhan_adana_2022_2023
seyhan_adana,2022-05-05,14.3,20.1,6.1,3.15,open_meteo_era5_seyhan_adana_2022_2023
seyhan_adana,2022-05-06,12.7,23.3,0.1,5.12,open_meteo_era5_seyhan_adana_2022_2023
seyhan_adana,2022-05-07,13.0,23.6,0.1,4.72,open_meteo_era5_seyhan_adana_2022_2023
seyhan_adana,2022-05-08,13.2,24.9,0.0,5.2,open_meteo_era5_seyhan_adana_2022_2023
seyhan_adana,2022-05-09,13.0,25.9,0.2,5.07,open_meteo_era5_seyhan_adana_2022_2023
seyhan_adana,2022-05-10,12.8,27.4,0.7,5.65,open_meteo_era5_seyhan_adana_2022_2023
seyhan_adana,2022-05-11,14.6,26.2,0.4,4.9,open_meteo_era5_seyhan_adana_2022_2023
seyhan_adana,2022-05-12,15.9,26.3,0.1,4.88,open_meteo_era5_seyhan_adana_2022_2023
seyhan_adana,2022-05-13,15.8,28.7,0.0,5.62,open_meteo_era5_seyhan_adana_2022_2023
seyhan_adana,2022-05-14,15.6,29.0,0.0,4.95,open_meteo_era5_seyhan_adana_2022_2023
seyhan_adana,2022-05-15,17.1,24.7,9.1,3.72,open_meteo_era5_seyhan_adana_2022_2023
seyhan_adana,2022-05-16,15.9,26.9,0.0,5.23,open_meteo_era5_seyhan_adana_2022_2023
seyhan_adana,2022-05-17,17.3,26.2,0.0,4.35,open_meteo_era5_seyhan_adana_2022_2023
seyhan_adana,2022-05-18,15.8,27.2,0.0,4.97,open_meteo_era5_seyhan_adana_2022_2023
seyhan_adana,2022-05-19,17.9,26.2,0.3,4.38,open_meteo_era5_seyhan_adana_2022_2023
seyhan_adana,2022-05-20,16.9,29.3,0.0,6.46,open_meteo_era5_seyhan_adana_2022_2023
seyhan_adana,2022-05-21,16.1,31.9,0.0,6.92,open_meteo_era5_seyhan_adana_2022_2023
seyhan_adana,2022-05-22,17.4,30.4,2.7,6.29,open_meteo_era5_seyhan_adana_2022_2023
seyhan_adana,2022-05-23,17.2,26.3,0.8,4.49,open_meteo_era5_seyhan_adana_2022_2023
seyhan_adana,2022-05-24,18.0,27.0,0.6,4.74,open_meteo_era5_seyhan_adana_2022_2023
seyhan_adana,2022-05-25,17.1,27.9,0.0,4.93,open_meteo_era5_seyhan_adana_2022_2023
seyhan_adana,2022-05-26,16.1,32.2,0.0,6.33,open_meteo_era5_seyhan_adana_2022_2023
seyhan_adana,2022-05-27,17.7,35.2,0.1,6.66,open_meteo_era5_seyhan_adana_2022_2023
seyhan_adana,2022-05-28,18.7,34.7,0.0,6.13,open_meteo_era5_seyhan_adana_2022_2023
seyhan_adana,2022-05-29,18.8,35.7,0.0,6.77,open_meteo_era5_seyhan_adana_2022_2023
seyhan_adana,2022-05-30,18.8,36.5,0.0,6.55,open_meteo_era5_seyhan_adana_2022_2023
seyhan_adana,2022-05-31,20.1,35.0,0.0,6.37,open_meteo_era5_seyhan_adana_2022_2023
seyhan_adana,2022-06-01,20.7,31.8,0.0,6.0,open_meteo_era5_seyhan_adana_2022_2023
seyhan_adana,2022-06-02,20.2,34.2,0.0,6.27,open_meteo_era5_seyhan_adana_2022_2023
seyhan_adana,2022-06-03,21.2,30.3,0.4,4.82,open_meteo_era5_seyhan_adana_2022_2023
seyhan_adana,2022-06-04,20.6,29.7,0.1,5.49,open_meteo_era5_seyhan_adana_2022_2023
seyhan_adana,2022-06-05,21.3,30.1,0.7,4.78,open_meteo_era5_seyhan_adana_2022_2023
seyhan_adana,2022-06-06,20.7,28.5,1.5,4.05,open_meteo_era5_seyhan_adana_2022_2023
seyhan_adana,2022-06-07,21.8,29.7,0.9,4.4,open_meteo_era5_seyhan_adana_2022_2023
seyhan_adana,2022-06-08,21.9,29.5,5.0,4.77,open_meteo_era5_seyhan_adana_2022_2023
seyhan_adana,2022-06-09,21.0,30.4,1.1,5.07,open_meteo_era5_seyhan_adana_2022_2023
seyhan_adana,2022-06-10,22.3,30.8,0.5,5.37,open_meteo_era5_seyhan_adana_2022_2023
seyhan_adana,2022-06-11,21.7,32.4,0.0,5.74,open_meteo_era5_seyhan_adana_2022_2023
seyhan_adana,2022-06-12,20.8,29.2,4.4,5.15,open_meteo_era5_seyhan_adana_2022_2023
seyhan_adana,2022-06-13,20.4,27.8,13.8,4.66,open_meteo_era5_seyhan_adana_2022_2023
seyhan_adana,2022-06-14,20.1,27.6,6.0,3.82,open_meteo_era5_seyhan_adana_2022_2023
seyhan_adana,2022-06-15,19.5,29.6,0.0,5.18,open_meteo_era5_seyhan_adana_2022_2023
seyhan_adana,2022-06-16,20.8,32.7,0.0,6.07,open_meteo_era5_seyhan_adana_2022_2023
seyhan_adana,2022-06-17,21.4,34.2,0.0,6.31,open_meteo_era5_seyhan_adana_2022_2023
seyhan_adana,2022-06-18,21.8,35.8,0.0,6.72,open_meteo_era5_seyhan_adana_2022_2023
seyhan_adana,2022-06-19,23.3,31.3,0.0,5.72,open_meteo_era5_seyhan_adana_2022_2023
seyhan_adana,2022-06-20,22.9,30.5,0.4,5.81,open_meteo_era5_seyhan_adana_2022_2023
seyhan_adana,2022-06-21,22.3,28.6,0.7,4.7,open_meteo_era5_seyhan_adana_2022_2023
seyhan_adana,2022-06-22,21.6,34.4,0.0,6.16,open_meteo_era5_seyhan_adana_2022_2023
seyhan_adana,2022-06-23,23.4,33.3,0.0,6.35,open_meteo_era5_seyhan_adana_2022_2023
seyhan_adana,2022-06-24,20.8,31.1,23.2,5.01,open_meteo_era5_seyhan_adana_2022_2023
seyhan_adana,2022-06-25,20.5,31.0,0.5,5.84,open_meteo_era5_seyhan_adana_2022_2023
seyhan_adana,2022-06-26,22.3,31.1,0.0,5.69,open_meteo_era5_seyhan_adana_2022_2023
seyhan_adana,2022-06-27,21.5,30.7,0.8,5.38,open_meteo_era5_seyhan_adana_2022_2023
seyhan_adana,2022-06-28,21.1,31.6,0.0,5.71,open_meteo_era5_seyhan_adana_2022_2023
seyhan_adana,2022-06-29,22.1,32.5,0.0,5.85,open_meteo_era5_seyhan_adana_2022_2023
seyhan_adana,2022-06-30,22.9,32.9,0.0,6.16,open_meteo_era5_seyhan_adana_2022_2023
seyhan_adana,2022-07-01,23.1,31.2,0.1,5.08,open_meteo_era5_seyhan_adana_2022_2023
seyhan_adana,2022-07-02,24.1,34.0,0.0,6.08,open_meteo_era5_seyhan_adana_2022_2023
seyhan_adana,2022-07-03,22.4,35.5,0.0,6.78,open_meteo_era5_seyhan_adana_2022_2023
seyhan_adana,2022-07-04,21.9,34.4,0.0,6.84,open_meteo_era5_seyhan_adana_2022_2023
seyhan_adana,2022-07-05,22.9,33.7,0.0,6.4,open_meteo_era5_seyhan_adana_2022_2023
seyhan_adana,2022-07-06,23.2,33.3,0.0,6.31,open_meteo_era5_seyhan_adana_2022_2023
seyhan_adana,2022-07-07,23.8,32.8,0.0,5.8,open_meteo_era5_seyhan_adana_2022_2023
seyhan_adana,2022-07-08,24.2,33.1,0.0,5.93,open_meteo_era5_seyhan_adana_2022_2023
seyhan_adana,2022-07-09,25.2,32.4,0.6,5.32,open_meteo_era5_seyhan_adana_2022_2023
seyhan_adana,2022-07-10,24.5,31.7,0.2,5.31,open_meteo_era5_seyhan_adana_2022_2023
seyhan_adana,2022-07-11,23.8,32.7,0.3,5.81,open_meteo_era5_seyhan_adana_2022_2023
seyhan_adana,2022-07-12,24.6,33.8,0.0,6.1,open_meteo_era5_seyhan_adana_2022_2023
seyhan_adana,2022-07-13,25.1,34.8,0.0,6.34,open_meteo_era5_seyhan_adana_2022_2023
seyhan_adana,2022-07-14,25.7,36.0,0.0,6.39,open_meteo_era5_seyhan_adana_2022_2023
seyhan_adana,2022-07-15,24.4,33.8,0.0,6.32,open_meteo_era5_seyhan_adana_2022_2023
seyhan_adana,2022-07-16,24.6,34.2,0.0,6.31,open_meteo_era5_seyhan_adana_2022_2023
seyhan_adana,2022-07-17,24.0,34.5,0.0,6.48,open_meteo_era5_seyhan_adana_2022_2023
seyhan_adana,2022-07-18,24.9,38.1,0.0,7.23,open_meteo_era5_seyhan_adana_2022_2023
seyhan_adana,2022-07-19,24.7,36.0,0.0,6.85,open_meteo_era5_seyhan_adana_2022_2023
seyhan_adana,2022-07-20,25.0,35.7,0.2,6.69,open_meteo_era5_seyhan_adana_2022_2023
seyhan_adana,2022-07-21,25.8,35.1,0.0,6.47,open_meteo_era5_seyhan_adana_2022_2023
seyhan_adana,2022-07-22,24.5,35.4,0.0,6.72,open_meteo_era5_seyhan_adana_2022_2023
seyhan_adana,2022-07-23,24.1,36.0,0.0,6.78,open_meteo_era5_seyhan_adana_2022_2023
seyhan_adana,2022-07-24,23.3,37.4,0.0,7.37,open_meteo_era5_seyhan_adana_2022_2023
seyhan_adana,2022-07-25,23.6,35.9,0.0,7.32,open_meteo_era5_seyhan_adana_2022_2023
seyhan_adana,2022-07-26,22.8,36.0,0.0,6.94,open_meteo_era5_seyhan_adana_2022_2023
seyhan_adana,2022-07-27,23.3,36.9,0.0,6.87,open_meteo_era5_seyhan_adana_2022_2023
seyhan_adana,2022-07-28,23.6,36.4,0.0,6.63,open_meteo_era5_seyhan_adana_2022_2023
seyhan_adana,2022-07-29,24.1,35.9,0.0,6.34,open_meteo_era5_seyhan_adana_2022_2023
seyhan_adana,2022-07-30,24.5,35.4,0.0,6.01,open_meteo_era5_seyhan_adana_2022_2023
seyhan_adana,2022-07-31,24.4,34.3,0.0,6.06,open_meteo_era5_seyhan_adana_2022_2023
seyhan_adana,2022-08-01,24.9,33.8,0.3,5.75,open_meteo_era5_seyhan_adana_2022_2023
seyhan_adana,2022-08-02,26.3,34.2,0.3,5.61,open_meteo_era5_seyhan_adana_2022_2023
seyhan_adana,2022-08-03,26.3,34.7,0.0,5.47,open_meteo_era5_seyhan_adana_2022_2023
seyhan_adana,2022-08-04,26.0,35.8,0.0,5.67,open_meteo_era5_seyhan_adana_2022_2023
seyhan_adana,2022-08-05,26.2,35.6,0.0,5.72,open_meteo_era5_seyhan_adana_2022_2023
seyhan_adana,2022-08-06,25.8,33.5,0.8,4.75,open_meteo_era5_seyhan_adana_2022_2023
seyhan_adana,2022-08-07,26.8,33.8,0.6,5.39,open_meteo_era5_seyhan_adana_2022_2023
seyhan_adana,2022-08-08,25.9,33.1,0.0,5.9,open_meteo_era5_seyhan_adana_2022_2023
seyhan_adana,2022-08-09,25.4,33.1,0.0,5.2,open_meteo_era5_seyhan_adana_2022_2023
seyhan_adana,2022-08-10,25.6,33.1,0.0,4.93,open_meteo_era5_seyhan_adana_2022_2023
seyhan_adana,2022-08-11,26.5,33.9,1.3,5.3,open_meteo_era5_seyhan_adana_2022_2023
seyhan_adana,2022-08-12,26.1,35.5,0.0,5.7,open_meteo_era5_seyhan_adana_2022_2023
seyhan_adana,2022-08-13,26.1,34.2,0.4,5.21,open_meteo_era5_seyhan_adana_2022_2023
seyhan_adana,2022-08-14,26.5,33.4,1.0,5.25,open_meteo_era5_seyhan_adana_2022_2023
seyhan_adana,2022-08-15,25.8,33.7,0.7,5.9,open_meteo_era5_seyhan_adana_2022_2023
seyhan_adana,2022-08-16,24.8,34.4,0.4,5.5,open_meteo_era5_seyhan_adana_2022_2023
seyhan_adana,2022-08-17,24.8,34.0,0.0,5.7,open_meteo_era5_seyhan_adana_2022_2023
seyhan_adana,2022-08-18,25.5,34.2,0.0,5.55,open_meteo_era5_seyhan_adana_2022_2023
seyhan_adana,2022-08-19,25.8,33.6,0.0,4.91,open_meteo_era5_seyhan_adana_2022_2023
seyhan_adana,2022-08-20,26.2,35.0,0.0,5.57,open_meteo_era5_seyhan_adana_2022_2023
seyhan_adana,2022-08-21,26.2,34.6,0.5,4.99,open_meteo_era5_seyhan_adana_2022_2023
seyhan_adana,2022-08-22,25.3,33.8,0.6,4.89,open_meteo_era5_seyhan_adana_2022_2023
seyhan_adana,2022-08-23,25.7,33.1,1.3,4.13,open_meteo_era5_seyhan_adana_2022_2023
seyhan_adana,2022-08-24,25.1,33.1,0.3,4.57,open_meteo_era5_seyhan_adana_2022_2023
seyhan_adana,2022-08-25,24.2,33.6,0.0,5.61,open_meteo_era5_seyhan_adana_2022_2023
seyhan_adana,2022-08-26,24.1,34.1,0.1,5.73,open_meteo_era5_seyhan_adana_2022_2023
seyhan_adana,2022-08-27,23.2,33.6,0.0,5.45,open_meteo_era5_seyhan_adana_2022_2023
seyhan_adana,2022-08-28,21.0,37.1,0.0,5.81,open_meteo_era5_seyhan_adana_2022_2023
seyhan_adana,2022-08-29,20.9,38.2,0.0,6.03,open_meteo_era5_seyhan_adana_2022_2023
seyhan_adana,2022-08-30,22.2,37.4,0.0,5.85,open_meteo_era5_seyhan_adana_2022_2023
seyhan_adana,2022-08-31,23.5,37.7,0.0,5.78,open_meteo_era5_seyhan_adana_2022_2023
seyhan_adana,2022-09-01,24.7,36.5,0.0,5.5,open_meteo_era5_seyhan_adana_2022_2023
seyhan_adana,2022-09-02,25.6,36.7,0.0,5.47,open_meteo_era5_seyhan_adana_2022_2023
seyhan_adana,2022-09-03,24.4,36.2,0.0,5.57,open_meteo_era5_seyhan_adana_2022_2023
seyhan_adana,2022-09-04,23.8,34.8,0.0,5.5,open_meteo_era5_seyhan_adana_2022_2023
seyhan_adana,2022-09-05,25.0,34.0,0.0,5.14,open_meteo_era5_seyhan_adana_2022_2023
seyhan_adana,2022-09-06,25.1,33.9,0.7,4.86,open_meteo_era5_seyhan_adana_2022_2023
seyhan_adana,2022-09-07,21.9,34.9,0.0,5.97,open_meteo_era5_seyhan_adana_2022_2023
seyhan_adana,2022-09-08,20.1,35.1,0.0,6.06,open_meteo_era5_seyhan_adana_2022_2023
seyhan_adana,2022-09-09,19.2,36.0,0.0,5.57,open_meteo_era5_seyhan_adana_2022_2023
seyhan_adana,2022-09-10,19.3,35.6,0.0,5.43,open_meteo_era5_seyhan_adana_2022_2023
seyhan_adana,2022-09-11,21.8,34.7,0.0,5.2,open_meteo_era5_seyhan_adana_2022_2023
seyhan_adana,2022-09-12,23.2,33.2,0.0,4.93,open_meteo_era5_seyhan_adana_2022_2023
seyhan_adana,2022-09-13,23.7,31.7,1.8,4.19,open_meteo_era5_seyhan_adana_2022_2023
seyhan_adana,2022-09-14,22.2,32.0,0.4,4.39,open_meteo_era5_seyhan_adana_2022_2023
seyhan_adana,2022-09-15,21.3,33.4,0.0,4.88,open_meteo_era5_seyhan_adana_2022_2023
seyhan_adana,2022-09-16,20.8,34.1,0.0,4.83,open_meteo_era5_seyhan_adana_2022_2023
seyhan_adana,2022-09-17,22.2,34.5,0.0,4.73,open_meteo_era5_seyhan_adana_2022_2023
seyhan_adana,2022-09-18,23.1,33.1,0.0,4.68,open_meteo_era5_seyhan_adana_2022_2023
seyhan_adana,2022-09-19,23.3,32.8,0.0,4.54,open_meteo_era5_seyhan_adana_2022_2023
seyhan_adana,2022-09-20,23.8,33.0,0.0,4.74,open_meteo_era5_seyhan_adana_2022_2023
seyhan_adana,2022-09-21,21.9,31.8,1.4,4.92,open_meteo_era5_seyhan_adana_2022_2023
seyhan_adana,2022-09-22,19.4,29.0,4.1,3.64,open_meteo_era5_seyhan_adana_2022_2023
seyhan_adana,2022-09-23,19.0,28.9,0.7,3.97,open_meteo_era5_seyhan_adana_2022_2023
seyhan_adana,2022-09-24,18.1,28.8,0.0,3.86,open_meteo_era5_seyhan_adana_2022_2023
seyhan_adana,2022-09-25,16.1,31.6,0.0,4.84,open_meteo_era5_seyhan_adana_2022_2023
seyhan_adana,2022-09-26,14.7,33.2,0.0,4.81,open_meteo_era5_seyhan_adana_2022_2023
seyhan_adana,2022-09-27,17.0,31.6,0.0,4.7,open_meteo_era5_seyhan_adana_2022_2023
seyhan_adana,2022-09-28,18.9,30.5,0.0,4.29,open_meteo_era5_seyhan_adana_2022_2023
seyhan_adana,2022-09-29,21.2,32.2,0.0,4.25,open_meteo_era5_seyhan_adana_2022_2023
seyhan_adana,2022-09-30,21.6,33.7,0.0,4.32,open_meteo_era5_seyhan_adana_2022_2023
seyhan_adana,2022-10-01,21.9,36.5,0.0,4.68,open_meteo_era5_seyhan_adana_2022_2023
seyhan_adana,2022-10-02,21.0,34.2,0.0,4.52,open_meteo_era5_seyhan_adana_2022_2023
seyhan_adana,2022-10-03,23.2,32.4,1.3,3.91,open_meteo_era5_seyhan_adana_2022_2023
seyhan_adana,2022-10-04,21.6,29.7,5.1,3.12,open_meteo_era5_seyhan_adana_2022_2023
seyhan_adana,2022-10-05,21.1,31.4,0.0,3.8,open_meteo_era5_seyhan_adana_2022_2023
seyhan_adana,2022-10-06,19.7,30.7,0.0,3.8,open_meteo_era5_seyhan_adana_2022_2023
seyhan_adana,2022-10-07,19.3,29.0,1.6,3.45,open_meteo_era5_seyhan_adana_2022_2023
seyhan_adana,2022-10-08,18.1,28.5,1.3,3.65,open_meteo_era5_seyhan_adana_2022_2023
seyhan_adana,2022-10-09,17.5,28.3,0.0,3.83,open_meteo_era5_seyhan_adana_2022_2023
seyhan_adana,2022-10-10,16.7,30.0,0.0,4.15,open_meteo_era5_seyhan_adana_2022_2023
seyhan_adana,2022-10-11,16.1,30.9,0.0,4.18,open_meteo_era5_seyhan_adana_2022_2023
seyhan_adana,2022-10-12,15.9,30.3,0.0,3.7,open_meteo_era5_seyhan_adana_2022_2023
seyhan_adana,2022-10-13,17.4,30.0,0.0,3.74,open_meteo_era5_seyhan_adana_2022_2023
seyhan_adana,2022-10-14,17.2,29.6,0.4,3.79,open_meteo_era5_seyhan_adana_2022_2023
seyhan_adana,2022-10-15,16.6,23.7,2.4,1.76,open_meteo_era5_seyhan_adana_2022_2023
seyhan_adana,2022-10-16,17.2,26.7,0.6,2.94,open_meteo_era5_seyhan_adana_2022_2023
seyhan_adana,2022-10-17,19.8,30.9,1.5,4.29,open_meteo_era5_seyhan_adana_2022_2023
seyhan_adana,2022-10-18,18.7,28.7,3.4,3.21,open_meteo_era5_seyhan_adana_2022_2023
seyhan_adana,2022-10-19,18.4,26.7,4.2,2.69,open_meteo_era5_seyhan_adana_2022_2023
seyhan_adana,2022-10-20,18.6,26.7,1.2,2.61,open_meteo_era5_seyhan_adana_2022_2023
seyhan_adana,2022-10-21,18.0,27.6,0.0,3.06,open_meteo_era5_seyhan_adana_2022_2023
seyhan_adana,2022-10-22,14.7,27.2,0.0,4.17,open_meteo_era5_seyhan_adana_2022_2023
seyhan_adana,2022-10-23,13.1,28.1,0.0,3.95,open_meteo_era5_seyhan_adana_2022_2023
seyhan_adana,2022-10-24,13.1,29.8,0.0,3.97,open_meteo_era5_seyhan_adana_2022_2023
seyhan_adana,2022-10-25,13.2,29.5,0.0,4.15,open_meteo_era5_seyhan_adana_2022_2023
seyhan_adana,2022-10-26,15.7,30.3,0.0,4.16,open_meteo_era5_seyhan_adana_2022_2023
seyhan_adana,2022-10-27,15.9,30.6,0.0,4.12,open_meteo_era5_seyhan_adana_2022_2023
seyhan_adana,2022-10-28,15.6,30.1,0.0,4.13,open_meteo_era5_seyhan_adana_2022_2023
seyhan_adana,2022-10-29,14.2,28.9,0.0,4.11,open_meteo_era5_seyhan_adana_2022_2023
seyhan_adana,2022-10-30,14.5,30.2,0.0,4.51,open_meteo_era5_seyhan_adana_2022_2023
seyhan_adana,2022-10-31,14.9,29.0,0.3,3.87,open_meteo_era5_seyhan_adana_2022_2023
seyhan_adana,2022-11-01,13.9,28.2,0.0,3.33,open_meteo_era5_seyhan_adana_2022_2023
seyhan_adana,2022-11-02,13.3,27.6,0.0,3.52,open_meteo_era5_seyhan_adana_2022_2023
seyhan_adana,2022-11-03,12.0,27.3,0.0,3.22,open_meteo_era5_seyhan_adana_2022_2023
seyhan_adana,2022-11-04,12.5,26.7,0.0,2.96,open_meteo_era5_seyhan_adana_2022_2023
seyhan_adana,2022-11-05,12.3,27.1,0.0,2.96,open_meteo_era5_seyhan_adana_2022_2023
seyhan_adana,2022-11-06,12.3,28.5,0.0,3.49,open_meteo_era5_seyhan_adana_2022_2023
seyhan_adana,2022-11-07,14.5,19.0,13.6,1.95,open_meteo_era5_seyhan_adana_2022_2023
seyhan_adana,2022-11-08,14.4,22.4,0.5,2.42,open_meteo_era5_seyhan_adana_2022_2023
seyhan_adana,2022-11-09,14.4,23.0,0.8,2.4,open_meteo_era5_seyhan_adana_2022_2023
seyhan_adana,2022-11-10,12.1,23.4,0.0,2.42,open_meteo_era5_seyhan_adana_2022_2023
seyhan_adana,2022-11-11,11.7,24.3,0.0,2.62,open_meteo_era5_seyhan_adana_2022_2023
seyhan_adana,2022-11-12,12.4,25.4,0.0,3.01,open_meteo_era5_seyhan_adana_2022_2023
seyhan_adana,2022-11-13,11.9,26.3,0.0,3.18,open_meteo_era5_seyhan_adana_2022_2023
seyhan_adana,2022-11-14,11.0,25.7,0.0,3.09,open_meteo_era5_seyhan_adana_2022_2023
seyhan_adana,2022-11-15,11.0,24.6,0.1,2.61,open_meteo_era5_seyhan_adana_2022_2023
seyhan_adana,2022-11-16,12.5,21.3,1.4,2.14,open_meteo_era5_seyhan_adana_2022_2023
seyhan_adana,2022-11-17,11.9,20.4,0.8,1.68,open_meteo_era5_seyhan_adana_2022_2023
seyhan_adana,2022-11-18,14.2,19.8,7.1,1.39,open_meteo_era5_seyhan_adana_2022_2023
seyhan_adana,2022-11-19,14.2,21.9,2.6,1.68,open_meteo_era5_seyhan_adana_2022_2023
seyhan_adana,2022-11-20,13.4,24.6,0.0,2.39,open_meteo_era5_seyhan_adana_2022_2023
seyhan_adana,2022-11-21,14.8,24.0,0.0,2.4,open_meteo_era5_seyhan_adana_2022_2023
seyhan_adana,2022-11-22,12.6,22.3,0.1,2.62,open_meteo_era5_seyhan_adana_2022_2023
seyhan_adana,2022-11-23,11.9,22.2,0.0,2.56,open_meteo_era5_seyhan_adana_2022_2023
seyhan_adana,2022-11-24,13.5,20.6,10.2,1.85,open_meteo_era5_seyhan_adana_2022_2023
seyhan_adana,2022-11-25,11.7,15.3,15.9,0.85,open_meteo_era5_seyhan_adana_2022_2023
seyhan_adana,2022-11-26,9.1,19.9,0.0,1.91,open_meteo_era5_seyhan_adana_2022_2023
seyhan_adana,2022-11-27,8.9,18.2,0.0,1.97,open_meteo_era5_seyhan_adana_2022_2023
seyhan_adana,2022-11-28,12.2,18.9,0.0,2.94,open_meteo_era5_seyhan_adana_2022_2023
seyhan_adana,2022-11-29,15.7,20.7,0.8,3.13,open_meteo_era5_seyhan_adana_2022_2023
seyhan_adana,2022-11-30,13.1,21.2,0.0,1.86,open_meteo_era5_seyhan_adana_2022_2023
seyhan_adana,2022-12-01,13.8,22.0,0.0,1.97,open_meteo_era5_seyhan_adana_2022_2023
seyhan_adana,2022-12-02,10.8,21.1,0.0,1.96,open_meteo_era5_seyhan_adana_2022_2023
seyhan_adana,2022-12-03,9.6,21.8,0.0,1.83,open_meteo_era5_seyhan_adana_2022_2023
seyhan_adana,2022-12-04,8.9,22.6,0.0,2.23,open_meteo_era5_seyhan_adana_2022_2023
seyhan_adana,2022-12-05,9.1,20.6,0.0,2.18,open_meteo_era5_seyhan_adana_2022_2023
seyhan_adana,2022-12-06,9.1,19.4,0.4,1.79,open_meteo_era5_seyhan_adana_2022_2023
seyhan_adana,2022-12-07,9.6,18.1,0.6,1.85,open_meteo_era5_seyhan_adana_2022_2023
seyhan_adana,2022-12-08,12.4,18.7,0.4,1.96,open_meteo_era5_seyhan_adana_2022_2023
seyhan_adana,2022-12-09,8.2,19.1,0.0,1.9,open_meteo_era5_seyhan_adana_2022_2023
seyhan_adana,2022-12-10,8.0,18.7,0.0,1.67,open_meteo_era5_seyhan_adana_2022_2023
seyhan_adana,2022-12-11,8.8,18.9,0.5,2.0,open_meteo_era5_seyhan_adana_2022_2023
seyhan_adana,2022-12-12,13.4,18.4,0.2,2.07,open_meteo_era5_seyhan_adana_2022_2023
seyhan_adana,2022-12-13,13.9,18.2,0.0,2.25,open_meteo_era5_seyhan_adana_2022_2023
seyhan_adana,2022-12-14,13.0,15.0,14.4,1.01,open_meteo_era5_seyhan_adana_2022_2023
seyhan_adana,2022-12-15,12.1,18.8,0.0,1.53,open_meteo_era5_seyhan_adana_2022_2023
seyhan_adana,2022-12-16,10.8,20.0,0.0,1.57,open_meteo_era5_seyhan_adana_2022_2023
seyhan_adana,2022-12-17,10.1,21.1,0.0,1.67,open_meteo_era5_seyhan_adana_2022_2023
seyhan_adana,2022-12-18,9.1,21.0,0.0,1.68,open_meteo_era5_seyhan_adana_2022_2023
seyhan_adana,2022-12-19,9.0,19.2,0.0,1.75,open_meteo_era5_seyhan_adana_2022_2023
seyhan_adana,2022-12-20,9.4,18.3,5.1,2.02,open_meteo_era5_seyhan_adana_2022_2023
seyhan_adana,2022-12-21,8.9,14.2,10.4,1.62,open_meteo_era5_seyhan_adana_2022_2023
seyhan_adana,2022-12-22,9.5,17.3,0.0,2.14,open_meteo_era5_seyhan_adana_2022_2023
seyhan_adana,2022-12-23,7.2,16.5,0.0,1.84,open_meteo_era5_seyhan_adana_2022_2023
seyhan_adana,2022-12-24,6.5,15.8,0.0,1.64,open_meteo_era5_seyhan_adana_2022_2023
seyhan_adana,2022-12-25,7.1,15.5,0.0,1.8,open_meteo_era5_seyhan_adana_2022_2023
seyhan_adana,2022-12-26,8.8,16.7,0.0,2.29,open_meteo_era5_seyhan_adana_2022_2023
seyhan_adana,2022-12-27,6.5,16.9,0.0,2.01,open_meteo_era5_seyhan_adana_2022_2023
seyhan_adana,2022-12-28,5.4,17.0,0.0,1.53,open_meteo_era5_seyhan_adana_2022_2023
seyhan_adana,2022-12-29,7.0,18.5,0.0,1.79,open_meteo_era5_seyhan_adana_2022_2023
seyhan_adana,2022-12-30,6.4,18.2,0.0,2.1,open_meteo_era5_seyhan_adana_2022_2023
seyhan_adana,2022-12-31,5.5,18.1,0.0,1.94,open_meteo_era5_seyhan_adana_2022_2023
seyhan_adana,2023-01-01,5.0,18.6,0.0,2.26,open_meteo_era5_seyhan_adana_2022_2023
seyhan_adana,2023-01-02,4.1,19.0,0.0,2.16,open_meteo_era5_seyhan_adana_2022_2023
seyhan_adana,2023-01-03,3.2,18.8,0.0,2.41,open_meteo_era5_seyhan_adana_2022_2023
seyhan_adana,2023-01-04,2.4,18.1,0.0,1.99,open_meteo_era5_seyhan_adana_2022_2023
seyhan_adana,2023-01-05,3.2,17.5,0.0,1.99,open_meteo_era5_seyhan_adana_2022_2023
seyhan_adana,2023-01-06,5.5,17.2,0.0,1.74,open_meteo_era5_seyhan_adana_2022_2023
seyhan_adana,2023-01-07,6.0,16.8,0.0,1.89,open_meteo_era5_seyhan_adana_2022_2023
seyhan_adana,2023-01-08,5.1,14.9,0.0,1.96,open_meteo_era5_seyhan_adana_2022_2023
seyhan_adana,2023-01-09,4.1,14.9,0.0,2.01,open_meteo_era5_seyhan_adana_2022_2023
seyhan_adana,2023-01-10,1.8,14.6,0.0,1.82,open_meteo_era5_seyhan_adana_2022_2023
seyhan_adana,2023-01-11,5.9,15.8,0.0,2.19,open_meteo_era5_seyhan_adana_2022_2023
seyhan_adana,2023-01-12,8.4,14.9,0.0,2.48,open_meteo_era5_seyhan_adana_2022_2023
seyhan_adana,2023-01-13,7.3,14.8,0.4,2.65,open_meteo_era5_seyhan_adana_2022_2023
seyhan_adana,2023-01-14,9.5,13.4,0.5,1.92,open_meteo_era5_seyhan_adana_2022_2023
seyhan_adana,2023-01-15,9.9,15.1,3.4,1.66,open_meteo_era5_seyhan_adana_2022_2023
seyhan_adana,2023-01-16,10.1,11.8,6.0,0.92,open_meteo_era5_seyhan_adana_2022_2023
seyhan_adana,2023-01-17,10.0,15.9,0.0,1.48,open_meteo_era5_seyhan_adana_2022_2023
seyhan_adana,2023-01-18,9.5,17.6,0.0,1.95,open_meteo_era5_seyhan_adana_2022_2023
seyhan_adana,2023-01-19,7.3,18.5,0.0,1.86,open_meteo_era5_seyhan_adana_2022_2023
seyhan_adana,2023-01-20,6.0,20.3,0.0,2.21,open_meteo_era5_seyhan_adana_2022_2023
seyhan_adana,2023-01-21,8.1,20.2,0.0,2.66,open_meteo_era5_seyhan_adana_2022_2023
seyhan_adana,2023-01-22,6.8,20.4,0.0,2.44,open_meteo_era5_seyhan_adana_2022_2023
seyhan_adana,2023-01-23,6.1,20.2,0.0,2.36,open_meteo_era5_seyhan_adana_2022_2023
seyhan_adana,2023-01-24,5.5,19.8,0.0,2.33,open_meteo_era5_seyhan_adana_2022_2023
seyhan_adana,2023-01-25,4.3,18.8,0.0,2.38,open_meteo_era5_seyhan_adana_2022_2023
seyhan_adana,2023-01-26,4.5,18.3,0.0,2.26,open_meteo_era5_seyhan_adana_2022_2023
seyhan_adana,2023-01-27,6.2,18.0,0.4,2.85,open_meteo_era5_seyhan_adana_2022_2023
seyhan_adana,2023-01-28,9.7,16.0,0.7,2.62,open_meteo_era5_seyhan_adana_2022_2023
seyhan_adana,2023-01-29,7.5,14.9,3.3,1.57,open_meteo_era5_seyhan_adana_2022_2023
seyhan_adana,2023-01-30,7.5,13.9,1.5,1.69,open_meteo_era5_seyhan_adana_2022_2023
seyhan_adana,2023-01-31,5.8,10.8,5.9,1.08,open_meteo_era5_seyhan_adana_2022_2023
seyhan_adana,2023-02-01,4.4,10.8,2.1,1.14,open_meteo_era5_seyhan_adana_2022_2023
seyhan_adana,2023-02-02,2.8,13.7,0.0,2.5,open_meteo_era5_seyhan_adana_2022_2023
seyhan_adana,2023-02-03,1.0,13.5,2.6,2.26,open_meteo_era5_seyhan_adana_2022_2023
seyhan_adana,2023-02-04,5.3,10.8,5.7,1.57,open_meteo_era5_seyhan_adana_2022_2023
seyhan_adana,2023-02-05,4.6,9.1,14.7,1.08,open_meteo_era5_seyhan_adana_2022_2023
seyhan_adana,2023-02-06,5.5,10.0,28.5,0.85,open_meteo_era5_seyhan_adana_2022_2023
seyhan_adana,2023-02-07,3.2,12.9,0.1,2.45,open_meteo_era5_seyhan_adana_2022_2023
seyhan_adana,2023-02-08,1.9,11.7,0.0,2.38,open_meteo_era5_seyhan_adana_2022_2023
seyhan_adana,2023-02-09,1.3,12.6,0.0,2.45,open_meteo_era5_seyhan_adana_2022_2023
seyhan_adana,2023-02-10,2.7,13.1,0.0,2.88,open_meteo_era5_seyhan_adana_2022_2023
seyhan_adana,2023-02-11,4.0,14.0,0.0,3.16,open_meteo_era5_seyhan_adana_2022_2023
seyhan_adana,2023-02-12,1.5,13.3,0.0,2.58,open_meteo_era5_seyhan_adana_2022_2023
seyhan_adana,2023-02-13,1.8,14.3,0.0,3.05,open_meteo_era5_seyhan_adana_2022_2023
seyhan_adana,2023-02-14,1.8,12.7,0.0,2.62,open_meteo_era5_seyhan_adana_2022_2023
seyhan_adana,2023-02-15,1.1,13.6,0.0,2.79,open_meteo_era5_seyhan_adana_2022_2023
seyhan_adana,2023-02-16,3.0,12.8,0.0,2.52,open_meteo_era5_seyhan_adana_2022_2023
seyhan_adana,2023-02-17,1.6,13.3,0.0,2.58,open_meteo_era5_seyhan_adana_2022_2023
seyhan_adana,2023-02-18,1.0,14.6,0.0,2.37,open_meteo_era5_seyhan_adana_2022_2023
seyhan_adana,2023-02-19,4.8,15.6,0.0,1.95,open_meteo_era5_seyhan_adana_2022_2023
seyhan_adana,2023-02-20,6.8,16.2,0.0,1.9,open_meteo_era5_seyhan_adana_2022_2023
seyhan_adana,2023-02-21,8.1,18.6,0.0,2.72,open_meteo_era5_seyhan_adana_2022_2023
seyhan_adana,2023-02-22,6.5,18.3,0.0,2.34,open_meteo_era5_seyhan_adana_2022_2023
seyhan_adana,2023-02-23,6.0,19.9,0.0,2.8,open_meteo_era5_seyhan_adana_2022_2023
seyhan_adana,2023-02-24,7.0,21.0,0.0,3.12,open_meteo_era5_seyhan_adana_2022_2023
seyhan_adana,2023-02-25,8.1,20.6,0.0,3.29,open_meteo_era5_seyhan_adana_2022_2023
seyhan_adana,2023-02-26,9.4,23.2,0.0,3.79,open_meteo_era5_seyhan_adana_2022_2023
seyhan_adana,2023-02-27,10.9,24.5,0.0,3.92,open_meteo_era5_seyhan_adana_2022_2023
seyhan_adana,2023-02-28,9.7,26.6,0.0,3.65,open_meteo_era5_seyhan_adana_2022_2023
seyhan_adana,2023-03-01,9.9,27.4,0.0,3.81,open_meteo_era5_seyhan_adana_2022_2023
seyhan_adana,2023-03-02,10.9,26.4,0.0,3.89,open_meteo_era5_seyhan_adana_2022_2023
seyhan_adana,2023-03-03,15.3,23.9,1.3,3.79,open_meteo_era5_seyhan_adana_2022_2023
seyhan_adana,2023-03-04,11.9,20.2,0.6,2.18,open_meteo_era5_seyhan_adana_2022_2023
seyhan_adana,2023-03-05,11.2,22.3,0.1,2.87,open_meteo_era5_seyhan_adana_2022_2023
seyhan_adana,2023-03-06,9.9,20.8,0.9,3.42,open_meteo_era5_seyhan_adana_2022_2023
seyhan_adana,2023-03-07,9.0,19.4,1.0,2.86,open_meteo_era5_seyhan_adana_2022_2023
seyhan_adana,2023-03-08,9.1,22.1,0.0,3.05,open_meteo_era5_seyhan_adana_2022_2023
seyhan_adana,2023-03-09,8.2,21.2,0.0,3.36,open_meteo_era5_seyhan_adana_2022_2023
seyhan_adana,2023-03-10,12.4,20.1,0.1,2.69,open_meteo_era5_seyhan_adana_2022_2023
seyhan_adana,2023-03-11,13.6,22.9,0.1,3.43,open_meteo_era5_seyhan_adana_2022_2023
seyhan_adana,2023-03-12,11.6,22.0,1.1,3.14,open_meteo_era5_seyhan_adana_2022_2023
seyhan_adana,2023-03-13,12.5,15.8,42.5,1.54,open_meteo_era5_seyhan_adana_2022_2023
seyhan_adana,2023-03-14,12.3,16.9,18.6,1.78,open_meteo_era5_seyhan_adana_2022_2023
seyhan_adana,2023-03-15,12.2,17.8,7.1,2.3,open_meteo_era5_seyhan_adana_2022_2023
seyhan_adana,2023-03-16,12.1,18.9,1.2,2.78,open_meteo_era5_seyhan_adana_2022_2023
seyhan_adana,2023-03-17,12.3,16.7,18.2,2.07,open_meteo_era5_seyhan_adana_2022_2023
seyhan_adana,2023-03-18,11.0,18.0,15.0,2.17,open_meteo_era5_seyhan_adana_2022_2023
seyhan_adana,2023-03-19,11.0,15.2,15.6,1.46,open_meteo_era5_seyhan_adana_2022_2023
seyhan_adana,2023-03-20,10.4,18.3,1.2,2.68,open_meteo_era5_seyhan_adana_2022_2023
seyhan_adana,2023-03-21,10.0,20.8,0.0,3.69,open_meteo_era5_seyhan_adana_2022_2023
seyhan_adana,2023-03-22,11.4,19.5,0.0,3.02,open_meteo_era5_seyhan_adana_2022_2023
seyhan_adana,2023-03-23,12.4,19.6,1.2,2.77,open_meteo_era5_seyhan_adana_2022_2023
seyhan_adana,2023-03-24,12.2,23.1,0.0,3.75,open_meteo_era5_seyhan_adana_2022_2023
seyhan_adana,2023-03-25,11.2,20.9,1.1,3.48,open_meteo_era5_seyhan_adana_2022_2023
seyhan_adana,2023-03-26,10.1,21.6,0.4,3.7,open_meteo_era5_seyhan_adana_2022_2023
seyhan_adana,2023-03-27,13.6,20.9,1.4,2.9,open_meteo_era5_seyhan_adana_2022_2023
seyhan_adana,2023-03-28,13.1,19.5,4.9,2.73,open_meteo_era5_seyhan_adana_2022_2023
seyhan_adana,2023-03-29,8.0,16.4,2.9,3.14,open_meteo_era5_seyhan_adana_2022_2023
seyhan_adana,2023-03-30,7.2,13.9,0.0,3.11,open_meteo_era5_seyhan_adana_2022_2023
seyhan_adana,2023-03-31,4.6,14.0,0.0,3.8,open_meteo_era5_seyhan_adana_2022_2023
seyhan_adana,2023-04-01,6.5,18.6,0.0,3.84,open_meteo_era5_seyhan_adana_2022_2023
seyhan_adana,2023-04-02,12.7,18.4,1.2,2.31,open_meteo_era5_seyhan_adana_2022_2023
seyhan_adana,2023-04-03,12.6,23.2,0.0,3.86,open_meteo_era5_seyhan_adana_2022_2023
seyhan_adana,2023-04-04,15.4,28.3,0.0,5.38,open_meteo_era5_seyhan_adana_2022_2023
seyhan_adana,2023-04-05,13.3,19.6,5.8,2.97,open_meteo_era5_seyhan_adana_2022_2023
seyhan_adana,2023-04-06,12.2,20.3,0.7,3.2,open_meteo_era5_seyhan_adana_2022_2023
seyhan_adana,2023-04-07,9.9,17.3,2.9,2.19,open_meteo_era5_seyhan_adana_2022_2023
seyhan_adana,2023-04-08,9.6,19.9,0.0,3.71,open_meteo_era5_seyhan_adana_2022_2023
seyhan_adana,2023-04-09,14.3,23.4,0.1,4.66,open_meteo_era5_seyhan_adana_2022_2023
seyhan_adana,2023-04-10,16.8,26.8,6.6,4.91,open_meteo_era5_seyhan_adana_2022_2023
seyhan_adana,2023-04-11,13.4,21.2,7.0,3.09,open_meteo_era5_seyhan_adana_2022_2023
seyhan_adana,2023-04-12,11.1,17.1,9.5,2.47,open_meteo_era5_seyhan_adana_2022_2023
seyhan_adana,2023-04-13,10.3,18.7,0.9,3.33,open_meteo_era5_seyhan_adana_2022_2023
seyhan_adana,2023-04-14,10.5,20.7,0.8,3.37,open_meteo_era5_seyhan_adana_2022_2023
seyhan_adana,2023-04-15,10.9,26.1,0.0,5.16,open_meteo_era5_seyhan_adana_2022_2023
seyhan_adana,2023-04-16,13.9,28.4,0.0,5.37,open_meteo_era5_seyhan_adana_2022_2023
seyhan_adana,2023-04-17,12.7,30.7,0.0,5.64,open_meteo_era5_seyhan_adana_2022_2023
seyhan_adana,2023-04-18,15.8,31.5,0.0,5.93,open_meteo_era5_seyhan_adana_2022_2023
seyhan_adana,2023-04-19,16.2,28.4,1.5,4.8,open_meteo_era5_seyhan_adana_2022_2023
seyhan_adana,2023-04-20,13.8,22.4,8.5,3.29,open_meteo_era5_seyhan_adana_2022_2023
seyhan_adana,2023-04-21,12.8,22.2,1.7,4.01,open_meteo_era5_seyhan_adana_2022_2023
seyhan_adana,2023-04-22,12.6,24.5,0.0,4.37,open_meteo_era5_seyhan_adana_2022_2023
seyhan_adana,2023-04-23,14.8,26.4,0.1,5.09,open_meteo_era5_seyhan_adana_2022_2023
seyhan_adana,2023-04-24,14.2,23.8,0.1,4.5,open_meteo_era5_seyhan_adana_2022_2023
seyhan_adana,2023-04-25,13.4,24.2,0.3,4.5,open_meteo_era5_seyhan_adana_2022_2023
seyhan_adana,2023-04-26,13.5,22.8,1.2,4.02,open_meteo_era5_seyhan_adana_2022_2023
seyhan_adana,2023-04-27,14.1,20.0,12.8,2.7,open_meteo_era5_seyhan_adana_2022_2023
seyhan_adana,2023-04-28,12.5,19.4,12.5,3.14,open_meteo_era5_seyhan_adana_2022_2023
seyhan_adana,2023-04-29,11.7,20.0,4.8,3.7,open_meteo_era5_seyhan_adana_2022_2023
seyhan_adana,2023-04-30,10.7,20.0,0.6,3.97,open_meteo_era5_seyhan_adana_2022_2023
seyhan_adana,2023-05-01,10.9,23.3,0.0,4.88,open_meteo_era5_seyhan_adana_2022_2023
seyhan_adana,2023-05-02,11.1,26.4,0.1,5.33,open_meteo_era5_seyhan_adana_2022_2023
seyhan_adana,2023-05-03,11.6,28.1,0.0,5.94,open_meteo_era5_seyhan_adana_2022_2023
seyhan_adana,2023-05-04,12.3,29.9,0.0,6.15,open_meteo_era5_seyhan_adana_2022_2023
seyhan_adana,2023-05-05,16.4,31.6,0.8,7.35,open_meteo_era5_seyhan_adana_2022_2023
seyhan_adana,2023-05-06,16.3,24.1,10.1,3.59,open_meteo_era5_seyhan_adana_2022_2023
seyhan_adana,2023-05-07,14.6,23.2,7.1,3.84,open_meteo_era5_seyhan_adana_2022_2023
seyhan_adana,2023-05-08,15.1,24.3,0.5,4.29,open_meteo_era5_seyhan_adana_2022_2023
seyhan_adana,2023-05-09,15.1,26.6,0.3,4.76,open_meteo_era5_seyhan_adana_2022_2023
seyhan_adana,2023-05-10,16.7,27.0,0.0,4.53,open_meteo_era5_seyhan_adana_2022_2023
seyhan_adana,2023-05-11,16.5,33.3,0.0,6.22,open_meteo_era5_seyhan_adana_2022_2023
seyhan_adana,2023-05-12,18.8,30.1,0.8,5.26,open_meteo_era5_seyhan_adana_2022_2023
seyhan_adana,2023-05-13,18.5,25.1,0.6,4.24,open_meteo_era5_seyhan_adana_2022_2023
seyhan_adana,2023-05-14,17.4,26.3,0.0,4.25,open_meteo_era5_seyhan_adana_2022_2023
seyhan_adana,2023-05-15,17.2,29.3,0.0,5.87,open_meteo_era5_seyhan_adana_2022_2023
seyhan_adana,2023-05-16,17.2,33.5,0.0,6.84,open_meteo_era5_seyhan_adana_2022_2023
seyhan_adana,2023-05-17,18.5,35.7,0.0,7.19,open_meteo_era5_seyhan_adana_2022_2023
seyhan_adana,2023-05-18,17.5,27.2,1.0,5.02,open_meteo_era5_seyhan_adana_2022_2023
seyhan_adana,2023-05-19,16.8,26.0,0.4,4.94,open_meteo_era5_seyhan_adana_2022_2023
seyhan_adana,2023-05-20,16.7,24.6,2.6,4.15,open_meteo_era5_seyhan_adana_2022_2023
seyhan_adana,2023-05-21,16.4,25.9,1.4,4.8,open_meteo_era5_seyhan_adana_2022_2023
seyhan_adana,2023-05-22,17.6,30.5,3.0,5.38,open_meteo_era5_seyhan_adana_2022_2023
seyhan_adana,2023-05-23,17.3,24.6,17.7,3.22,open_meteo_era5_seyhan_adana_2022_2023
seyhan_adana,2023-05-24,16.3,26.9,0.2,5.25,open_meteo_era5_seyhan_adana_2022_2023
seyhan_adana,2023-05-25,16.0,29.7,0.0,6.12,open_meteo_era5_seyhan_adana_2022_2023
seyhan_adana,2023-05-26,17.3,27.6,0.7,5.22,open_meteo_era5_seyhan_adana_2022_2023
seyhan_adana,2023-05-27,16.6,31.6,0.2,5.85,open_meteo_era5_seyhan_adana_2022_2023
seyhan_adana,2023-05-28,19.0,26.6,3.0,4.35,open_meteo_era5_seyhan_adana_2022_2023
seyhan_adana,2023-05-29,18.2,26.7,12.6,4.16,open_meteo_era5_seyhan_adana_2022_2023
seyhan_adana,2023-05-30,17.6,26.6,1.4,4.74,open_meteo_era5_seyhan_adana_2022_2023
seyhan_adana,2023-05-31,17.6,27.5,0.1,5.04,open_meteo_era5_seyhan_adana_2022_2023
seyhan_adana,2023-06-01,18.7,27.6,0.0,5.07,open_meteo_era5_seyhan_adana_2022_2023
seyhan_adana,2023-06-02,18.1,31.0,0.0,5.99,open_meteo_era5_seyhan_adana_2022_2023
seyhan_adana,2023-06-03,20.4,29.1,1.2,5.88,open_meteo_era5_seyhan_adana_2022_2023
seyhan_adana,2023-06-04,19.8,26.9,2.3,4.64,open_meteo_era5_seyhan_adana_2022_2023
seyhan_adana,2023-06-05,19.5,26.6,1.2,4.68,open_meteo_era5_seyhan_adana_2022_2023
seyhan_adana,2023-06-06,18.7,29.3,0.0,5.07,open_meteo_era5_seyhan_adana_2022_2023
seyhan_adana,2023-06-07,20.1,31.8,0.0,6.05,open_meteo_era5_seyhan_adana_2022_2023
seyhan_adana,2023-06-08,21.2,31.4,0.2,5.09,open_meteo_era5_seyhan_adana_2022_2023
seyhan_adana,2023-06-09,21.2,31.5,0.1,5.78,open_meteo_era5_seyhan_adana_2022_2023
seyhan_adana,2023-06-10,19.7,31.4,0.0,5.74,open_meteo_era5_seyhan_adana_2022_2023
seyhan_adana,2023-06-11,21.7,28.7,0.6,5.13,open_meteo_era5_seyhan_adana_2022_2023
seyhan_adana,2023-06-12,21.0,27.1,7.5,4.1,open_meteo_era5_seyhan_adana_2022_2023
seyhan_adana,2023-06-13,20.3,27.9,6.0,3.9,open_meteo_era5_seyhan_adana_2022_2023
seyhan_adana,2023-06-14,20.2,28.4,4.3,4.76,open_meteo_era5_seyhan_adana_2022_2023
seyhan_adana,2023-06-15,20.1,30.5,0.0,5.42,open_meteo_era5_seyhan_adana_2022_2023
seyhan_adana,2023-06-16,21.9,30.8,0.0,5.55,open_meteo_era5_seyhan_adana_2022_2023
seyhan_adana,2023-06-17,22.2,31.8,0.0,5.99,open_meteo_era5_seyhan_adana_2022_2023
seyhan_adana,2023-06-18,22.3,30.4,1.6,5.67,open_meteo_era5_seyhan_adana_2022_2023
seyhan_adana,2023-06-19,21.6,28.9,1.5,4.89,open_meteo_era5_seyhan_adana_2022_2023
seyhan_adana,2023-06-20,21.3,29.7,0.3,5.18,open_meteo_era5_seyhan_adana_2022_2023
seyhan_adana,2023-06-21,20.7,30.9,0.9,5.68,open_meteo_era5_seyhan_adana_2022_2023
seyhan_adana,2023-06-22,21.3,34.1,0.0,6.45,open_meteo_era5_seyhan_adana_2022_2023
seyhan_adana,2023-06-23,23.1,36.0,0.0,7.44,open_meteo_era5_seyhan_adana_2022_2023
seyhan_adana,2023-06-24,22.1,36.9,0.0,7.51,open_meteo_era5_seyhan_adana_2022_2023
seyhan_adana,2023-06-25,21.9,35.2,0.0,6.95,open_meteo_era5_seyhan_adana_2022_2023
seyhan_adana,2023-06-26,22.1,32.6,0.0,6.18,open_meteo_era5_seyhan_adana_2022_2023
seyhan_adana,2023-06-27,23.5,32.4,0.0,5.59,open_meteo_era5_seyhan_adana_2022_2023
seyhan_adana,2023-06-28,23.8,32.9,0.1,5.92,open_meteo_era5_seyhan_adana_2022_2023
seyhan_adana,2023-06-29,24.6,32.9,0.5,5.56,open_meteo_era5_seyhan_adana_2022_2023
seyhan_adana,2023-06-30,23.9,32.6,0.3,5.67,open_meteo_era5_seyhan_adana_2022_2023
seyhan_adana,2023-07-01,23.7,33.6,0.0,5.98,open_meteo_era5_seyhan_adana_2022_2023
seyhan_adana,2023-07-02,23.6,32.6,0.0,5.79,open_meteo_era5_seyhan_adana_2022_2023
seyhan_adana,2023-07-03,24.1,33.5,0.0,6.08,open_meteo_era5_seyhan_adana_2022_2023
seyhan_adana,2023-07-04,24.8,34.8,0.2,5.99,open_meteo_era5_seyhan_adana_2022_2023
seyhan_adana,2023-07-05,24.5,33.8,0.0,6.06,open_meteo_era5_seyhan_adana_2022_2023
seyhan_adana,2023-07-06,24.7,33.3,0.3,5.13,open_meteo_era5_seyhan_adana_2022_2023
seyhan_adana,2023-07-07,24.8,33.1,0.1,5.06,open_meteo_era5_seyhan_adana_2022_2023
seyhan_adana,2023-07-08,25.2,32.5,0.4,4.93,open_meteo_era5_seyhan_adana_2022_2023
seyhan_adana,2023-07-09,24.9,35.5,0.3,5.91,open_meteo_era5_seyhan_adana_2022_2023
seyhan_adana,2023-07-10,25.0,35.8,0.1,7.42,open_meteo_era5_seyhan_adana_2022_2023
seyhan_adana,2023-07-11,22.9,36.4,0.0,7.72,open_meteo_era5_seyhan_adana_2022_2023
seyhan_adana,2023-07-12,22.0,38.9,0.0,7.48,open_meteo_era5_seyhan_adana_2022_2023
seyhan_adana,2023-07-13,23.2,40.5,0.0,7.92,open_meteo_era5_seyhan_adana_2022_2023
seyhan_adana,2023-07-14,23.1,39.2,0.0,7.47,open_meteo_era5_seyhan_adana_2022_2023
seyhan_adana,2023-07-15,23.6,43.0,0.0,7.65,open_meteo_era5_seyhan_adana_2022_2023
seyhan_adana,2023-07-16,25.6,39.5,0.0,7.32,open_meteo_era5_seyhan_adana_2022_2023
seyhan_adana,2023-07-17,25.1,41.2,0.0,7.31,open_meteo_era5_seyhan_adana_2022_2023
seyhan_adana,2023-07-18,23.8,39.3,0.0,7.68,open_meteo_era5_seyhan_adana_2022_2023
seyhan_adana,2023-07-19,22.5,38.1,0.0,7.25,open_meteo_era5_seyhan_adana_2022_2023
seyhan_adana,2023-07-20,24.0,36.5,0.0,6.77,open_meteo_era5_seyhan_adana_2022_2023
seyhan_adana,2023-07-21,24.4,36.6,0.0,6.85,open_meteo_era5_seyhan_adana_2022_2023
seyhan_adana,2023-07-22,26.0,37.5,0.0,7.01,open_meteo_era5_seyhan_adana_2022_2023
seyhan_adana,2023-07-23,25.5,40.7,0.0,7.26,open_meteo_era5_seyhan_adana_2022_2023
seyhan_adana,2023-07-24,26.8,41.7,0.0,7.42,open_meteo_era5_seyhan_adana_2022_2023
seyhan_adana,2023-07-25,25.8,40.4,0.0,8.23,open_meteo_era5_seyhan_adana_2022_2023
seyhan_adana,2023-07-26,24.0,39.2,0.0,7.52,open_meteo_era5_seyhan_adana_2022_2023
seyhan_adana,2023-07-27,24.3,37.5,0.0,6.87,open_meteo_era5_seyhan_adana_2022_2023
seyhan_adana,2023-07-28,26.5,36.3,0.0,6.58,open_meteo_era5_seyhan_adana_2022_2023
seyhan_adana,2023-07-29,26.7,35.9,0.1,6.25,open_meteo_era5_seyhan_adana_2022_2023
seyhan_adana,2023-07-30,26.7,35.5,0.0,6.13,open_meteo_era5_seyhan_adana_2022_2023
seyhan_adana,2023-07-31,26.3,36.2,0.1,6.46,open_meteo_era5_seyhan_adana_2022_2023
seyhan_adana,2023-08-01,25.6,36.1,0.0,6.37,open_meteo_era5_seyhan_adana_2022_2023
seyhan_adana,2023-08-02,26.2,34.8,0.7,5.33,open_meteo_era5_seyhan_adana_2022_2023
seyhan_adana,2023-08-03,25.9,35.1,0.0,5.62,open_meteo_era5_seyhan_adana_2022_2023
seyhan_adana,2023-08-04,26.8,35.5,0.1,5.81,open_meteo_era5_seyhan_adana_2022_2023
seyhan_adana,2023-08-05,27.0,35.6,0.0,5.98,open_meteo_era5_seyhan_adana_2022_2023
seyhan_adana,2023-08-06,26.2,35.8,0.0,5.93,open_meteo_era5_seyhan_adana_2022_2023
seyhan_adana,2023-08-07,25.2,35.6,0.0,5.82,open_meteo_era5_seyhan_adana_2022_2023
seyhan_adana,2023-08-08,25.5,35.1,0.0,6.0,open_meteo_era5_seyhan_adana_2022_2023
seyhan_adana,2023-08-09,26.6,34.6,0.3,5.78,open_meteo_era5_seyhan_adana_2022_2023
seyhan_adana,2023-08-10,25.7,35.2,0.2,5.24,open_meteo_era5_seyhan_adana_2022_2023
seyhan_adana,2023-08-11,26.4,35.5,0.0,5.84,open_meteo_era5_seyhan_adana_2022_2023
seyhan_adana,2023-08-12,25.8,38.0,0.0,6.37,open_meteo_era5_seyhan_adana_2022_2023
seyhan_adana,2023-08-13,24.5,45.1,0.0,6.99,open_meteo_era5_seyhan_adana_2022_2023
seyhan_adana,2023-08-14,26.0,42.6,0.0,7.48,open_meteo_era5_seyhan_adana_2022_2023
seyhan_adana,2023-08-15,27.4,38.4,0.2,6.14,open_meteo_era5_seyhan_adana_2022_2023
seyhan_adana,2023-08-16,26.0,36.2,0.0,5.94,open_meteo_era5_seyhan_adana_2022_2023
seyhan_adana,2023-08-17,25.9,36.4,0.0,5.92,open_meteo_era5_seyhan_adana_2022_2023
seyhan_adana,2023-08-18,25.6,36.8,0.0,5.97,open_meteo_era5_seyhan_adana_2022_2023
seyhan_adana,2023-08-19,25.9,36.2,0.0,5.98,open_meteo_era5_seyhan_adana_2022_2023
seyhan_adana,2023-08-20,26.0,36.0,0.0,5.84,open_meteo_era5_seyhan_adana_2022_2023
seyhan_adana,2023-08-21,25.3,36.0,0.0,6.0,open_meteo_era5_seyhan_adana_2022_2023
seyhan_adana,2023-08-22,25.7,37.2,0.0,5.84,open_meteo_era5_seyhan_adana_2022_2023
seyhan_adana,2023-08-23,25.4,37.4,0.0,5.92,open_meteo_era5_seyhan_adana_2022_2023
seyhan_adana,2023-08-24,26.5,36.1,0.0,5.6,open_meteo_era5_seyhan_adana_2022_2023
seyhan_adana,2023-08-25,26.0,36.2,0.0,5.67,open_meteo_era5_seyhan_adana_2022_2023
seyhan_adana,2023-08-26,25.7,36.6,0.0,5.99,open_meteo_era5_seyhan_adana_2022_2023
seyhan_adana,2023-08-27,26.1,35.1,1.0,5.37,open_meteo_era5_seyhan_adana_2022_2023
seyhan_adana,2023-08-28,22.9,34.1,2.2,4.91,open_meteo_era5_seyhan_adana_2022_2023
seyhan_adana,2023-08-29,22.8,34.2,0.8,5.32,open_meteo_era5_seyhan_adana_2022_2023
seyhan_adana,2023-08-30,23.9,35.0,0.4,5.12,open_meteo_era5_seyhan_adana_2022_2023
seyhan_adana,2023-08-31,26.0,35.6,0.4,4.95,open_meteo_era5_seyhan_adana_2022_2023
seyhan_adana,2023-09-01,25.7,35.3,0.2,5.81,open_meteo_era5_seyhan_adana_2022_2023
seyhan_adana,2023-09-02,25.0,33.8,0.0,5.24,open_meteo_era5_seyhan_adana_2022_2023
seyhan_adana,2023-09-03,24.5,34.3,0.7,5.36,open_meteo_era5_seyhan_adana_2022_2023
seyhan_adana,2023-09-04,23.7,33.6,0.6,4.73,open_meteo_era5_seyhan_adana_2022_2023
seyhan_adana,2023-09-05,22.7,35.7,0.0,5.6,open_meteo_era5_seyhan_adana_2022_2023
seyhan_adana,2023-09-06,23.5,34.3,0.0,5.54,open_meteo_era5_seyhan_adana_2022_2023
seyhan_adana,2023-09-07,23.2,34.2,0.0,5.3,open_meteo_era5_seyhan_adana_2022_2023
seyhan_adana,2023-09-08,25.3,33.9,0.2,4.13,open_meteo_era5_seyhan_adana_2022_2023
seyhan_adana,2023-09-09,25.0,34.8,2.6,4.89,open_meteo_era5_seyhan_adana_2022_2023
seyhan_adana,2023-09-10,23.5,33.6,1.0,4.85,open_meteo_era5_seyhan_adana_2022_2023
seyhan_adana,2023-09-11,23.4,31.9,0.4,4.68,open_meteo_era5_seyhan_adana_2022_2023
seyhan_adana,2023-09-12,20.3,33.0,0.0,5.01,open_meteo_era5_seyhan_adana_2022_2023
seyhan_adana,2023-09-13,19.4,35.4,0.0,5.97,open_meteo_era5_seyhan_adana_2022_2023
seyhan_adana,2023-09-14,18.8,33.6,0.0,5.9,open_meteo_era5_seyhan_adana_2022_2023
seyhan_adana,2023-09-15,18.3,33.8,0.0,5.56,open_meteo_era5_seyhan_adana_2022_2023
seyhan_adana,2023-09-16,17.6,35.1,0.0,5.42,open_meteo_era5_seyhan_adana_2022_2023
seyhan_adana,2023-09-17,19.9,34.3,0.0,5.23,open_meteo_era5_seyhan_adana_2022_2023
seyhan_adana,2023-09-18,20.8,33.8,0.0,5.08,open_meteo_era5_seyhan_adana_2022_2023
seyhan_adana,2023-09-19,21.9,32.6,0.0,4.55,open_meteo_era5_seyhan_adana_2022_2023
seyhan_adana,2023-09-20,21.0,32.2,0.7,4.22,open_meteo_era5_seyhan_adana_2022_2023
seyhan_adana,2023-09-21,20.7,34.7,0.0,4.73,open_meteo_era5_seyhan_adana_2022_2023
seyhan_adana,2023-09-22,21.0,36.1,0.0,4.87,open_meteo_era5_seyhan_adana_2022_2023
seyhan_adana,2023-09-23,20.8,36.0,0.0,4.81,open_meteo_era5_seyhan_adana_2022_2023
seyhan_adana,2023-09-24,21.6,34.3,0.0,4.54,open_meteo_era5_seyhan_adana_2022_2023
seyhan_adana,2023-09-25,22.3,34.3,0.0,4.64,open_meteo_era5_seyhan_adana_2022_2023
seyhan_adana,2023-09-26,23.4,33.4,0.0,4.4,open_meteo_era5_seyhan_adana_2022_2023
seyhan_adana,2023-09-27,23.2,33.0,0.8,4.05,open_meteo_era5_seyhan_adana_2022_2023
seyhan_adana,2023-09-28,22.3,34.0,0.4,4.26,open_meteo_era5_seyhan_adana_2022_2023
seyhan_adana,2023-09-29,23.2,33.1,1.8,4.03,open_meteo_era5_seyhan_adana_2022_2023
seyhan_adana,2023-09-30,20.5,31.7,3.0,3.73,open_meteo_era5_seyhan_adana_2022_2023
seyhan_adana,2023-10-01,18.8,27.1,7.6,2.68,open_meteo_era5_seyhan_adana_2022_2023
seyhan_adana,2023-10-02,18.4,28.0,0.7,3.54,open_meteo_era5_seyhan_adana_2022_2023
seyhan_adana,2023-10-03,19.8,29.0,0.3,3.59,open_meteo_era5_seyhan_adana_2022_2023
seyhan_adana,2023-10-04,17.9,30.7,0.0,4.37,open_meteo_era5_seyhan_adana_2022_2023
seyhan_adana,2023-10-05,16.8,30.9,0.0,4.49,open_meteo_era5_seyhan_adana_2022_2023
seyhan_adana,2023-10-06,17.1,32.8,0.0,4.8,open_meteo_era5_seyhan_adana_2022_2023
seyhan_adana,2023-10-07,17.7,33.1,0.0,4.42,open_meteo_era5_seyhan_adana_2022_2023
seyhan_adana,2023-10-08,16.2,32.3,0.0,4.1,open_meteo_era5_seyhan_adana_2022_2023
seyhan_adana,2023-10-09,20.4,30.2,0.1,3.69,open_meteo_era5_seyhan_adana_2022_2023
seyhan_adana,2023-10-10,18.5,30.4,0.2,3.7,open_meteo_era5_seyhan_adana_2022_2023
seyhan_adana,2023-10-11,19.2,32.4,0.0,4.24,open_meteo_era5_seyhan_adana_2022_2023
seyhan_adana,2023-10-12,17.8,32.0,0.0,4.29,open_meteo_era5_seyhan_adana_2022_2023
seyhan_adana,2023-10-13,17.2,31.1,0.0,3.94,open_meteo_era5_seyhan_adana_2022_2023
seyhan_adana,2023-10-14,17.5,30.6,1.0,3.7,open_meteo_era5_seyhan_adana_2022_2023
seyhan_adana,2023-10-15,17.2,21.6,25.2,1.72,open_meteo_era5_seyhan_adana_2022_2023
seyhan_adana,2023-10-16,16.8,27.8,0.0,3.09,open_meteo_era5_seyhan_adana_2022_2023
seyhan_adana,2023-10-17,17.1,28.7,0.7,3.28,open_meteo_era5_seyhan_adana_2022_2023
seyhan_adana,2023-10-18,17.4,26.0,14.1,2.54,open_meteo_era5_seyhan_adana_2022_2023
seyhan_adana,2023-10-19,17.1,27.3,0.6,2.83,open_meteo_era5_seyhan_adana_2022_2023
seyhan_adana,2023-10-20,16.3,27.1,0.9,2.84,open_meteo_era5_seyhan_adana_2022_2023
seyhan_adana,2023-10-21,15.2,28.9,0.0,3.28,open_meteo_era5_seyhan_adana_2022_2023
seyhan_adana,2023-10-22,15.1,31.9,0.0,3.6,open_meteo_era5_seyhan_adana_2022_2023
seyhan_adana,2023-10-23,17.3,33.1,0.0,4.08,open_meteo_era5_seyhan_adana_2022_2023
seyhan_adana,2023-10-24,17.6,32.3,0.0,3.72,open_meteo_era5_seyhan_adana_2022_2023
seyhan_adana,2023-10-25,16.9,31.8,0.0,3.76,open_meteo_era5_seyhan_adana_2022_2023
seyhan_adana,2023-10-26,17.7,31.6,0.0,3.86,open_meteo_era5_seyhan_adana_2022_2023
seyhan_adana,2023-10-27,17.2,31.1,0.0,3.75,open_meteo_era5_seyhan_adana_2022_2023
seyhan_adana,2023-10-28,16.5,30.9,0.0,3.61,open_meteo_era5_seyhan_adana_2022_2023
seyhan_adana,2023-10-29,15.2,31.5,0.0,3.47,open_meteo_era5_seyhan_adana_2022_2023
seyhan_adana,2023-10-30,15.1,31.3,0.0,3.06,open_meteo_era5_seyhan_adana_2022_2023
seyhan_adana,2023-10-31,16.0,31.9,0.0,3.0,open_meteo_era5_seyhan_adana_2022_2023
seyhan_adana,2023-11-01,17.8,29.0,0.2,3.29,open_meteo_era5_seyhan_adana_2022_2023
seyhan_adana,2023-11-02,16.6,27.9,1.9,2.89,open_meteo_era5_seyhan_adana_2022_2023
seyhan_adana,2023-11-03,18.0,26.3,0.8,2.54,open_meteo_era5_seyhan_adana_2022_2023
seyhan_adana,2023-11-04,17.4,27.1,0.2,2.3,open_meteo_era5_seyhan_adana_2022_2023
seyhan_adana,2023-11-05,16.5,28.4,0.0,2.79,open_meteo_era5_seyhan_adana_2022_2023
seyhan_adana,2023-11-06,17.8,26.4,0.0,2.34,open_meteo_era5_seyhan_adana_2022_2023
seyhan_adana,2023-11-07,15.5,28.1,0.0,2.43,open_meteo_era5_seyhan_adana_2022_2023
seyhan_adana,2023-11-08,14.5,27.8,0.0,2.72,open_meteo_era5_seyhan_adana_2022_2023
seyhan_adana,2023-11-09,13.5,25.6,0.0,2.38,open_meteo_era5_seyhan_adana_2022_2023
seyhan_adana,2023-11-10,14.2,27.2,0.0,2.5,open_meteo_era5_seyhan_adana_2022_2023
seyhan_adana,2023-11-11,14.8,27.7,0.0,2.98,open_meteo_era5_seyhan_adana_2022_2023
seyhan_adana,2023-11-12,15.5,28.3,0.0,3.42,open_meteo_era5_seyhan_adana_2022_2023
seyhan_adana,2023-11-13,14.9,27.7,0.2,3.18,open_meteo_era5_seyhan_adana_2022_2023
seyhan_adana,2023-11-14,15.6,23.7,1.9,2.13,open_meteo_era5_seyhan_adana_2022_2023
seyhan_adana,2023-11-15,14.2,25.1,0.0,2.44,open_meteo_era5_seyhan_adana_2022_2023
seyhan_adana,2023-11-16,15.9,23.5,2.2,1.76,open_meteo_era5_seyhan_adana_2022_2023
seyhan_adana,2023-11-17,13.4,24.1,0.0,3.0,open_meteo_era5_seyhan_adana_2022_2023
seyhan_adana,2023-11-18,13.5,22.4,29.3,2.36,open_meteo_era5_seyhan_adana_2022_2023
seyhan_adana,2023-11-19,11.4,20.4,0.9,2.45,open_meteo_era5_seyhan_adana_2022_2023
seyhan_adana,2023-11-20,10.5,18.6,0.0,2.5,open_meteo_era5_seyhan_adana_2022_2023
seyhan_adana,2023-11-21,8.0,19.1,0.0,2.38,open_meteo_era5_seyhan_adana_2022_2023
seyhan_adana,2023-11-22,8.6,19.5,0.0,3.12,open_meteo_era5_seyhan_adana_2022_2023
seyhan_adana,2023-11-23,9.9,21.4,0.0,2.64,open_meteo_era5_seyhan_adana_2022_2023
seyhan_adana,2023-11-24,9.5,22.0,0.0,2.19,open_meteo_era5_seyhan_adana_2022_2023
seyhan_adana,2023-11-25,14.2,18.8,31.6,1.89,open_meteo_era5_seyhan_adana_2022_2023
seyhan_adana,2023-11-26,14.5,19.6,29.7,1.73,open_meteo_era5_seyhan_adana_2022_2023
seyhan_adana,2023-11-27,7.8,17.3,0.0,2.75,open_meteo_era5_seyhan_adana_2022_2023
seyhan_adana,2023-11-28,5.6,15.5,0.0,2.08,open_meteo_era5_seyhan_adana_2022_2023
seyhan_adana,2023-11-29,8.2,16.0,0.0,2.08,open_meteo_era5_seyhan_adana_2022_2023
seyhan_adana,2023-11-30,9.4,18.7,0.0,1.97,open_meteo_era5_seyhan_adana_2022_2023
seyhan_adana,2023-12-01,8.7,21.5,0.0,1.86,open_meteo_era5_seyhan_adana_2022_2023
seyhan_adana,2023-12-02,8.6,21.3,0.0,1.88,open_meteo_era5_seyhan_adana_2022_2023
seyhan_adana,2023-12-03,9.1,21.3,0.0,2.16,open_meteo_era5_seyhan_adana_2022_2023
seyhan_adana,2023-12-04,12.0,23.1,0.0,3.08,open_meteo_era5_seyhan_adana_2022_2023
seyhan_adana,2023-12-05,14.8,21.1,4.5,2.42,open_meteo_era5_seyhan_adana_2022_2023
seyhan_adana,2023-12-06,13.5,18.7,15.7,1.37,open_meteo_era5_seyhan_adana_2022_2023
seyhan_adana,2023-12-07,13.4,17.2,5.8,1.03,open_meteo_era5_seyhan_adana_2022_2023
seyhan_adana,2023-12-08,13.3,15.2,28.4,0.7,open_meteo_era5_seyhan_adana_2022_2023
seyhan_adana,2023-12-09,10.7,15.4,29.5,0.87,open_meteo_era5_seyhan_adana_2022_2023
seyhan_adana,2023-12-10,10.2,17.0,0.0,1.52,open_meteo_era5_seyhan_adana_2022_2023
seyhan_adana,2023-12-11,12.6,18.2,9.8,1.74,open_meteo_era5_seyhan_adana_2022_2023
seyhan_adana,2023-12-12,11.9,17.3,1.8,1.28,open_meteo_era5_seyhan_adana_2022_2023
seyhan_adana,2023-12-13,9.2,20.2,0.0,1.79,open_meteo_era5_seyhan_adana_2022_2023
seyhan_adana,2023-12-14,8.1,17.6,0.0,1.75,open_meteo_era5_seyhan_adana_2022_2023
seyhan_adana,2023-12-15,10.3,18.8,0.0,1.57,open_meteo_era5_seyhan_adana_2022_2023
seyhan_adana,2023-12-16,11.8,21.0,0.0,1.89,open_meteo_era5_seyhan_adana_2022_2023
seyhan_adana,2023-12-17,9.6,19.5,0.0,1.9,open_meteo_era5_seyhan_adana_2022_2023
seyhan_adana,2023-12-18,5.6,16.9,0.0,2.01,open_meteo_era5_seyhan_adana_2022_2023
seyhan_adana,2023-12-19,4.9,18.2,0.0,1.79,open_meteo_era5_seyhan_adana_2022_2023
seyhan_adana,2023-12-20,5.0,18.7,0.0,2.08,open_meteo_era5_seyhan_adana_2022_2023
seyhan_adana,2023-12-21,10.3,16.7,3.6,2.4,open_meteo_era5_seyhan_adana_2022_2023
seyhan_adana,2023-12-22,10.0,12.4,12.1,1.2,open_meteo_era5_seyhan_adana_2022_2023
seyhan_adana,2023-12-23,8.9,17.8,2.0,1.38,open_meteo_era5_seyhan_adana_2022_2023
seyhan_adana,2023-12-24,7.5,17.7,0.0,1.62,open_meteo_era5_seyhan_adana_2022_2023
seyhan_adana,2023-12-25,8.9,19.8,0.0,1.89,open_meteo_era5_seyhan_adana_2022_2023
seyhan_adana,2023-12-26,8.6,19.5,0.0,1.73,open_meteo_era5_seyhan_adana_2022_2023
seyhan_adana,2023-12-27,10.5,20.4,0.0,2.18,open_meteo_era5_seyhan_adana_2022_2023
seyhan_adana,2023-12-28,7.9,21.5,0.0,1.9,open_meteo_era5_seyhan_adana_2022_2023
seyhan_adana,2023-12-29,6.9,20.0,0.0,1.81,open_meteo_era5_seyhan_adana_2022_2023
seyhan_adana,2023-12-30,6.1,18.9,0.0,1.74,open_meteo_era5_seyhan_adana_2022_2023
seyhan_adana,2023-12-31,7.1,17.1,0.0,1.28,open_meteo_era5_seyhan_adana_2022_2023
gediz_manisa,2022-01-01,4.8,13.0,0.1,1.04,open_meteo_era5_gediz_manisa_2022_2023_a082a5d7937a
gediz_manisa,2022-01-02,6.0,15.2,0.0,1.39,open_meteo_era5_gediz_manisa_2022_2023_a082a5d7937a
gediz_manisa,2022-01-03,2.5,14.4,0.0,1.28,open_meteo_era5_gediz_manisa_2022_2023_a082a5d7937a
gediz_manisa,2022-01-04,5.5,16.2,0.0,1.0,open_meteo_era5_gediz_manisa_2022_2023_a082a5d7937a
gediz_manisa,2022-01-05,10.4,17.2,0.5,1.25,open_meteo_era5_gediz_manisa_2022_2023_a082a5d7937a
gediz_manisa,2022-01-06,11.0,17.8,0.5,1.39,open_meteo_era5_gediz_manisa_2022_2023_a082a5d7937a
gediz_manisa,2022-01-07,9.9,14.8,2.3,1.0,open_meteo_era5_gediz_manisa_2022_2023_a082a5d7937a
gediz_manisa,2022-01-08,8.5,14.3,0.2,1.01,open_meteo_era5_gediz_manisa_2022_2023_a082a5d7937a
gediz_manisa,2022-01-09,7.0,12.2,0.2,1.01,open_meteo_era5_gediz_manisa_2022_2023_a082a5d7937a
gediz_manisa,2022-01-10,7.3,13.1,2.3,0.92,open_meteo_era5_gediz_manisa_2022_2023_a082a5d7937a
gediz_manisa,2022-01-11,6.7,11.3,14.6,0.56,open_meteo_era5_gediz_manisa_2022_2023_a082a5d7937a
gediz_manisa,2022-01-12,2.2,8.0,0.6,0.97,open_meteo_era5_gediz_manisa_2022_2023_a082a5d7937a
gediz_manisa,2022-01-13,-0.9,5.0,0.0,1.53,open_meteo_era5_gediz_manisa_2022_2023_a082a5d7937a
gediz_manisa,2022-01-14,-1.9,6.9,0.0,1.28,open_meteo_era5_gediz_manisa_2022_2023_a082a5d7937a
gediz_manisa,2022-01-15,-2.3,9.3,0.0,1.44,open_meteo_era5_gediz_manisa_2022_2023_a082a5d7937a
gediz_manisa,2022-01-16,-1.8,7.7,0.0,1.46,open_meteo_era5_gediz_manisa_2022_2023_a082a5d7937a
gediz_manisa,2022-01-17,-3.5,9.0,0.9,1.38,open_meteo_era5_gediz_manisa_2022_2023_a082a5d7937a
gediz_manisa,2022-01-18,-0.2,6.2,3.1,1.17,open_meteo_era5_gediz_manisa_2022_2023_a082a5d7937a
gediz_manisa,2022-01-19,-3.9,4.7,0.0,1.32,open_meteo_era5_gediz_manisa_2022_2023_a082a5d7937a
gediz_manisa,2022-01-20,-5.0,6.8,0.1,1.24,open_meteo_era5_gediz_manisa_2022_2023_a082a5d7937a
gediz_manisa,2022-01-21,2.9,10.2,25.3,0.78,open_meteo_era5_gediz_manisa_2022_2023_a082a5d7937a
gediz_manisa,2022-01-22,-2.5,7.3,9.3,0.38,open_meteo_era5_gediz_manisa_2022_2023_a082a5d7937a
gediz_manisa,2022-01-23,-2.6,2.2,0.2,1.17,open_meteo_era5_gediz_manisa_2022_2023_a082a5d7937a
gediz_manisa,2022-01-24,-4.5,3.1,0.0,1.28,open_meteo_era5_gediz_manisa_2022_2023_a082a5d7937a
gediz_manisa,2022-01-25,-1.7,4.0,0.0,1.33,open_meteo_era5_gediz_manisa_2022_2023_a082a5d7937a
gediz_manisa,2022-01-26,-1.9,4.3,0.0,1.32,open_meteo_era5_gediz_manisa_2022_2023_a082a5d7937a
gediz_manisa,2022-01-27,-2.5,6.6,0.0,1.38,open_meteo_era5_gediz_manisa_2022_2023_a082a5d7937a
gediz_manisa,2022-01-28,-1.4,8.9,0.0,1.41,open_meteo_era5_gediz_manisa_2022_2023_a082a5d7937a
gediz_manisa,2022-01-29,-0.8,8.0,0.0,1.17,open_meteo_era5_gediz_manisa_2022_2023_a082a5d7937a
gediz_manisa,2022-01-30,1.7,10.4,1.7,1.24,open_meteo_era5_gediz_manisa_2022_2023_a082a5d7937a
gediz_manisa,2022-01-31,0.8,11.0,0.0,1.64,open_meteo_era5_gediz_manisa_2022_2023_a082a5d7937a
gediz_manisa,2022-02-01,-0.2,11.8,2.0,1.1,open_meteo_era5_gediz_manisa_2022_2023_a082a5d7937a
gediz_manisa,2022-02-02,9.1,12.5,22.2,0.91,open_meteo_era5_gediz_manisa_2022_2023_a082a5d7937a
gediz_manisa,2022-02-03,3.9,10.3,9.7,0.89,open_meteo_era5_gediz_manisa_2022_2023_a082a5d7937a
gediz_manisa,2022-02-04,0.2,8.9,0.0,1.81,open_meteo_era5_gediz_manisa_2022_2023_a082a5d7937a
gediz_manisa,2022-02-05,-1.5,11.0,0.0,1.61,open_meteo_era5_gediz_manisa_2022_2023_a082a5d7937a
gediz_manisa,2022-02-06,0.5,12.9,0.0,1.72,open_meteo_era5_gediz_manisa_2022_2023_a082a5d7937a
gediz_manisa,2022-02-07,0.4,13.4,2.2,1.6,open_meteo_era5_gediz_manisa_2022_2023_a082a5d7937a
gediz_manisa,2022-02-08,2.6,13.3,28.0,0.77,open_meteo_era5_gediz_manisa_2022_2023_a082a5d7937a
gediz_manisa,2022-02-09,2.9,6.9,2.3,1.6,open_meteo_era5_gediz_manisa_2022_2023_a082a5d7937a
gediz_manisa,2022-02-10,2.6,10.9,0.0,2.07,open_meteo_era5_gediz_manisa_2022_2023_a082a5d7937a
gediz_manisa,2022-02-11,0.1,15.7,0.0,1.97,open_meteo_era5_gediz_manisa_2022_2023_a082a5d7937a
gediz_manisa,2022-02-12,1.1,15.4,0.0,1.96,open_meteo_era5_gediz_manisa_2022_2023_a082a5d7937a
gediz_manisa,2022-02-13,4.1,12.4,0.0,1.37,open_meteo_era5_gediz_manisa_2022_2023_a082a5d7937a
gediz_manisa,2022-02-14,2.3,10.1,0.0,1.49,open_meteo_era5_gediz_manisa_2022_2023_a082a5d7937a
gediz_manisa,2022-02-15,-0.3,12.6,0.0,1.87,open_meteo_era5_gediz_manisa_2022_2023_a082a5d7937a
gediz_manisa,2022-02-16,0.8,15.6,0.0,2.02,open_meteo_era5_gediz_manisa_2022_2023_a082a5d7937a
gediz_manisa,2022-02-17,3.6,15.4,0.0,1.78,open_meteo_era5_gediz_manisa_2022_2023_a082a5d7937a
gediz_manisa,2022-02-18,4.4,12.6,5.7,1.08,open_meteo_era5_gediz_manisa_2022_2023_a082a5d7937a
gediz_manisa,2022-02-19,2.9,14.0,0.0,2.23,open_meteo_era5_gediz_manisa_2022_2023_a082a5d7937a
gediz_manisa,2022-02-20,3.2,15.5,0.0,2.13,open_meteo_era5_gediz_manisa_2022_2023_a082a5d7937a
gediz_manisa,2022-02-21,8.3,17.7,0.9,1.72,open_meteo_era5_gediz_manisa_2022_2023_a082a5d7937a
gediz_manisa,2022-02-22,10.1,17.1,9.3,1.73,open_meteo_era5_gediz_manisa_2022_2023_a082a5d7937a
gediz_manisa,2022-02-23,9.7,16.5,4.4,1.83,open_meteo_era5_gediz_manisa_2022_2023_a082a5d7937a
gediz_manisa,2022-02-24,5.1,9.5,5.8,0.73,open_meteo_era5_gediz_manisa_2022_2023_a082a5d7937a
gediz_manisa,2022-02-25,3.7,9.2,0.7,1.24,open_meteo_era5_gediz_manisa_2022_2023_a082a5d7937a
gediz_manisa,2022-02-26,1.4,13.4,0.0,2.13,open_meteo_era5_gediz_manisa_2022_2023_a082a5d7937a
gediz_manisa,2022-02-27,5.1,14.3,7.9,1.89,open_meteo_era5_gediz_manisa_2022_2023_a082a5d7937a
gediz_manisa,2022-02-28,4.6,11.8,9.4,1.46,open_meteo_era5_gediz_manisa_2022_2023_a082a5d7937a
gediz_manisa,2022-03-01,3.0,11.3,0.0,1.73,open_meteo_era5_gediz_manisa_2022_2023_a082a5d7937a
gediz_manisa,2022-03-02,2.0,7.5,0.9,1.39,open_meteo_era5_gediz_manisa_2022_2023_a082a5d7937a
gediz_manisa,2022-03-03,1.1,8.2,0.0,1.78,open_meteo_era5_gediz_manisa_2022_2023_a082a5d7937a
gediz_manisa,2022-03-04,-0.7,10.0,0.0,1.91,open_meteo_era5_gediz_manisa_2022_2023_a082a5d7937a
gediz_manisa,2022-03-05,1.5,7.7,15.6,0.63,open_meteo_era5_gediz_manisa_2022_2023_a082a5d7937a
gediz_manisa,2022-03-06,6.5,14.3,11.0,1.25,open_meteo_era5_gediz_manisa_2022_2023_a082a5d7937a
gediz_manisa,2022-03-07,4.4,12.0,14.3,1.12,open_meteo_era5_gediz_manisa_2022_2023_a082a5d7937a
gediz_manisa,2022-03-08,2.6,9.5,7.4,1.05,open_meteo_era5_gediz_manisa_2022_2023_a082a5d7937a
gediz_manisa,2022-03-09,2.6,10.6,0.3,2.18,open_meteo_era5_gediz_manisa_2022_2023_a082a5d7937a
gediz_manisa,2022-03-10,0.2,5.6,1.1,2.0,open_meteo_era5_gediz_manisa_2022_2023_a082a5d7937a
gediz_manisa,2022-03-11,-3.4,3.5,0.6,1.88,open_meteo_era5_gediz_manisa_2022_2023_a082a5d7937a
gediz_manisa,2022-03-12,-4.0,3.9,0.0,2.01,open_meteo_era5_gediz_manisa_2022_2023_a082a5d7937a
gediz_manisa,2022-03-13,-3.6,5.9,0.0,1.78,open_meteo_era5_gediz_manisa_2022_2023_a082a5d7937a
gediz_manisa,2022-03-14,-2.2,8.5,0.0,2.51,open_meteo_era5_gediz_manisa_2022_2023_a082a5d7937a
gediz_manisa,2022-03-15,-0.5,10.1,0.0,2.61,open_meteo_era5_gediz_manisa_2022_2023_a082a5d7937a
gediz_manisa,2022-03-16,0.3,9.7,0.0,2.16,open_meteo_era5_gediz_manisa_2022_2023_a082a5d7937a
gediz_manisa,2022-03-17,3.0,12.7,0.0,2.51,open_meteo_era5_gediz_manisa_2022_2023_a082a5d7937a
gediz_manisa,2022-03-18,-0.8,7.3,0.0,2.6,open_meteo_era5_gediz_manisa_2022_2023_a082a5d7937a
gediz_manisa,2022-03-19,-2.1,5.9,0.0,2.27,open_meteo_era5_gediz_manisa_2022_2023_a082a5d7937a
gediz_manisa,2022-03-20,-1.6,8.4,0.0,2.33,open_meteo_era5_gediz_manisa_2022_2023_a082a5d7937a
gediz_manisa,2022-03-21,-0.5,11.5,0.0,2.96,open_meteo_era5_gediz_manisa_2022_2023_a082a5d7937a
gediz_manisa,2022-03-22,0.8,9.6,0.0,2.53,open_meteo_era5_gediz_manisa_2022_2023_a082a5d7937a
gediz_manisa,2022-03-23,1.8,12.1,0.0,2.82,open_meteo_era5_gediz_manisa_2022_2023_a082a5d7937a
gediz_manisa,2022-03-24,1.0,12.5,0.0,2.84,open_meteo_era5_gediz_manisa_2022_2023_a082a5d7937a
gediz_manisa,2022-03-25,-0.5,18.4,0.4,3.41,open_meteo_era5_gediz_manisa_2022_2023_a082a5d7937a
gediz_manisa,2022-03-26,4.0,15.2,0.0,3.4,open_meteo_era5_gediz_manisa_2022_2023_a082a5d7937a
gediz_manisa,2022-03-27,1.5,18.8,0.0,3.6,open_meteo_era5_gediz_manisa_2022_2023_a082a5d7937a
gediz_manisa,2022-03-28,4.7,20.0,0.0,3.49,open_meteo_era5_gediz_manisa_2022_2023_a082a5d7937a
gediz_manisa,2022-03-29,7.9,18.3,1.0,2.7,open_meteo_era5_gediz_manisa_2022_2023_a082a5d7937a
gediz_manisa,2022-03-30,6.3,20.4,0.0,3.82,open_meteo_era5_gediz_manisa_2022_2023_a082a5d7937a
gediz_manisa,2022-03-31,7.7,19.9,0.5,3.52,open_meteo_era5_gediz_manisa_2022_2023_a082a5d7937a
gediz_manisa,2022-04-01,12.7,25.5,0.2,6.13,open_meteo_era5_gediz_manisa_2022_2023_a082a5d7937a
gediz_manisa,2022-04-02,13.1,20.8,0.0,4.33,open_meteo_era5_gediz_manisa_2022_2023_a082a5d7937a
gediz_manisa,2022-04-03,9.2,19.0,0.5,4.0,open_meteo_era5_gediz_manisa_2022_2023_a082a5d7937a
gediz_manisa,2022-04-04,7.2,20.7,0.1,3.52,open_meteo_era5_gediz_manisa_2022_2023_a082a5d7937a
gediz_manisa,2022-04-05,10.9,22.9,0.1,3.33,open_meteo_era5_gediz_manisa_2022_2023_a082a5d7937a
gediz_manisa,2022-04-06,9.7,21.6,0.0,3.94,open_meteo_era5_gediz_manisa_2022_2023_a082a5d7937a
gediz_manisa,2022-04-07,10.6,21.5,2.9,2.53,open_meteo_era5_gediz_manisa_2022_2023_a082a5d7937a
gediz_manisa,2022-04-08,9.6,21.5,2.0,3.81,open_meteo_era5_gediz_manisa_2022_2023_a082a5d7937a
gediz_manisa,2022-04-09,7.8,23.2,0.0,4.51,open_meteo_era5_gediz_manisa_2022_2023_a082a5d7937a
gediz_manisa,2022-04-10,11.5,22.4,3.0,4.67,open_meteo_era5_gediz_manisa_2022_2023_a082a5d7937a
gediz_manisa,2022-04-11,5.9,13.9,12.2,2.26,open_meteo_era5_gediz_manisa_2022_2023_a082a5d7937a
gediz_manisa,2022-04-12,4.7,15.8,0.0,3.68,open_meteo_era5_gediz_manisa_2022_2023_a082a5d7937a
gediz_manisa,2022-04-13,5.3,17.0,0.0,4.18,open_meteo_era5_gediz_manisa_2022_2023_a082a5d7937a
gediz_manisa,2022-04-14,5.1,19.4,0.0,4.38,open_meteo_era5_gediz_manisa_2022_2023_a082a5d7937a
gediz_manisa,2022-04-15,6.6,22.7,0.0,4.52,open_meteo_era5_gediz_manisa_2022_2023_a082a5d7937a
gediz_manisa,2022-04-16,9.5,25.1,0.0,4.17,open_meteo_era5_gediz_manisa_2022_2023_a082a5d7937a
gediz_manisa,2022-04-17,12.9,16.9,2.4,1.58,open_meteo_era5_gediz_manisa_2022_2023_a082a5d7937a
gediz_manisa,2022-04-18,8.9,15.3,4.9,2.05,open_meteo_era5_gediz_manisa_2022_2023_a082a5d7937a
gediz_manisa,2022-04-19,6.5,14.7,1.3,2.24,open_meteo_era5_gediz_manisa_2022_2023_a082a5d7937a
gediz_manisa,2022-04-20,5.6,18.6,0.0,3.89,open_meteo_era5_gediz_manisa_2022_2023_a082a5d7937a
gediz_manisa,2022-04-21,7.8,21.2,0.0,4.12,open_meteo_era5_gediz_manisa_2022_2023_a082a5d7937a
gediz_manisa,2022-04-22,9.5,26.7,0.0,4.81,open_meteo_era5_gediz_manisa_2022_2023_a082a5d7937a
gediz_manisa,2022-04-23,12.5,26.4,0.0,5.09,open_meteo_era5_gediz_manisa_2022_2023_a082a5d7937a
gediz_manisa,2022-04-24,9.2,26.8,0.0,5.01,open_meteo_era5_gediz_manisa_2022_2023_a082a5d7937a
gediz_manisa,2022-04-25,10.1,25.8,0.0,4.83,open_meteo_era5_gediz_manisa_2022_2023_a082a5d7937a
gediz_manisa,2022-04-26,12.0,27.6,0.0,4.97,open_meteo_era5_gediz_manisa_2022_2023_a082a5d7937a
gediz_manisa,2022-04-27,13.5,27.6,0.0,5.41,open_meteo_era5_gediz_manisa_2022_2023_a082a5d7937a
gediz_manisa,2022-04-28,12.3,27.5,0.0,5.28,open_meteo_era5_gediz_manisa_2022_2023_a082a5d7937a
gediz_manisa,2022-04-29,12.8,26.0,0.0,4.88,open_meteo_era5_gediz_manisa_2022_2023_a082a5d7937a
gediz_manisa,2022-04-30,12.5,19.5,0.0,3.83,open_meteo_era5_gediz_manisa_2022_2023_a082a5d7937a
gediz_manisa,2022-05-01,11.8,22.1,0.0,4.52,open_meteo_era5_gediz_manisa_2022_2023_a082a5d7937a
gediz_manisa,2022-05-02,11.8,19.2,3.4,2.76,open_meteo_era5_gediz_manisa_2022_2023_a082a5d7937a
gediz_manisa,2022-05-03,11.6,20.0,3.9,2.69,open_meteo_era5_gediz_manisa_2022_2023_a082a5d7937a
gediz_manisa,2022-05-04,9.3,18.0,0.0,3.89,open_meteo_era5_gediz_manisa_2022_2023_a082a5d7937a
gediz_manisa,2022-05-05,8.5,21.8,0.0,5.02,open_meteo_era5_gediz_manisa_2022_2023_a082a5d7937a
gediz_manisa,2022-05-06,10.8,21.5,0.0,5.26,open_meteo_era5_gediz_manisa_2022_2023_a082a5d7937a
gediz_manisa,2022-05-07,10.8,23.4,0.0,5.24,open_meteo_era5_gediz_manisa_2022_2023_a082a5d7937a
gediz_manisa,2022-05-08,9.8,25.9,0.0,5.34,open_meteo_era5_gediz_manisa_2022_2023_a082a5d7937a
gediz_manisa,2022-05-09,10.5,24.3,0.0,4.99,open_meteo_era5_gediz_manisa_2022_2023_a082a5d7937a
gediz_manisa,2022-05-10,9.1,25.3,0.0,5.21,open_meteo_era5_gediz_manisa_2022_2023_a082a5d7937a
gediz_manisa,2022-05-11,11.7,24.6,0.0,4.95,open_meteo_era5_gediz_manisa_2022_2023_a082a5d7937a
gediz_manisa,2022-05-12,11.1,25.9,0.0,5.59,open_meteo_era5_gediz_manisa_2022_2023_a082a5d7937a
gediz_manisa,2022-05-13,13.1,26.5,0.4,4.63,open_meteo_era5_gediz_manisa_2022_2023_a082a5d7937a
gediz_manisa,2022-05-14,11.1,26.5,0.1,5.29,open_meteo_era5_gediz_manisa_2022_2023_a082a5d7937a
gediz_manisa,2022-05-15,11.4,27.9,0.0,5.55,open_meteo_era5_gediz_manisa_2022_2023_a082a5d7937a
gediz_manisa,2022-05-16,16.0,27.9,0.1,5.28,open_meteo_era5_gediz_manisa_2022_2023_a082a5d7937a
gediz_manisa,2022-05-17,15.9,29.6,0.0,5.89,open_meteo_era5_gediz_manisa_2022_2023_a082a5d7937a
gediz_manisa,2022-05-18,13.5,30.3,0.2,5.99,open_meteo_era5_gediz_manisa_2022_2023_a082a5d7937a
gediz_manisa,2022-05-19,11.2,20.7,4.4,4.31,open_meteo_era5_gediz_manisa_2022_2023_a082a5d7937a
gediz_manisa,2022-05-20,10.4,26.4,0.0,5.98,open_meteo_era5_gediz_manisa_2022_2023_a082a5d7937a
gediz_manisa,2022-05-21,12.7,28.8,0.2,5.67,open_meteo_era5_gediz_manisa_2022_2023_a082a5d7937a
gediz_manisa,2022-05-22,13.2,28.3,0.1,5.85,open_meteo_era5_gediz_manisa_2022_2023_a082a5d7937a
gediz_manisa,2022-05-23,17.3,29.0,0.0,5.75,open_meteo_era5_gediz_manisa_2022_2023_a082a5d7937a
gediz_manisa,2022-05-24,16.3,30.0,0.0,5.49,open_meteo_era5_gediz_manisa_2022_2023_a082a5d7937a
gediz_manisa,2022-05-25,16.8,32.7,0.1,6.1,open_meteo_era5_gediz_manisa_2022_2023_a082a5d7937a
gediz_manisa,2022-05-26,18.9,33.5,0.4,5.89,open_meteo_era5_gediz_manisa_2022_2023_a082a5d7937a
gediz_manisa,2022-05-27,19.8,32.7,0.2,6.24,open_meteo_era5_gediz_manisa_2022_2023_a082a5d7937a
gediz_manisa,2022-05-28,19.4,34.3,0.1,6.09,open_meteo_era5_gediz_manisa_2022_2023_a082a5d7937a
gediz_manisa,2022-05-29,18.9,34.3,0.0,7.63,open_meteo_era5_gediz_manisa_2022_2023_a082a5d7937a
gediz_manisa,2022-05-30,17.5,30.5,0.0,6.45,open_meteo_era5_gediz_manisa_2022_2023_a082a5d7937a
gediz_manisa,2022-05-31,17.4,31.7,0.0,6.36,open_meteo_era5_gediz_manisa_2022_2023_a082a5d7937a
gediz_manisa,2022-06-01,19.0,31.2,0.1,6.55,open_meteo_era5_gediz_manisa_2022_2023_a082a5d7937a
gediz_manisa,2022-06-02,19.7,32.2,0.7,6.04,open_meteo_era5_gediz_manisa_2022_2023_a082a5d7937a
gediz_manisa,2022-06-03,18.3,31.7,0.0,6.25,open_meteo_era5_gediz_manisa_2022_2023_a082a5d7937a
gediz_manisa,2022-06-04,19.1,32.0,0.0,6.55,open_meteo_era5_gediz_manisa_2022_2023_a082a5d7937a
gediz_manisa,2022-06-05,19.2,32.9,0.0,6.77,open_meteo_era5_gediz_manisa_2022_2023_a082a5d7937a
gediz_manisa,2022-06-06,20.4,32.6,0.0,6.74,open_meteo_era5_gediz_manisa_2022_2023_a082a5d7937a
gediz_manisa,2022-06-07,17.4,28.5,0.0,6.37,open_meteo_era5_gediz_manisa_2022_2023_a082a5d7937a
gediz_manisa,2022-06-08,15.8,29.0,0.0,5.91,open_meteo_era5_gediz_manisa_2022_2023_a082a5d7937a
gediz_manisa,2022-06-09,17.7,30.0,0.1,5.67,open_meteo_era5_gediz_manisa_2022_2023_a082a5d7937a
gediz_manisa,2022-06-10,17.9,32.1,0.0,6.83,open_meteo_era5_gediz_manisa_2022_2023_a082a5d7937a
gediz_manisa,2022-06-11,17.7,23.4,32.6,2.28,open_meteo_era5_gediz_manisa_2022_2023_a082a5d7937a
gediz_manisa,2022-06-12,17.1,23.3,9.9,2.84,open_meteo_era5_gediz_manisa_2022_2023_a082a5d7937a
gediz_manisa,2022-06-13,19.2,28.3,0.7,5.13,open_meteo_era5_gediz_manisa_2022_2023_a082a5d7937a
gediz_manisa,2022-06-14,18.7,30.1,0.2,6.17,open_meteo_era5_gediz_manisa_2022_2023_a082a5d7937a
gediz_manisa,2022-06-15,19.9,30.3,0.5,5.79,open_meteo_era5_gediz_manisa_2022_2023_a082a5d7937a
gediz_manisa,2022-06-16,19.1,30.1,1.1,5.59,open_meteo_era5_gediz_manisa_2022_2023_a082a5d7937a
gediz_manisa,2022-06-17,18.0,29.6,0.0,6.15,open_meteo_era5_gediz_manisa_2022_2023_a082a5d7937a
gediz_manisa,2022-06-18,17.8,30.4,0.0,6.03,open_meteo_era5_gediz_manisa_2022_2023_a082a5d7937a
gediz_manisa,2022-06-19,17.9,30.5,0.0,6.39,open_meteo_era5_gediz_manisa_2022_2023_a082a5d7937a
gediz_manisa,2022-06-20,18.6,30.3,1.2,5.7,open_meteo_era5_gediz_manisa_2022_2023_a082a5d7937a
gediz_manisa,2022-06-21,18.9,30.2,0.0,6.23,open_meteo_era5_gediz_manisa_2022_2023_a082a5d7937a
gediz_manisa,2022-06-22,18.4,33.1,0.0,6.23,open_meteo_era5_gediz_manisa_2022_2023_a082a5d7937a
gediz_manisa,2022-06-23,21.1,33.7,0.0,6.55,open_meteo_era5_gediz_manisa_2022_2023_a082a5d7937a
gediz_manisa,2022-06-24,20.1,29.9,0.1,7.03,open_meteo_era5_gediz_manisa_2022_2023_a082a5d7937a
gediz_manisa,2022-06-25,17.6,31.7,0.0,6.53,open_meteo_era5_gediz_manisa_2022_2023_a082a5d7937a
gediz_manisa,2022-06-26,20.1,30.0,0.0,6.35,open_meteo_era5_gediz_manisa_2022_2023_a082a5d7937a
gediz_manisa,2022-06-27,18.7,30.7,0.0,6.99,open_meteo_era5_gediz_manisa_2022_2023_a082a5d7937a
gediz_manisa,2022-06-28,20.4,29.2,0.7,5.76,open_meteo_era5_gediz_manisa_2022_2023_a082a5d7937a
gediz_manisa,2022-06-29,19.5,30.2,0.1,6.16,open_meteo_era5_gediz_manisa_2022_2023_a082a5d7937a
gediz_manisa,2022-06-30,18.9,32.2,0.0,6.82,open_meteo_era5_gediz_manisa_2022_2023_a082a5d7937a
gediz_manisa,2022-07-01,20.5,33.8,0.0,7.51,open_meteo_era5_gediz_manisa_2022_2023_a082a5d7937a
gediz_manisa,2022-07-02,22.0,34.8,0.0,7.81,open_meteo_era5_gediz_manisa_2022_2023_a082a5d7937a
gediz_manisa,2022-07-03,21.9,34.6,0.0,8.03,open_meteo_era5_gediz_manisa_2022_2023_a082a5d7937a
gediz_manisa,2022-07-04,18.7,33.9,0.0,7.69,open_meteo_era5_gediz_manisa_2022_2023_a082a5d7937a
gediz_manisa,2022-07-05,19.2,33.6,0.0,7.53,open_meteo_era5_gediz_manisa_2022_2023_a082a5d7937a
gediz_manisa,2022-07-06,18.3,32.4,0.0,7.1,open_meteo_era5_gediz_manisa_2022_2023_a082a5d7937a
gediz_manisa,2022-07-07,19.1,32.3,0.0,7.29,open_meteo_era5_gediz_manisa_2022_2023_a082a5d7937a
gediz_manisa,2022-07-08,19.6,32.3,0.0,6.58,open_meteo_era5_gediz_manisa_2022_2023_a082a5d7937a
gediz_manisa,2022-07-09,19.5,29.7,1.8,5.13,open_meteo_era5_gediz_manisa_2022_2023_a082a5d7937a
gediz_manisa,2022-07-10,19.1,28.3,0.5,5.74,open_meteo_era5_gediz_manisa_2022_2023_a082a5d7937a
gediz_manisa,2022-07-11,18.1,30.5,0.0,6.65,open_meteo_era5_gediz_manisa_2022_2023_a082a5d7937a
gediz_manisa,2022-07-12,18.4,31.5,0.0,6.98,open_meteo_era5_gediz_manisa_2022_2023_a082a5d7937a
gediz_manisa,2022-07-13,17.8,30.5,0.0,7.4,open_meteo_era5_gediz_manisa_2022_2023_a082a5d7937a
gediz_manisa,2022-07-14,19.1,34.2,0.0,7.64,open_meteo_era5_gediz_manisa_2022_2023_a082a5d7937a
gediz_manisa,2022-07-15,20.4,33.1,0.0,7.17,open_meteo_era5_gediz_manisa_2022_2023_a082a5d7937a
gediz_manisa,2022-07-16,19.0,33.9,0.0,7.58,open_meteo_era5_gediz_manisa_2022_2023_a082a5d7937a
gediz_manisa,2022-07-17,20.1,34.4,0.0,8.2,open_meteo_era5_gediz_manisa_2022_2023_a082a5d7937a
gediz_manisa,2022-07-18,21.3,33.1,0.0,8.35,open_meteo_era5_gediz_manisa_2022_2023_a082a5d7937a
gediz_manisa,2022-07-19,19.2,31.4,0.0,7.39,open_meteo_era5_gediz_manisa_2022_2023_a082a5d7937a
gediz_manisa,2022-07-20,19.4,31.7,0.0,7.21,open_meteo_era5_gediz_manisa_2022_2023_a082a5d7937a
gediz_manisa,2022-07-21,18.9,34.0,0.0,7.88,open_meteo_era5_gediz_manisa_2022_2023_a082a5d7937a
gediz_manisa,2022-07-22,20.9,34.3,0.0,8.18,open_meteo_era5_gediz_manisa_2022_2023_a082a5d7937a
gediz_manisa,2022-07-23,20.3,35.6,0.0,8.62,open_meteo_era5_gediz_manisa_2022_2023_a082a5d7937a
gediz_manisa,2022-07-24,21.7,36.4,0.0,8.49,open_meteo_era5_gediz_manisa_2022_2023_a082a5d7937a
gediz_manisa,2022-07-25,21.9,36.1,0.1,7.93,open_meteo_era5_gediz_manisa_2022_2023_a082a5d7937a
gediz_manisa,2022-07-26,21.8,34.9,0.0,7.32,open_meteo_era5_gediz_manisa_2022_2023_a082a5d7937a
gediz_manisa,2022-07-27,20.6,36.4,0.0,7.21,open_meteo_era5_gediz_manisa_2022_2023_a082a5d7937a
gediz_manisa,2022-07-28,20.9,37.4,0.0,7.21,open_meteo_era5_gediz_manisa_2022_2023_a082a5d7937a
gediz_manisa,2022-07-29,21.0,35.3,0.0,6.61,open_meteo_era5_gediz_manisa_2022_2023_a082a5d7937a
gediz_manisa,2022-07-30,20.5,35.0,0.0,6.61,open_meteo_era5_gediz_manisa_2022_2023_a082a5d7937a
gediz_manisa,2022-07-31,20.0,33.4,0.0,6.64,open_meteo_era5_gediz_manisa_2022_2023_a082a5d7937a
gediz_manisa,2022-08-01,21.7,33.7,0.0,7.06,open_meteo_era5_gediz_manisa_2022_2023_a082a5d7937a
gediz_manisa,2022-08-02,20.6,33.9,0.0,7.45,open_meteo_era5_gediz_manisa_2022_2023_a082a5d7937a
gediz_manisa,2022-08-03,21.1,34.1,0.0,6.81,open_meteo_era5_gediz_manisa_2022_2023_a082a5d7937a
gediz_manisa,2022-08-04,21.4,33.3,0.0,6.37,open_meteo_era5_gediz_manisa_2022_2023_a082a5d7937a
gediz_manisa,2022-08-05,20.9,33.4,0.0,6.34,open_meteo_era5_gediz_manisa_2022_2023_a082a5d7937a
gediz_manisa,2022-08-06,22.2,33.0,0.0,6.09,open_meteo_era5_gediz_manisa_2022_2023_a082a5d7937a
gediz_manisa,2022-08-07,21.7,33.7,0.2,6.43,open_meteo_era5_gediz_manisa_2022_2023_a082a5d7937a
gediz_manisa,2022-08-08,22.1,34.2,0.8,5.71,open_meteo_era5_gediz_manisa_2022_2023_a082a5d7937a
gediz_manisa,2022-08-09,21.7,33.2,0.3,6.04,open_meteo_era5_gediz_manisa_2022_2023_a082a5d7937a
gediz_manisa,2022-08-10,21.9,33.3,0.0,6.31,open_meteo_era5_gediz_manisa_2022_2023_a082a5d7937a
gediz_manisa,2022-08-11,22.2,32.9,0.0,6.28,open_meteo_era5_gediz_manisa_2022_2023_a082a5d7937a
gediz_manisa,2022-08-12,21.0,33.6,0.0,6.13,open_meteo_era5_gediz_manisa_2022_2023_a082a5d7937a
gediz_manisa,2022-08-13,20.9,32.3,0.3,5.13,open_meteo_era5_gediz_manisa_2022_2023_a082a5d7937a
gediz_manisa,2022-08-14,21.3,31.9,0.0,5.23,open_meteo_era5_gediz_manisa_2022_2023_a082a5d7937a
gediz_manisa,2022-08-15,20.4,30.4,0.0,5.05,open_meteo_era5_gediz_manisa_2022_2023_a082a5d7937a
gediz_manisa,2022-08-16,18.6,32.8,0.0,5.7,open_meteo_era5_gediz_manisa_2022_2023_a082a5d7937a
gediz_manisa,2022-08-17,19.9,34.3,0.0,6.06,open_meteo_era5_gediz_manisa_2022_2023_a082a5d7937a
gediz_manisa,2022-08-18,22.0,35.9,0.0,7.21,open_meteo_era5_gediz_manisa_2022_2023_a082a5d7937a
gediz_manisa,2022-08-19,23.2,34.7,0.0,7.1,open_meteo_era5_gediz_manisa_2022_2023_a082a5d7937a
gediz_manisa,2022-08-20,22.3,34.8,0.0,6.3,open_meteo_era5_gediz_manisa_2022_2023_a082a5d7937a
gediz_manisa,2022-08-21,20.5,36.2,0.0,5.4,open_meteo_era5_gediz_manisa_2022_2023_a082a5d7937a
gediz_manisa,2022-08-22,21.4,35.6,0.0,5.87,open_meteo_era5_gediz_manisa_2022_2023_a082a5d7937a
gediz_manisa,2022-08-23,20.0,33.0,0.0,5.49,open_meteo_era5_gediz_manisa_2022_2023_a082a5d7937a
gediz_manisa,2022-08-24,21.3,31.4,4.0,4.24,open_meteo_era5_gediz_manisa_2022_2023_a082a5d7937a
gediz_manisa,2022-08-25,20.6,29.7,4.3,3.7,open_meteo_era5_gediz_manisa_2022_2023_a082a5d7937a
gediz_manisa,2022-08-26,20.0,28.6,4.1,3.98,open_meteo_era5_gediz_manisa_2022_2023_a082a5d7937a
gediz_manisa,2022-08-27,19.6,31.2,0.0,4.56,open_meteo_era5_gediz_manisa_2022_2023_a082a5d7937a
gediz_manisa,2022-08-28,20.4,32.6,0.0,4.76,open_meteo_era5_gediz_manisa_2022_2023_a082a5d7937a
gediz_manisa,2022-08-29,21.5,34.6,0.0,4.83,open_meteo_era5_gediz_manisa_2022_2023_a082a5d7937a
gediz_manisa,2022-08-30,22.0,34.4,1.7,4.9,open_meteo_era5_gediz_manisa_2022_2023_a082a5d7937a
gediz_manisa,2022-08-31,21.5,31.8,0.9,4.39,open_meteo_era5_gediz_manisa_2022_2023_a082a5d7937a
gediz_manisa,2022-09-01,20.3,31.3,0.2,4.24,open_meteo_era5_gediz_manisa_2022_2023_a082a5d7937a
gediz_manisa,2022-09-02,20.1,33.4,0.5,5.12,open_meteo_era5_gediz_manisa_2022_2023_a082a5d7937a
gediz_manisa,2022-09-03,20.3,33.0,0.0,5.07,open_meteo_era5_gediz_manisa_2022_2023_a082a5d7937a
gediz_manisa,2022-09-04,20.6,32.5,0.0,5.42,open_meteo_era5_gediz_manisa_2022_2023_a082a5d7937a
gediz_manisa,2022-09-05,19.5,29.9,0.0,5.35,open_meteo_era5_gediz_manisa_2022_2023_a082a5d7937a
gediz_manisa,2022-09-06,17.4,29.0,0.0,5.65,open_meteo_era5_gediz_manisa_2022_2023_a082a5d7937a
gediz_manisa,2022-09-07,17.1,30.9,0.0,5.54,open_meteo_era5_gediz_manisa_2022_2023_a082a5d7937a
gediz_manisa,2022-09-08,17.0,31.7,0.0,5.51,open_meteo_era5_gediz_manisa_2022_2023_a082a5d7937a
gediz_manisa,2022-09-09,16.6,32.3,0.0,5.33,open_meteo_era5_gediz_manisa_2022_2023_a082a5d7937a
gediz_manisa,2022-09-10,17.2,34.5,0.0,5.11,open_meteo_era5_gediz_manisa_2022_2023_a082a5d7937a
gediz_manisa,2022-09-11,19.1,34.5,0.0,5.07,open_meteo_era5_gediz_manisa_2022_2023_a082a5d7937a
gediz_manisa,2022-09-12,18.1,29.4,0.3,4.58,open_meteo_era5_gediz_manisa_2022_2023_a082a5d7937a
gediz_manisa,2022-09-13,16.7,29.1,0.0,5.19,open_meteo_era5_gediz_manisa_2022_2023_a082a5d7937a
gediz_manisa,2022-09-14,15.8,29.2,0.0,5.17,open_meteo_era5_gediz_manisa_2022_2023_a082a5d7937a
gediz_manisa,2022-09-15,14.5,32.9,0.0,4.77,open_meteo_era5_gediz_manisa_2022_2023_a082a5d7937a
gediz_manisa,2022-09-16,15.8,34.8,0.0,5.07,open_meteo_era5_gediz_manisa_2022_2023_a082a5d7937a
gediz_manisa,2022-09-17,15.1,33.6,0.0,5.03,open_meteo_era5_gediz_manisa_2022_2023_a082a5d7937a
gediz_manisa,2022-09-18,17.6,31.4,0.0,4.63,open_meteo_era5_gediz_manisa_2022_2023_a082a5d7937a
gediz_manisa,2022-09-19,16.9,29.1,0.0,4.6,open_meteo_era5_gediz_manisa_2022_2023_a082a5d7937a
gediz_manisa,2022-09-20,14.0,27.8,0.0,4.73,open_meteo_era5_gediz_manisa_2022_2023_a082a5d7937a
gediz_manisa,2022-09-21,14.3,26.6,0.2,4.53,open_meteo_era5_gediz_manisa_2022_2023_a082a5d7937a
gediz_manisa,2022-09-22,11.5,22.7,0.0,4.03,open_meteo_era5_gediz_manisa_2022_2023_a082a5d7937a
gediz_manisa,2022-09-23,9.6,22.8,0.0,4.14,open_meteo_era5_gediz_manisa_2022_2023_a082a5d7937a
gediz_manisa,2022-09-24,10.2,24.0,0.0,4.2,open_meteo_era5_gediz_manisa_2022_2023_a082a5d7937a
gediz_manisa,2022-09-25,8.9,28.2,0.0,4.24,open_meteo_era5_gediz_manisa_2022_2023_a082a5d7937a
gediz_manisa,2022-09-26,8.3,29.1,0.0,4.37,open_meteo_era5_gediz_manisa_2022_2023_a082a5d7937a
gediz_manisa,2022-09-27,10.6,27.2,0.0,4.28,open_meteo_era5_gediz_manisa_2022_2023_a082a5d7937a
gediz_manisa,2022-09-28,20.1,27.8,1.2,3.62,open_meteo_era5_gediz_manisa_2022_2023_a082a5d7937a
gediz_manisa,2022-09-29,19.2,29.2,0.8,3.68,open_meteo_era5_gediz_manisa_2022_2023_a082a5d7937a
gediz_manisa,2022-09-30,18.8,33.2,0.7,4.14,open_meteo_era5_gediz_manisa_2022_2023_a082a5d7937a
gediz_manisa,2022-10-01,17.4,33.9,0.0,4.11,open_meteo_era5_gediz_manisa_2022_2023_a082a5d7937a
gediz_manisa,2022-10-02,18.8,30.2,0.5,4.7,open_meteo_era5_gediz_manisa_2022_2023_a082a5d7937a
gediz_manisa,2022-10-03,16.2,27.3,0.0,4.58,open_meteo_era5_gediz_manisa_2022_2023_a082a5d7937a
gediz_manisa,2022-10-04,13.4,25.0,0.1,4.25,open_meteo_era5_gediz_manisa_2022_2023_a082a5d7937a
gediz_manisa,2022-10-05,12.1,24.0,0.0,4.24,open_meteo_era5_gediz_manisa_2022_2023_a082a5d7937a
gediz_manisa,2022-10-06,12.4,25.7,0.0,3.98,open_meteo_era5_gediz_manisa_2022_2023_a082a5d7937a
gediz_manisa,2022-10-07,14.8,24.2,0.0,3.74,open_meteo_era5_gediz_manisa_2022_2023_a082a5d7937a
gediz_manisa,2022-10-08,13.7,22.3,0.7,2.98,open_meteo_era5_gediz_manisa_2022_2023_a082a5d7937a
gediz_manisa,2022-10-09,12.6,24.2,0.0,3.47,open_meteo_era5_gediz_manisa_2022_2023_a082a5d7937a
gediz_manisa,2022-10-10,12.4,26.8,0.0,3.62,open_meteo_era5_gediz_manisa_2022_2023_a082a5d7937a
gediz_manisa,2022-10-11,12.1,27.2,0.0,3.11,open_meteo_era5_gediz_manisa_2022_2023_a082a5d7937a
gediz_manisa,2022-10-12,12.8,24.1,0.0,3.18,open_meteo_era5_gediz_manisa_2022_2023_a082a5d7937a
gediz_manisa,2022-10-13,12.5,23.9,0.0,3.14,open_meteo_era5_gediz_manisa_2022_2023_a082a5d7937a
gediz_manisa,2022-10-14,11.9,22.5,0.6,2.05,open_meteo_era5_gediz_manisa_2022_2023_a082a5d7937a
gediz_manisa,2022-10-15,13.7,23.0,0.9,2.31,open_meteo_era5_gediz_manisa_2022_2023_a082a5d7937a
gediz_manisa,2022-10-16,14.5,22.0,0.1,2.97,open_meteo_era5_gediz_manisa_2022_2023_a082a5d7937a
gediz_manisa,2022-10-17,14.6,22.6,0.0,3.21,open_meteo_era5_gediz_manisa_2022_2023_a082a5d7937a
gediz_manisa,2022-10-18,14.4,25.2,0.0,3.41,open_meteo_era5_gediz_manisa_2022_2023_a082a5d7937a
gediz_manisa,2022-10-19,13.1,23.9,0.0,2.8,open_meteo_era5_gediz_manisa_2022_2023_a082a5d7937a
gediz_manisa,2022-10-20,11.4,23.2,0.0,3.03,open_meteo_era5_gediz_manisa_2022_2023_a082a5d7937a
gediz_manisa,2022-10-21,10.8,21.3,0.0,3.41,open_meteo_era5_gediz_manisa_2022_2023_a082a5d7937a
gediz_manisa,2022-10-22,7.3,21.9,0.0,3.12,open_meteo_era5_gediz_manisa_2022_2023_a082a5d7937a
gediz_manisa,2022-10-23,8.1,25.3,0.0,2.98,open_meteo_era5_gediz_manisa_2022_2023_a082a5d7937a
gediz_manisa,2022-10-24,10.5,25.6,0.0,3.31,open_meteo_era5_gediz_manisa_2022_2023_a082a5d7937a
gediz_manisa,2022-10-25,10.5,25.7,0.0,3.16,open_meteo_era5_gediz_manisa_2022_2023_a082a5d7937a
gediz_manisa,2022-10-26,10.4,26.5,0.0,3.15,open_meteo_era5_gediz_manisa_2022_2023_a082a5d7937a
gediz_manisa,2022-10-27,12.2,24.4,0.0,3.17,open_meteo_era5_gediz_manisa_2022_2023_a082a5d7937a
gediz_manisa,2022-10-28,11.7,24.5,0.0,3.31,open_meteo_era5_gediz_manisa_2022_2023_a082a5d7937a
gediz_manisa,2022-10-29,10.1,22.8,0.0,3.11,open_meteo_era5_gediz_manisa_2022_2023_a082a5d7937a
gediz_manisa,2022-10-30,8.4,21.9,0.0,2.64,open_meteo_era5_gediz_manisa_2022_2023_a082a5d7937a
gediz_manisa,2022-10-31,7.6,23.1,0.0,2.73,open_meteo_era5_gediz_manisa_2022_2023_a082a5d7937a
gediz_manisa,2022-11-01,9.6,23.5,0.0,2.91,open_meteo_era5_gediz_manisa_2022_2023_a082a5d7937a
gediz_manisa,2022-11-02,8.9,22.8,0.0,2.72,open_meteo_era5_gediz_manisa_2022_2023_a082a5d7937a
gediz_manisa,2022-11-03,8.1,25.5,0.0,2.86,open_meteo_era5_gediz_manisa_2022_2023_a082a5d7937a
gediz_manisa,2022-11-04,8.7,26.4,0.0,2.67,open_meteo_era5_gediz_manisa_2022_2023_a082a5d7937a
gediz_manisa,2022-11-05,8.3,26.5,0.0,2.87,open_meteo_era5_gediz_manisa_2022_2023_a082a5d7937a
gediz_manisa,2022-11-06,10.6,22.0,0.6,2.24,open_meteo_era5_gediz_manisa_2022_2023_a082a5d7937a
gediz_manisa,2022-11-07,11.1,19.7,0.0,2.08,open_meteo_era5_gediz_manisa_2022_2023_a082a5d7937a
gediz_manisa,2022-11-08,8.7,18.2,0.0,2.08,open_meteo_era5_gediz_manisa_2022_2023_a082a5d7937a
gediz_manisa,2022-11-09,7.2,19.0,0.0,2.29,open_meteo_era5_gediz_manisa_2022_2023_a082a5d7937a
gediz_manisa,2022-11-10,6.1,19.5,0.0,2.29,open_meteo_era5_gediz_manisa_2022_2023_a082a5d7937a
gediz_manisa,2022-11-11,5.7,19.7,0.0,2.28,open_meteo_era5_gediz_manisa_2022_2023_a082a5d7937a
gediz_manisa,2022-11-12,7.3,20.6,0.0,2.06,open_meteo_era5_gediz_manisa_2022_2023_a082a5d7937a
gediz_manisa,2022-11-13,7.0,20.4,0.0,2.17,open_meteo_era5_gediz_manisa_2022_2023_a082a5d7937a
gediz_manisa,2022-11-14,7.1,18.1,0.0,1.92,open_meteo_era5_gediz_manisa_2022_2023_a082a5d7937a
gediz_manisa,2022-11-15,4.6,17.8,0.0,1.77,open_meteo_era5_gediz_manisa_2022_2023_a082a5d7937a
gediz_manisa,2022-11-16,3.9,16.8,0.0,1.58,open_meteo_era5_gediz_manisa_2022_2023_a082a5d7937a
gediz_manisa,2022-11-17,9.3,20.6,2.3,1.82,open_meteo_era5_gediz_manisa_2022_2023_a082a5d7937a
gediz_manisa,2022-11-18,14.7,19.4,8.6,1.41,open_meteo_era5_gediz_manisa_2022_2023_a082a5d7937a
gediz_manisa,2022-11-19,15.8,22.5,1.9,1.99,open_meteo_era5_gediz_manisa_2022_2023_a082a5d7937a
gediz_manisa,2022-11-20,14.4,23.3,0.0,2.55,open_meteo_era5_gediz_manisa_2022_2023_a082a5d7937a
gediz_manisa,2022-11-21,14.4,21.8,14.0,1.76,open_meteo_era5_gediz_manisa_2022_2023_a082a5d7937a
gediz_manisa,2022-11-22,11.4,19.2,2.2,1.91,open_meteo_era5_gediz_manisa_2022_2023_a082a5d7937a
gediz_manisa,2022-11-23,11.5,15.7,20.7,0.96,open_meteo_era5_gediz_manisa_2022_2023_a082a5d7937a
gediz_manisa,2022-11-24,9.3,17.1,4.6,1.26,open_meteo_era5_gediz_manisa_2022_2023_a082a5d7937a
gediz_manisa,2022-11-25,6.7,12.0,7.0,0.92,open_meteo_era5_gediz_manisa_2022_2023_a082a5d7937a
gediz_manisa,2022-11-26,5.1,14.0,0.0,1.57,open_meteo_era5_gediz_manisa_2022_2023_a082a5d7937a
gediz_manisa,2022-11-27,4.3,11.5,0.0,1.31,open_meteo_era5_gediz_manisa_2022_2023_a082a5d7937a
gediz_manisa,2022-11-28,8.6,10.1,10.0,0.49,open_meteo_era5_gediz_manisa_2022_2023_a082a5d7937a
gediz_manisa,2022-11-29,9.1,14.1,1.9,0.93,open_meteo_era5_gediz_manisa_2022_2023_a082a5d7937a
gediz_manisa,2022-11-30,9.1,17.3,1.9,1.19,open_meteo_era5_gediz_manisa_2022_2023_a082a5d7937a
gediz_manisa,2022-12-01,9.3,13.4,7.9,0.69,open_meteo_era5_gediz_manisa_2022_2023_a082a5d7937a
gediz_manisa,2022-12-02,9.3,14.6,4.6,0.64,open_meteo_era5_gediz_manisa_2022_2023_a082a5d7937a
gediz_manisa,2022-12-03,8.7,15.1,0.0,1.12,open_meteo_era5_gediz_manisa_2022_2023_a082a5d7937a
gediz_manisa,2022-12-04,7.5,14.8,0.0,1.23,open_meteo_era5_gediz_manisa_2022_2023_a082a5d7937a
gediz_manisa,2022-12-05,6.9,12.4,0.0,1.16,open_meteo_era5_gediz_manisa_2022_2023_a082a5d7937a
gediz_manisa,2022-12-06,6.1,14.1,0.0,1.13,open_meteo_era5_gediz_manisa_2022_2023_a082a5d7937a
gediz_manisa,2022-12-07,4.0,14.1,0.0,0.96,open_meteo_era5_gediz_manisa_2022_2023_a082a5d7937a
gediz_manisa,2022-12-08,5.0,14.9,0.3,1.02,open_meteo_era5_gediz_manisa_2022_2023_a082a5d7937a
gediz_manisa,2022-12-09,9.0,19.5,0.0,1.48,open_meteo_era5_gediz_manisa_2022_2023_a082a5d7937a
gediz_manisa,2022-12-10,10.4,17.1,2.2,0.76,open_meteo_era5_gediz_manisa_2022_2023_a082a5d7937a
gediz_manisa,2022-12-11,14.2,17.2,29.9,0.79,open_meteo_era5_gediz_manisa_2022_2023_a082a5d7937a
gediz_manisa,2022-12-12,12.1,18.2,6.5,1.26,open_meteo_era5_gediz_manisa_2022_2023_a082a5d7937a
gediz_manisa,2022-12-13,9.6,14.8,34.4,0.33,open_meteo_era5_gediz_manisa_2022_2023_a082a5d7937a
gediz_manisa,2022-12-14,8.1,14.7,0.6,1.16,open_meteo_era5_gediz_manisa_2022_2023_a082a5d7937a
gediz_manisa,2022-12-15,8.6,16.4,0.0,0.95,open_meteo_era5_gediz_manisa_2022_2023_a082a5d7937a
gediz_manisa,2022-12-16,11.6,20.5,0.0,1.32,open_meteo_era5_gediz_manisa_2022_2023_a082a5d7937a
gediz_manisa,2022-12-17,10.1,20.2,0.0,1.39,open_meteo_era5_gediz_manisa_2022_2023_a082a5d7937a
gediz_manisa,2022-12-18,10.3,20.6,0.0,1.38,open_meteo_era5_gediz_manisa_2022_2023_a082a5d7937a
gediz_manisa,2022-12-19,5.2,11.6,0.0,1.13,open_meteo_era5_gediz_manisa_2022_2023_a082a5d7937a
gediz_manisa,2022-12-20,3.1,10.6,0.0,1.5,open_meteo_era5_gediz_manisa_2022_2023_a082a5d7937a
gediz_manisa,2022-12-21,0.4,11.3,0.0,1.35,open_meteo_era5_gediz_manisa_2022_2023_a082a5d7937a
gediz_manisa,2022-12-22,0.2,13.7,0.0,1.2,open_meteo_era5_gediz_manisa_2022_2023_a082a5d7937a
gediz_manisa,2022-12-23,5.2,12.7,0.0,1.01,open_meteo_era5_gediz_manisa_2022_2023_a082a5d7937a
gediz_manisa,2022-12-24,5.3,14.5,0.0,1.23,open_meteo_era5_gediz_manisa_2022_2023_a082a5d7937a
gediz_manisa,2022-12-25,5.5,14.5,0.4,1.27,open_meteo_era5_gediz_manisa_2022_2023_a082a5d7937a
gediz_manisa,2022-12-26,3.5,13.8,0.0,1.33,open_meteo_era5_gediz_manisa_2022_2023_a082a5d7937a
gediz_manisa,2022-12-27,1.7,15.2,0.0,1.25,open_meteo_era5_gediz_manisa_2022_2023_a082a5d7937a
gediz_manisa,2022-12-28,2.3,15.7,0.0,1.3,open_meteo_era5_gediz_manisa_2022_2023_a082a5d7937a
gediz_manisa,2022-12-29,3.3,15.2,0.0,1.21,open_meteo_era5_gediz_manisa_2022_2023_a082a5d7937a
gediz_manisa,2022-12-30,3.5,15.2,0.0,1.06,open_meteo_era5_gediz_manisa_2022_2023_a082a5d7937a
gediz_manisa,2022-12-31,5.4,14.9,0.0,1.17,open_meteo_era5_gediz_manisa_2022_2023_a082a5d7937a
gediz_manisa,2023-01-01,4.5,14.1,0.0,1.3,open_meteo_era5_gediz_manisa_2022_2023_a082a5d7937a
gediz_manisa,2023-01-02,1.4,14.4,0.0,1.28,open_meteo_era5_gediz_manisa_2022_2023_a082a5d7937a
gediz_manisa,2023-01-03,-0.2,14.0,0.0,1.26,open_meteo_era5_gediz_manisa_2022_2023_a082a5d7937a
gediz_manisa,2023-01-04,-0.6,12.0,0.0,1.3,open_meteo_era5_gediz_manisa_2022_2023_a082a5d7937a
gediz_manisa,2023-01-05,0.0,13.2,0.0,1.17,open_meteo_era5_gediz_manisa_2022_2023_a082a5d7937a
gediz_manisa,2023-01-06,0.0,13.9,0.0,1.16,open_meteo_era5_gediz_manisa_2022_2023_a082a5d7937a
gediz_manisa,2023-01-07,1.9,13.5,0.0,1.32,open_meteo_era5_gediz_manisa_2022_2023_a082a5d7937a
gediz_manisa,2023-01-08,-0.4,12.8,0.0,1.37,open_meteo_era5_gediz_manisa_2022_2023_a082a5d7937a
gediz_manisa,2023-01-09,-1.0,14.3,0.0,1.42,open_meteo_era5_gediz_manisa_2022_2023_a082a5d7937a
gediz_manisa,2023-01-10,3.2,16.1,33.2,1.38,open_meteo_era5_gediz_manisa_2022_2023_a082a5d7937a
gediz_manisa,2023-01-11,6.5,10.9,20.2,0.48,open_meteo_era5_gediz_manisa_2022_2023_a082a5d7937a
gediz_manisa,2023-01-12,5.2,14.4,0.0,1.29,open_meteo_era5_gediz_manisa_2022_2023_a082a5d7937a
gediz_manisa,2023-01-13,6.7,13.5,0.0,1.2,open_meteo_era5_gediz_manisa_2022_2023_a082a5d7937a
gediz_manisa,2023-01-14,5.1,13.9,0.0,1.28,open_meteo_era5_gediz_manisa_2022_2023_a082a5d7937a
gediz_manisa,2023-01-15,4.9,14.0,0.0,1.34,open_meteo_era5_gediz_manisa_2022_2023_a082a5d7937a
gediz_manisa,2023-01-16,2.8,13.9,0.0,1.36,open_meteo_era5_gediz_manisa_2022_2023_a082a5d7937a
gediz_manisa,2023-01-17,7.9,15.4,9.6,1.08,open_meteo_era5_gediz_manisa_2022_2023_a082a5d7937a
gediz_manisa,2023-01-18,12.4,18.1,1.9,2.18,open_meteo_era5_gediz_manisa_2022_2023_a082a5d7937a
gediz_manisa,2023-01-19,10.8,18.3,0.0,1.96,open_meteo_era5_gediz_manisa_2022_2023_a082a5d7937a
gediz_manisa,2023-01-20,7.9,15.9,10.7,1.16,open_meteo_era5_gediz_manisa_2022_2023_a082a5d7937a
gediz_manisa,2023-01-21,6.5,16.3,2.0,1.27,open_meteo_era5_gediz_manisa_2022_2023_a082a5d7937a
gediz_manisa,2023-01-22,7.4,16.1,0.7,1.36,open_meteo_era5_gediz_manisa_2022_2023_a082a5d7937a
gediz_manisa,2023-01-23,5.5,17.1,0.0,1.63,open_meteo_era5_gediz_manisa_2022_2023_a082a5d7937a
gediz_manisa,2023-01-24,4.7,14.4,0.0,1.52,open_meteo_era5_gediz_manisa_2022_2023_a082a5d7937a
gediz_manisa,2023-01-25,3.9,10.5,0.0,1.35,open_meteo_era5_gediz_manisa_2022_2023_a082a5d7937a
gediz_manisa,2023-01-26,3.7,14.4,0.0,1.37,open_meteo_era5_gediz_manisa_2022_2023_a082a5d7937a
gediz_manisa,2023-01-27,6.8,10.8,46.2,0.56,open_meteo_era5_gediz_manisa_2022_2023_a082a5d7937a
gediz_manisa,2023-01-28,4.8,10.4,10.7,0.61,open_meteo_era5_gediz_manisa_2022_2023_a082a5d7937a
gediz_manisa,2023-01-29,1.9,10.9,0.0,1.14,open_meteo_era5_gediz_manisa_2022_2023_a082a5d7937a
gediz_manisa,2023-01-30,0.7,8.3,0.0,1.35,open_meteo_era5_gediz_manisa_2022_2023_a082a5d7937a
gediz_manisa,2023-01-31,0.0,8.1,0.0,1.4,open_meteo_era5_gediz_manisa_2022_2023_a082a5d7937a
gediz_manisa,2023-02-01,-0.6,8.2,0.0,1.41,open_meteo_era5_gediz_manisa_2022_2023_a082a5d7937a
gediz_manisa,2023-02-02,-2.3,11.2,0.1,1.55,open_meteo_era5_gediz_manisa_2022_2023_a082a5d7937a
gediz_manisa,2023-02-03,-2.1,7.1,2.7,0.72,open_meteo_era5_gediz_manisa_2022_2023_a082a5d7937a
gediz_manisa,2023-02-04,-3.4,4.7,1.8,0.63,open_meteo_era5_gediz_manisa_2022_2023_a082a5d7937a
gediz_manisa,2023-02-05,0.6,6.0,0.6,1.13,open_meteo_era5_gediz_manisa_2022_2023_a082a5d7937a
gediz_manisa,2023-02-06,-0.7,3.1,0.2,1.17,open_meteo_era5_gediz_manisa_2022_2023_a082a5d7937a
gediz_manisa,2023-02-07,-0.5,4.0,0.0,1.45,open_meteo_era5_gediz_manisa_2022_2023_a082a5d7937a
gediz_manisa,2023-02-08,-1.4,4.8,0.0,1.45,open_meteo_era5_gediz_manisa_2022_2023_a082a5d7937a
gediz_manisa,2023-02-09,-1.4,8.5,0.0,1.68,open_meteo_era5_gediz_manisa_2022_2023_a082a5d7937a
gediz_manisa,2023-02-10,-0.3,9.4,0.0,1.84,open_meteo_era5_gediz_manisa_2022_2023_a082a5d7937a
gediz_manisa,2023-02-11,-1.2,8.6,0.0,1.77,open_meteo_era5_gediz_manisa_2022_2023_a082a5d7937a
gediz_manisa,2023-02-12,-2.9,8.6,0.0,1.74,open_meteo_era5_gediz_manisa_2022_2023_a082a5d7937a
gediz_manisa,2023-02-13,0.3,11.2,0.0,2.18,open_meteo_era5_gediz_manisa_2022_2023_a082a5d7937a
gediz_manisa,2023-02-14,-0.7,10.9,0.0,2.07,open_meteo_era5_gediz_manisa_2022_2023_a082a5d7937a
gediz_manisa,2023-02-15,1.1,8.9,0.0,1.96,open_meteo_era5_gediz_manisa_2022_2023_a082a5d7937a
gediz_manisa,2023-02-16,-0.1,11.3,0.0,2.04,open_meteo_era5_gediz_manisa_2022_2023_a082a5d7937a
gediz_manisa,2023-02-17,-0.9,14.2,0.0,2.21,open_meteo_era5_gediz_manisa_2022_2023_a082a5d7937a
gediz_manisa,2023-02-18,0.9,16.3,0.0,2.09,open_meteo_era5_gediz_manisa_2022_2023_a082a5d7937a
gediz_manisa,2023-02-19,4.0,17.1,0.0,2.13,open_meteo_era5_gediz_manisa_2022_2023_a082a5d7937a
gediz_manisa,2023-02-20,6.6,16.1,0.5,1.6,open_meteo_era5_gediz_manisa_2022_2023_a082a5d7937a
gediz_manisa,2023-02-21,4.6,18.1,0.0,2.48,open_meteo_era5_gediz_manisa_2022_2023_a082a5d7937a
gediz_manisa,2023-02-22,3.0,18.2,0.0,2.46,open_meteo_era5_gediz_manisa_2022_2023_a082a5d7937a
gediz_manisa,2023-02-23,4.3,18.8,0.0,2.48,open_meteo_era5_gediz_manisa_2022_2023_a082a5d7937a
gediz_manisa,2023-02-24,5.8,18.1,0.0,2.42,open_meteo_era5_gediz_manisa_2022_2023_a082a5d7937a
gediz_manisa,2023-02-25,6.8,18.1,0.3,1.98,open_meteo_era5_gediz_manisa_2022_2023_a082a5d7937a
gediz_manisa,2023-02-26,9.0,18.9,0.0,2.96,open_meteo_era5_gediz_manisa_2022_2023_a082a5d7937a
gediz_manisa,2023-02-27,11.5,22.0,0.0,3.41,open_meteo_era5_gediz_manisa_2022_2023_a082a5d7937a
gediz_manisa,2023-02-28,12.4,18.9,1.1,1.97,open_meteo_era5_gediz_manisa_2022_2023_a082a5d7937a
gediz_manisa,2023-03-01,9.7,21.9,0.0,2.73,open_meteo_era5_gediz_manisa_2022_2023_a082a5d7937a
gediz_manisa,2023-03-02,8.1,17.1,0.0,2.29,open_meteo_era5_gediz_manisa_2022_2023_a082a5d7937a
gediz_manisa,2023-03-03,5.8,16.9,0.0,2.54,open_meteo_era5_gediz_manisa_2022_2023_a082a5d7937a
gediz_manisa,2023-03-04,5.3,12.4,1.6,0.96,open_meteo_era5_gediz_manisa_2022_2023_a082a5d7937a
gediz_manisa,2023-03-05,6.0,11.2,16.0,0.71,open_meteo_era5_gediz_manisa_2022_2023_a082a5d7937a
gediz_manisa,2023-03-06,5.8,14.8,0.7,2.0,open_meteo_era5_gediz_manisa_2022_2023_a082a5d7937a
gediz_manisa,2023-03-07,6.1,14.8,8.4,1.8,open_meteo_era5_gediz_manisa_2022_2023_a082a5d7937a
gediz_manisa,2023-03-08,8.8,18.0,2.8,2.44,open_meteo_era5_gediz_manisa_2022_2023_a082a5d7937a
gediz_manisa,2023-03-09,9.3,17.7,0.5,2.24,open_meteo_era5_gediz_manisa_2022_2023_a082a5d7937a
gediz_manisa,2023-03-10,10.9,17.0,1.6,1.73,open_meteo_era5_gediz_manisa_2022_2023_a082a5d7937a
gediz_manisa,2023-03-11,13.4,15.2,25.9,1.52,open_meteo_era5_gediz_manisa_2022_2023_a082a5d7937a
gediz_manisa,2023-03-12,7.1,14.2,15.6,1.49,open_meteo_era5_gediz_manisa_2022_2023_a082a5d7937a
gediz_manisa,2023-03-13,4.6,12.3,0.0,2.46,open_meteo_era5_gediz_manisa_2022_2023_a082a5d7937a
gediz_manisa,2023-03-14,3.5,14.1,0.0,2.66,open_meteo_era5_gediz_manisa_2022_2023_a082a5d7937a
gediz_manisa,2023-03-15,2.3,17.1,3.9,2.99,open_meteo_era5_gediz_manisa_2022_2023_a082a5d7937a
gediz_manisa,2023-03-16,7.6,15.4,6.3,2.12,open_meteo_era5_gediz_manisa_2022_2023_a082a5d7937a
gediz_manisa,2023-03-17,5.8,12.3,0.2,2.11,open_meteo_era5_gediz_manisa_2022_2023_a082a5d7937a
gediz_manisa,2023-03-18,4.7,13.2,0.0,2.36,open_meteo_era5_gediz_manisa_2022_2023_a082a5d7937a
gediz_manisa,2023-03-19,6.3,11.6,0.0,1.48,open_meteo_era5_gediz_manisa_2022_2023_a082a5d7937a
gediz_manisa,2023-03-20,6.7,18.3,0.0,3.07,open_meteo_era5_gediz_manisa_2022_2023_a082a5d7937a
gediz_manisa,2023-03-21,6.7,18.9,0.0,2.86,open_meteo_era5_gediz_manisa_2022_2023_a082a5d7937a
gediz_manisa,2023-03-22,7.9,18.1,6.8,2.33,open_meteo_era5_gediz_manisa_2022_2023_a082a5d7937a
gediz_manisa,2023-03-23,7.3,17.1,0.0,2.54,open_meteo_era5_gediz_manisa_2022_2023_a082a5d7937a
gediz_manisa,2023-03-24,5.9,18.8,0.0,3.21,open_meteo_era5_gediz_manisa_2022_2023_a082a5d7937a
gediz_manisa,2023-03-25,6.5,20.7,0.0,3.48,open_meteo_era5_gediz_manisa_2022_2023_a082a5d7937a
gediz_manisa,2023-03-26,6.8,21.1,0.1,3.47,open_meteo_era5_gediz_manisa_2022_2023_a082a5d7937a
gediz_manisa,2023-03-27,8.6,21.9,0.3,4.31,open_meteo_era5_gediz_manisa_2022_2023_a082a5d7937a
gediz_manisa,2023-03-28,6.7,15.6,16.4,2.57,open_meteo_era5_gediz_manisa_2022_2023_a082a5d7937a
gediz_manisa,2023-03-29,1.5,9.7,2.7,2.68,open_meteo_era5_gediz_manisa_2022_2023_a082a5d7937a
gediz_manisa,2023-03-30,0.8,14.5,0.0,3.27,open_meteo_era5_gediz_manisa_2022_2023_a082a5d7937a
gediz_manisa,2023-03-31,2.5,17.9,0.0,3.35,open_meteo_era5_gediz_manisa_2022_2023_a082a5d7937a
gediz_manisa,2023-04-01,8.5,19.1,0.5,3.0,open_meteo_era5_gediz_manisa_2022_2023_a082a5d7937a
gediz_manisa,2023-04-02,14.3,19.6,0.4,2.99,open_meteo_era5_gediz_manisa_2022_2023_a082a5d7937a
gediz_manisa,2023-04-03,11.9,23.3,0.0,4.78,open_meteo_era5_gediz_manisa_2022_2023_a082a5d7937a
gediz_manisa,2023-04-04,10.5,15.3,21.9,1.59,open_meteo_era5_gediz_manisa_2022_2023_a082a5d7937a
gediz_manisa,2023-04-05,6.8,15.4,9.7,2.23,open_meteo_era5_gediz_manisa_2022_2023_a082a5d7937a
gediz_manisa,2023-04-06,6.0,12.8,14.9,1.79,open_meteo_era5_gediz_manisa_2022_2023_a082a5d7937a
gediz_manisa,2023-04-07,6.9,15.8,4.6,2.72,open_meteo_era5_gediz_manisa_2022_2023_a082a5d7937a
gediz_manisa,2023-04-08,6.3,18.1,0.0,3.32,open_meteo_era5_gediz_manisa_2022_2023_a082a5d7937a
gediz_manisa,2023-04-09,8.7,18.0,0.4,2.81,open_meteo_era5_gediz_manisa_2022_2023_a082a5d7937a
gediz_manisa,2023-04-10,7.8,15.7,0.9,2.69,open_meteo_era5_gediz_manisa_2022_2023_a082a5d7937a
gediz_manisa,2023-04-11,7.7,14.8,2.9,2.78,open_meteo_era5_gediz_manisa_2022_2023_a082a5d7937a
gediz_manisa,2023-04-12,5.9,16.2,1.2,2.61,open_meteo_era5_gediz_manisa_2022_2023_a082a5d7937a
gediz_manisa,2023-04-13,7.2,19.7,0.0,3.71,open_meteo_era5_gediz_manisa_2022_2023_a082a5d7937a
gediz_manisa,2023-04-14,6.6,22.6,0.0,4.51,open_meteo_era5_gediz_manisa_2022_2023_a082a5d7937a
gediz_manisa,2023-04-15,11.9,21.7,0.0,3.68,open_meteo_era5_gediz_manisa_2022_2023_a082a5d7937a
gediz_manisa,2023-04-16,11.8,21.6,0.8,3.7,open_meteo_era5_gediz_manisa_2022_2023_a082a5d7937a
gediz_manisa,2023-04-17,11.3,23.1,0.4,3.92,open_meteo_era5_gediz_manisa_2022_2023_a082a5d7937a
gediz_manisa,2023-04-18,9.8,20.4,2.7,3.49,open_meteo_era5_gediz_manisa_2022_2023_a082a5d7937a
gediz_manisa,2023-04-19,7.3,18.3,4.3,3.18,open_meteo_era5_gediz_manisa_2022_2023_a082a5d7937a
gediz_manisa,2023-04-20,9.1,19.3,1.0,3.3,open_meteo_era5_gediz_manisa_2022_2023_a082a5d7937a
gediz_manisa,2023-04-21,8.2,20.1,0.3,3.86,open_meteo_era5_gediz_manisa_2022_2023_a082a5d7937a
gediz_manisa,2023-04-22,9.8,22.2,0.2,4.09,open_meteo_era5_gediz_manisa_2022_2023_a082a5d7937a
gediz_manisa,2023-04-23,10.1,19.7,1.3,3.75,open_meteo_era5_gediz_manisa_2022_2023_a082a5d7937a
gediz_manisa,2023-04-24,8.4,22.0,0.0,4.5,open_meteo_era5_gediz_manisa_2022_2023_a082a5d7937a
gediz_manisa,2023-04-25,7.7,22.2,1.1,4.43,open_meteo_era5_gediz_manisa_2022_2023_a082a5d7937a
gediz_manisa,2023-04-26,12.4,17.9,26.8,2.26,open_meteo_era5_gediz_manisa_2022_2023_a082a5d7937a
gediz_manisa,2023-04-27,8.3,16.7,11.4,2.74,open_meteo_era5_gediz_manisa_2022_2023_a082a5d7937a
gediz_manisa,2023-04-28,6.4,16.1,0.0,3.87,open_meteo_era5_gediz_manisa_2022_2023_a082a5d7937a
gediz_manisa,2023-04-29,5.3,17.0,0.0,4.03,open_meteo_era5_gediz_manisa_2022_2023_a082a5d7937a
gediz_manisa,2023-04-30,5.3,20.1,0.0,4.34,open_meteo_era5_gediz_manisa_2022_2023_a082a5d7937a
gediz_manisa,2023-05-01,8.3,23.4,0.0,4.53,open_meteo_era5_gediz_manisa_2022_2023_a082a5d7937a
gediz_manisa,2023-05-02,11.0,25.7,0.1,4.77,open_meteo_era5_gediz_manisa_2022_2023_a082a5d7937a
gediz_manisa,2023-05-03,13.7,26.7,0.8,5.26,open_meteo_era5_gediz_manisa_2022_2023_a082a5d7937a
gediz_manisa,2023-05-04,15.0,19.8,13.4,3.24,open_meteo_era5_gediz_manisa_2022_2023_a082a5d7937a
gediz_manisa,2023-05-05,11.9,18.1,11.1,2.08,open_meteo_era5_gediz_manisa_2022_2023_a082a5d7937a
gediz_manisa,2023-05-06,11.3,20.0,0.0,3.75,open_meteo_era5_gediz_manisa_2022_2023_a082a5d7937a
gediz_manisa,2023-05-07,10.7,21.8,0.0,4.18,open_meteo_era5_gediz_manisa_2022_2023_a082a5d7937a
gediz_manisa,2023-05-08,11.1,23.3,0.0,4.81,open_meteo_era5_gediz_manisa_2022_2023_a082a5d7937a
gediz_manisa,2023-05-09,11.1,22.1,0.0,3.66,open_meteo_era5_gediz_manisa_2022_2023_a082a5d7937a
gediz_manisa,2023-05-10,11.0,20.6,0.0,3.82,open_meteo_era5_gediz_manisa_2022_2023_a082a5d7937a
gediz_manisa,2023-05-11,10.2,21.2,1.2,3.91,open_meteo_era5_gediz_manisa_2022_2023_a082a5d7937a
gediz_manisa,2023-05-12,11.1,18.1,3.4,2.79,open_meteo_era5_gediz_manisa_2022_2023_a082a5d7937a
gediz_manisa,2023-05-13,10.9,20.7,0.0,4.26,open_meteo_era5_gediz_manisa_2022_2023_a082a5d7937a
gediz_manisa,2023-05-14,9.2,23.7,0.1,4.53,open_meteo_era5_gediz_manisa_2022_2023_a082a5d7937a
gediz_manisa,2023-05-15,14.0,30.2,0.0,5.46,open_meteo_era5_gediz_manisa_2022_2023_a082a5d7937a
gediz_manisa,2023-05-16,17.7,32.0,1.6,5.38,open_meteo_era5_gediz_manisa_2022_2023_a082a5d7937a
gediz_manisa,2023-05-17,15.6,25.6,7.2,4.27,open_meteo_era5_gediz_manisa_2022_2023_a082a5d7937a
gediz_manisa,2023-05-18,14.6,21.2,5.6,2.86,open_meteo_era5_gediz_manisa_2022_2023_a082a5d7937a
gediz_manisa,2023-05-19,12.9,20.6,1.1,3.4,open_meteo_era5_gediz_manisa_2022_2023_a082a5d7937a
gediz_manisa,2023-05-20,12.7,23.2,0.0,4.63,open_meteo_era5_gediz_manisa_2022_2023_a082a5d7937a
gediz_manisa,2023-05-21,12.2,24.7,0.6,4.3,open_meteo_era5_gediz_manisa_2022_2023_a082a5d7937a
gediz_manisa,2023-05-22,15.1,21.1,4.9,2.77,open_meteo_era5_gediz_manisa_2022_2023_a082a5d7937a
gediz_manisa,2023-05-23,15.3,21.2,10.3,2.41,open_meteo_era5_gediz_manisa_2022_2023_a082a5d7937a
gediz_manisa,2023-05-24,14.1,23.3,0.9,3.83,open_meteo_era5_gediz_manisa_2022_2023_a082a5d7937a
gediz_manisa,2023-05-25,14.7,25.1,1.3,4.15,open_meteo_era5_gediz_manisa_2022_2023_a082a5d7937a
gediz_manisa,2023-05-26,14.7,27.0,4.1,4.62,open_meteo_era5_gediz_manisa_2022_2023_a082a5d7937a
gediz_manisa,2023-05-27,15.0,26.1,1.7,4.65,open_meteo_era5_gediz_manisa_2022_2023_a082a5d7937a
gediz_manisa,2023-05-28,16.1,24.9,16.6,3.59,open_meteo_era5_gediz_manisa_2022_2023_a082a5d7937a
gediz_manisa,2023-05-29,16.1,23.9,3.6,3.38,open_meteo_era5_gediz_manisa_2022_2023_a082a5d7937a
gediz_manisa,2023-05-30,16.5,22.0,15.5,2.56,open_meteo_era5_gediz_manisa_2022_2023_a082a5d7937a
gediz_manisa,2023-05-31,15.5,24.5,6.7,3.71,open_meteo_era5_gediz_manisa_2022_2023_a082a5d7937a
gediz_manisa,2023-06-01,15.0,28.1,4.7,4.55,open_meteo_era5_gediz_manisa_2022_2023_a082a5d7937a
gediz_manisa,2023-06-02,15.8,24.4,16.3,2.41,open_meteo_era5_gediz_manisa_2022_2023_a082a5d7937a
gediz_manisa,2023-06-03,16.1,22.9,10.9,2.7,open_meteo_era5_gediz_manisa_2022_2023_a082a5d7937a
gediz_manisa,2023-06-04,15.8,24.5,0.7,4.11,open_meteo_era5_gediz_manisa_2022_2023_a082a5d7937a
gediz_manisa,2023-06-05,16.3,27.5,0.0,5.29,open_meteo_era5_gediz_manisa_2022_2023_a082a5d7937a
gediz_manisa,2023-06-06,16.5,29.4,0.0,5.81,open_meteo_era5_gediz_manisa_2022_2023_a082a5d7937a
gediz_manisa,2023-06-07,17.2,30.9,0.0,5.87,open_meteo_era5_gediz_manisa_2022_2023_a082a5d7937a
gediz_manisa,2023-06-08,18.0,26.3,12.4,3.39,open_meteo_era5_gediz_manisa_2022_2023_a082a5d7937a
gediz_manisa,2023-06-09,17.5,27.4,1.2,4.74,open_meteo_era5_gediz_manisa_2022_2023_a082a5d7937a
gediz_manisa,2023-06-10,16.5,29.0,0.0,5.95,open_meteo_era5_gediz_manisa_2022_2023_a082a5d7937a
gediz_manisa,2023-06-11,17.7,28.8,0.2,5.53,open_meteo_era5_gediz_manisa_2022_2023_a082a5d7937a
gediz_manisa,2023-06-12,17.7,28.8,1.8,5.51,open_meteo_era5_gediz_manisa_2022_2023_a082a5d7937a
gediz_manisa,2023-06-13,17.0,26.6,1.9,4.13,open_meteo_era5_gediz_manisa_2022_2023_a082a5d7937a
gediz_manisa,2023-06-14,16.3,28.4,0.0,5.84,open_meteo_era5_gediz_manisa_2022_2023_a082a5d7937a
gediz_manisa,2023-06-15,16.4,30.5,0.2,5.88,open_meteo_era5_gediz_manisa_2022_2023_a082a5d7937a
gediz_manisa,2023-06-16,18.6,32.3,2.1,5.42,open_meteo_era5_gediz_manisa_2022_2023_a082a5d7937a
gediz_manisa,2023-06-17,18.6,24.1,11.9,3.23,open_meteo_era5_gediz_manisa_2022_2023_a082a5d7937a
gediz_manisa,2023-06-18,18.0,23.6,35.5,2.17,open_meteo_era5_gediz_manisa_2022_2023_a082a5d7937a
gediz_manisa,2023-06-19,17.5,27.5,1.0,4.78,open_meteo_era5_gediz_manisa_2022_2023_a082a5d7937a
gediz_manisa,2023-06-20,18.5,29.6,0.0,5.95,open_meteo_era5_gediz_manisa_2022_2023_a082a5d7937a
gediz_manisa,2023-06-21,18.0,30.2,0.0,6.45,open_meteo_era5_gediz_manisa_2022_2023_a082a5d7937a
gediz_manisa,2023-06-22,19.5,31.2,0.0,6.94,open_meteo_era5_gediz_manisa_2022_2023_a082a5d7937a
gediz_manisa,2023-06-23,19.8,32.5,0.0,6.75,open_meteo_era5_gediz_manisa_2022_2023_a082a5d7937a
gediz_manisa,2023-06-24,19.5,34.0,0.0,6.7,open_meteo_era5_gediz_manisa_2022_2023_a082a5d7937a
gediz_manisa,2023-06-25,19.9,32.5,0.0,6.35,open_meteo_era5_gediz_manisa_2022_2023_a082a5d7937a
gediz_manisa,2023-06-26,19.3,31.9,0.4,6.67,open_meteo_era5_gediz_manisa_2022_2023_a082a5d7937a
gediz_manisa,2023-06-27,19.5,31.6,0.0,6.21,open_meteo_era5_gediz_manisa_2022_2023_a082a5d7937a
gediz_manisa,2023-06-28,20.2,32.1,0.0,6.33,open_meteo_era5_gediz_manisa_2022_2023_a082a5d7937a
gediz_manisa,2023-06-29,19.0,31.0,0.2,6.03,open_meteo_era5_gediz_manisa_2022_2023_a082a5d7937a
gediz_manisa,2023-06-30,18.2,29.9,0.0,6.73,open_meteo_era5_gediz_manisa_2022_2023_a082a5d7937a
gediz_manisa,2023-07-01,15.9,31.6,0.0,6.5,open_meteo_era5_gediz_manisa_2022_2023_a082a5d7937a
gediz_manisa,2023-07-02,18.2,34.1,0.0,6.53,open_meteo_era5_gediz_manisa_2022_2023_a082a5d7937a
gediz_manisa,2023-07-03,19.1,33.4,0.0,5.88,open_meteo_era5_gediz_manisa_2022_2023_a082a5d7937a
gediz_manisa,2023-07-04,20.4,34.4,0.0,6.2,open_meteo_era5_gediz_manisa_2022_2023_a082a5d7937a
gediz_manisa,2023-07-05,21.6,34.9,0.7,5.88,open_meteo_era5_gediz_manisa_2022_2023_a082a5d7937a
gediz_manisa,2023-07-06,21.9,32.7,1.0,5.77,open_meteo_era5_gediz_manisa_2022_2023_a082a5d7937a
gediz_manisa,2023-07-07,20.5,34.2,0.3,6.56,open_meteo_era5_gediz_manisa_2022_2023_a082a5d7937a
gediz_manisa,2023-07-08,21.3,30.8,0.5,6.37,open_meteo_era5_gediz_manisa_2022_2023_a082a5d7937a
gediz_manisa,2023-07-09,20.1,29.5,0.0,7.37,open_meteo_era5_gediz_manisa_2022_2023_a082a5d7937a
gediz_manisa,2023-07-10,18.8,31.7,0.0,7.64,open_meteo_era5_gediz_manisa_2022_2023_a082a5d7937a
gediz_manisa,2023-07-11,19.9,33.2,0.0,7.18,open_meteo_era5_gediz_manisa_2022_2023_a082a5d7937a
gediz_manisa,2023-07-12,21.0,35.2,0.0,7.12,open_meteo_era5_gediz_manisa_2022_2023_a082a5d7937a
gediz_manisa,2023-07-13,21.7,37.1,0.0,7.51,open_meteo_era5_gediz_manisa_2022_2023_a082a5d7937a
gediz_manisa,2023-07-14,23.5,39.1,0.0,7.73,open_meteo_era5_gediz_manisa_2022_2023_a082a5d7937a
gediz_manisa,2023-07-15,24.4,38.8,0.0,7.92,open_meteo_era5_gediz_manisa_2022_2023_a082a5d7937a
gediz_manisa,2023-07-16,23.2,36.8,0.0,8.13,open_meteo_era5_gediz_manisa_2022_2023_a082a5d7937a
gediz_manisa,2023-07-17,21.8,36.1,0.0,7.79,open_meteo_era5_gediz_manisa_2022_2023_a082a5d7937a
gediz_manisa,2023-07-18,21.5,35.2,0.0,7.78,open_meteo_era5_gediz_manisa_2022_2023_a082a5d7937a
gediz_manisa,2023-07-19,20.8,37.2,0.0,8.1,open_meteo_era5_gediz_manisa_2022_2023_a082a5d7937a
gediz_manisa,2023-07-20,22.4,38.3,0.0,7.5,open_meteo_era5_gediz_manisa_2022_2023_a082a5d7937a
gediz_manisa,2023-07-21,23.8,38.0,0.1,7.25,open_meteo_era5_gediz_manisa_2022_2023_a082a5d7937a
gediz_manisa,2023-07-22,23.6,38.3,0.0,7.38,open_meteo_era5_gediz_manisa_2022_2023_a082a5d7937a
gediz_manisa,2023-07-23,25.1,38.6,0.0,7.51,open_meteo_era5_gediz_manisa_2022_2023_a082a5d7937a
gediz_manisa,2023-07-24,23.2,34.5,0.0,7.97,open_meteo_era5_gediz_manisa_2022_2023_a082a5d7937a
gediz_manisa,2023-07-25,21.8,36.6,0.0,7.56,open_meteo_era5_gediz_manisa_2022_2023_a082a5d7937a
gediz_manisa,2023-07-26,22.7,41.4,0.0,7.12,open_meteo_era5_gediz_manisa_2022_2023_a082a5d7937a
gediz_manisa,2023-07-27,21.2,35.4,0.0,7.59,open_meteo_era5_gediz_manisa_2022_2023_a082a5d7937a
gediz_manisa,2023-07-28,19.1,32.9,0.0,7.35,open_meteo_era5_gediz_manisa_2022_2023_a082a5d7937a
gediz_manisa,2023-07-29,18.4,33.2,0.0,7.35,open_meteo_era5_gediz_manisa_2022_2023_a082a5d7937a
gediz_manisa,2023-07-30,18.7,34.4,0.0,7.32,open_meteo_era5_gediz_manisa_2022_2023_a082a5d7937a
gediz_manisa,2023-07-31,18.8,33.7,0.0,6.96,open_meteo_era5_gediz_manisa_2022_2023_a082a5d7937a
gediz_manisa,2023-08-01,18.9,34.0,0.0,6.58,open_meteo_era5_gediz_manisa_2022_2023_a082a5d7937a
gediz_manisa,2023-08-02,20.2,35.7,0.0,6.51,open_meteo_era5_gediz_manisa_2022_2023_a082a5d7937a
gediz_manisa,2023-08-03,20.2,37.8,0.0,6.62,open_meteo_era5_gediz_manisa_2022_2023_a082a5d7937a
gediz_manisa,2023-08-04,22.2,38.8,0.0,6.6,open_meteo_era5_gediz_manisa_2022_2023_a082a5d7937a
gediz_manisa,2023-08-05,23.0,37.3,0.1,6.58,open_meteo_era5_gediz_manisa_2022_2023_a082a5d7937a
gediz_manisa,2023-08-06,21.0,32.8,0.2,6.05,open_meteo_era5_gediz_manisa_2022_2023_a082a5d7937a
gediz_manisa,2023-08-07,19.5,34.5,0.0,6.25,open_meteo_era5_gediz_manisa_2022_2023_a082a5d7937a
gediz_manisa,2023-08-08,20.8,34.2,0.0,6.69,open_meteo_era5_gediz_manisa_2022_2023_a082a5d7937a
gediz_manisa,2023-08-09,20.3,31.9,0.0,6.12,open_meteo_era5_gediz_manisa_2022_2023_a082a5d7937a
gediz_manisa,2023-08-10,19.2,31.5,0.0,5.6,open_meteo_era5_gediz_manisa_2022_2023_a082a5d7937a
gediz_manisa,2023-08-11,19.3,31.1,0.0,5.95,open_meteo_era5_gediz_manisa_2022_2023_a082a5d7937a
gediz_manisa,2023-08-12,20.1,33.7,0.0,6.26,open_meteo_era5_gediz_manisa_2022_2023_a082a5d7937a
gediz_manisa,2023-08-13,20.1,34.8,0.0,6.06,open_meteo_era5_gediz_manisa_2022_2023_a082a5d7937a
gediz_manisa,2023-08-14,21.1,35.8,0.0,5.82,open_meteo_era5_gediz_manisa_2022_2023_a082a5d7937a
gediz_manisa,2023-08-15,23.5,35.0,0.0,5.79,open_meteo_era5_gediz_manisa_2022_2023_a082a5d7937a
gediz_manisa,2023-08-16,23.1,35.3,0.0,5.96,open_meteo_era5_gediz_manisa_2022_2023_a082a5d7937a
gediz_manisa,2023-08-17,23.8,37.0,0.1,5.79,open_meteo_era5_gediz_manisa_2022_2023_a082a5d7937a
gediz_manisa,2023-08-18,23.7,37.4,0.0,5.64,open_meteo_era5_gediz_manisa_2022_2023_a082a5d7937a
gediz_manisa,2023-08-19,23.4,36.2,0.4,5.39,open_meteo_era5_gediz_manisa_2022_2023_a082a5d7937a
gediz_manisa,2023-08-20,23.6,35.7,0.0,5.98,open_meteo_era5_gediz_manisa_2022_2023_a082a5d7937a
gediz_manisa,2023-08-21,22.3,38.0,0.0,7.0,open_meteo_era5_gediz_manisa_2022_2023_a082a5d7937a
gediz_manisa,2023-08-22,23.0,38.9,0.0,6.28,open_meteo_era5_gediz_manisa_2022_2023_a082a5d7937a
gediz_manisa,2023-08-23,23.5,38.9,1.2,5.8,open_meteo_era5_gediz_manisa_2022_2023_a082a5d7937a
gediz_manisa,2023-08-24,23.5,36.9,0.0,5.48,open_meteo_era5_gediz_manisa_2022_2023_a082a5d7937a
gediz_manisa,2023-08-25,22.4,36.3,0.3,5.77,open_meteo_era5_gediz_manisa_2022_2023_a082a5d7937a
gediz_manisa,2023-08-26,22.7,35.0,1.4,4.76,open_meteo_era5_gediz_manisa_2022_2023_a082a5d7937a
gediz_manisa,2023-08-27,22.4,32.3,0.5,4.89,open_meteo_era5_gediz_manisa_2022_2023_a082a5d7937a
gediz_manisa,2023-08-28,21.6,32.3,0.0,5.47,open_meteo_era5_gediz_manisa_2022_2023_a082a5d7937a
gediz_manisa,2023-08-29,19.8,34.3,0.0,5.49,open_meteo_era5_gediz_manisa_2022_2023_a082a5d7937a
gediz_manisa,2023-08-30,18.9,33.4,0.0,5.63,open_meteo_era5_gediz_manisa_2022_2023_a082a5d7937a
gediz_manisa,2023-08-31,19.2,32.8,0.0,5.32,open_meteo_era5_gediz_manisa_2022_2023_a082a5d7937a
gediz_manisa,2023-09-01,18.0,33.2,0.1,5.58,open_meteo_era5_gediz_manisa_2022_2023_a082a5d7937a
gediz_manisa,2023-09-02,21.5,29.8,1.5,4.33,open_meteo_era5_gediz_manisa_2022_2023_a082a5d7937a
gediz_manisa,2023-09-03,21.3,32.1,0.2,5.72,open_meteo_era5_gediz_manisa_2022_2023_a082a5d7937a
gediz_manisa,2023-09-04,19.6,31.2,0.3,4.55,open_meteo_era5_gediz_manisa_2022_2023_a082a5d7937a
gediz_manisa,2023-09-05,20.7,30.5,10.7,3.59,open_meteo_era5_gediz_manisa_2022_2023_a082a5d7937a
gediz_manisa,2023-09-06,20.0,32.2,1.9,3.94,open_meteo_era5_gediz_manisa_2022_2023_a082a5d7937a
gediz_manisa,2023-09-07,20.4,32.8,1.2,4.98,open_meteo_era5_gediz_manisa_2022_2023_a082a5d7937a
gediz_manisa,2023-09-08,20.7,33.1,0.0,5.53,open_meteo_era5_gediz_manisa_2022_2023_a082a5d7937a
gediz_manisa,2023-09-09,19.5,31.6,0.0,5.22,open_meteo_era5_gediz_manisa_2022_2023_a082a5d7937a
gediz_manisa,2023-09-10,18.6,31.0,0.0,5.62,open_meteo_era5_gediz_manisa_2022_2023_a082a5d7937a
gediz_manisa,2023-09-11,18.5,31.4,0.0,5.77,open_meteo_era5_gediz_manisa_2022_2023_a082a5d7937a
gediz_manisa,2023-09-12,17.1,30.6,0.0,5.52,open_meteo_era5_gediz_manisa_2022_2023_a082a5d7937a
gediz_manisa,2023-09-13,16.1,31.0,0.0,5.38,open_meteo_era5_gediz_manisa_2022_2023_a082a5d7937a
gediz_manisa,2023-09-14,16.3,31.5,0.0,5.37,open_meteo_era5_gediz_manisa_2022_2023_a082a5d7937a
gediz_manisa,2023-09-15,16.6,32.4,0.0,5.49,open_meteo_era5_gediz_manisa_2022_2023_a082a5d7937a
gediz_manisa,2023-09-16,17.1,32.1,0.0,5.7,open_meteo_era5_gediz_manisa_2022_2023_a082a5d7937a
gediz_manisa,2023-09-17,17.6,32.0,0.0,5.35,open_meteo_era5_gediz_manisa_2022_2023_a082a5d7937a
gediz_manisa,2023-09-18,17.6,29.7,0.0,5.06,open_meteo_era5_gediz_manisa_2022_2023_a082a5d7937a
gediz_manisa,2023-09-19,16.5,29.9,0.0,4.99,open_meteo_era5_gediz_manisa_2022_2023_a082a5d7937a
gediz_manisa,2023-09-20,15.1,30.1,0.0,4.82,open_meteo_era5_gediz_manisa_2022_2023_a082a5d7937a
gediz_manisa,2023-09-21,15.0,31.1,0.0,4.78,open_meteo_era5_gediz_manisa_2022_2023_a082a5d7937a
gediz_manisa,2023-09-22,16.2,33.0,0.0,4.86,open_meteo_era5_gediz_manisa_2022_2023_a082a5d7937a
gediz_manisa,2023-09-23,19.0,34.4,0.0,5.08,open_meteo_era5_gediz_manisa_2022_2023_a082a5d7937a
gediz_manisa,2023-09-24,20.0,35.1,0.0,5.3,open_meteo_era5_gediz_manisa_2022_2023_a082a5d7937a
gediz_manisa,2023-09-25,18.3,31.9,0.0,3.91,open_meteo_era5_gediz_manisa_2022_2023_a082a5d7937a
gediz_manisa,2023-09-26,17.5,31.9,0.0,4.05,open_meteo_era5_gediz_manisa_2022_2023_a082a5d7937a
gediz_manisa,2023-09-27,17.9,30.5,1.8,3.54,open_meteo_era5_gediz_manisa_2022_2023_a082a5d7937a
gediz_manisa,2023-09-28,18.2,27.0,9.2,2.97,open_meteo_era5_gediz_manisa_2022_2023_a082a5d7937a
gediz_manisa,2023-09-29,17.0,28.1,0.8,3.24,open_meteo_era5_gediz_manisa_2022_2023_a082a5d7937a
gediz_manisa,2023-09-30,15.6,27.0,0.5,3.18,open_meteo_era5_gediz_manisa_2022_2023_a082a5d7937a
gediz_manisa,2023-10-01,17.5,23.8,0.6,3.13,open_meteo_era5_gediz_manisa_2022_2023_a082a5d7937a
gediz_manisa,2023-10-02,17.1,24.9,0.1,3.81,open_meteo_era5_gediz_manisa_2022_2023_a082a5d7937a
gediz_manisa,2023-10-03,15.4,26.6,0.0,4.18,open_meteo_era5_gediz_manisa_2022_2023_a082a5d7937a
gediz_manisa,2023-10-04,13.5,26.7,0.0,3.76,open_meteo_era5_gediz_manisa_2022_2023_a082a5d7937a
gediz_manisa,2023-10-05,12.0,28.0,0.0,3.62,open_meteo_era5_gediz_manisa_2022_2023_a082a5d7937a
gediz_manisa,2023-10-06,12.8,26.9,0.0,3.59,open_meteo_era5_gediz_manisa_2022_2023_a082a5d7937a
gediz_manisa,2023-10-07,14.7,27.6,0.0,3.68,open_meteo_era5_gediz_manisa_2022_2023_a082a5d7937a
gediz_manisa,2023-10-08,13.4,27.7,0.0,3.5,open_meteo_era5_gediz_manisa_2022_2023_a082a5d7937a
gediz_manisa,2023-10-09,12.9,26.3,0.0,3.66,open_meteo_era5_gediz_manisa_2022_2023_a082a5d7937a
gediz_manisa,2023-10-10,11.8,25.7,0.0,3.86,open_meteo_era5_gediz_manisa_2022_2023_a082a5d7937a
gediz_manisa,2023-10-11,13.4,25.0,0.0,3.93,open_meteo_era5_gediz_manisa_2022_2023_a082a5d7937a
gediz_manisa,2023-10-12,12.2,26.4,0.0,3.47,open_meteo_era5_gediz_manisa_2022_2023_a082a5d7937a
gediz_manisa,2023-10-13,11.7,27.4,0.0,3.3,open_meteo_era5_gediz_manisa_2022_2023_a082a5d7937a
gediz_manisa,2023-10-14,11.7,27.1,0.0,3.12,open_meteo_era5_gediz_manisa_2022_2023_a082a5d7937a
gediz_manisa,2023-10-15,11.2,26.6,0.0,3.1,open_meteo_era5_gediz_manisa_2022_2023_a082a5d7937a
gediz_manisa,2023-10-16,11.0,27.3,0.0,2.93,open_meteo_era5_gediz_manisa_2022_2023_a082a5d7937a
gediz_manisa,2023-10-17,11.5,23.1,0.0,2.73,open_meteo_era5_gediz_manisa_2022_2023_a082a5d7937a
gediz_manisa,2023-10-18,11.3,18.0,3.3,1.36,open_meteo_era5_gediz_manisa_2022_2023_a082a5d7937a
gediz_manisa,2023-10-19,9.2,22.2,0.0,2.57,open_meteo_era5_gediz_manisa_2022_2023_a082a5d7937a
gediz_manisa,2023-10-20,9.3,26.7,0.0,3.0,open_meteo_era5_gediz_manisa_2022_2023_a082a5d7937a
gediz_manisa,2023-10-21,10.6,28.8,0.0,3.04,open_meteo_era5_gediz_manisa_2022_2023_a082a5d7937a
gediz_manisa,2023-10-22,13.0,29.5,0.0,2.86,open_meteo_era5_gediz_manisa_2022_2023_a082a5d7937a
gediz_manisa,2023-10-23,14.7,30.3,0.0,2.85,open_meteo_era5_gediz_manisa_2022_2023_a082a5d7937a
gediz_manisa,2023-10-24,12.3,28.4,0.0,2.9,open_meteo_era5_gediz_manisa_2022_2023_a082a5d7937a
gediz_manisa,2023-10-25,11.5,27.5,0.0,2.74,open_meteo_era5_gediz_manisa_2022_2023_a082a5d7937a
gediz_manisa,2023-10-26,15.8,23.7,1.6,1.47,open_meteo_era5_gediz_manisa_2022_2023_a082a5d7937a
gediz_manisa,2023-10-27,14.1,27.3,0.1,2.9,open_meteo_era5_gediz_manisa_2022_2023_a082a5d7937a
gediz_manisa,2023-10-28,16.2,27.3,0.0,2.6,open_meteo_era5_gediz_manisa_2022_2023_a082a5d7937a
gediz_manisa,2023-10-29,16.0,26.8,0.0,2.13,open_meteo_era5_gediz_manisa_2022_2023_a082a5d7937a
gediz_manisa,2023-10-30,15.4,26.9,0.0,2.46,open_meteo_era5_gediz_manisa_2022_2023_a082a5d7937a
gediz_manisa,2023-10-31,14.0,25.8,0.1,2.26,open_meteo_era5_gediz_manisa_2022_2023_a082a5d7937a
gediz_manisa,2023-11-01,14.5,25.2,0.6,2.28,open_meteo_era5_gediz_manisa_2022_2023_a082a5d7937a
gediz_manisa,2023-11-02,16.4,23.2,7.0,1.8,open_meteo_era5_gediz_manisa_2022_2023_a082a5d7937a
gediz_manisa,2023-11-03,16.9,25.6,0.3,2.34,open_meteo_era5_gediz_manisa_2022_2023_a082a5d7937a
gediz_manisa,2023-11-04,16.8,29.7,20.1,4.06,open_meteo_era5_gediz_manisa_2022_2023_a082a5d7937a
gediz_manisa,2023-11-05,17.3,24.3,5.0,2.36,open_meteo_era5_gediz_manisa_2022_2023_a082a5d7937a
gediz_manisa,2023-11-06,15.1,25.2,0.3,2.06,open_meteo_era5_gediz_manisa_2022_2023_a082a5d7937a
gediz_manisa,2023-11-07,13.5,25.6,0.0,2.04,open_meteo_era5_gediz_manisa_2022_2023_a082a5d7937a
gediz_manisa,2023-11-08,12.0,25.4,0.0,2.16,open_meteo_era5_gediz_manisa_2022_2023_a082a5d7937a
gediz_manisa,2023-11-09,10.7,21.7,3.4,1.57,open_meteo_era5_gediz_manisa_2022_2023_a082a5d7937a
gediz_manisa,2023-11-10,9.8,21.5,0.0,1.82,open_meteo_era5_gediz_manisa_2022_2023_a082a5d7937a
gediz_manisa,2023-11-11,15.0,21.3,37.1,1.08,open_meteo_era5_gediz_manisa_2022_2023_a082a5d7937a
gediz_manisa,2023-11-12,13.9,21.1,20.2,1.27,open_meteo_era5_gediz_manisa_2022_2023_a082a5d7937a
gediz_manisa,2023-11-13,10.3,16.2,25.7,0.36,open_meteo_era5_gediz_manisa_2022_2023_a082a5d7937a
gediz_manisa,2023-11-14,8.3,18.9,0.0,1.7,open_meteo_era5_gediz_manisa_2022_2023_a082a5d7937a
gediz_manisa,2023-11-15,7.6,22.1,0.0,2.13,open_meteo_era5_gediz_manisa_2022_2023_a082a5d7937a
gediz_manisa,2023-11-16,8.4,17.4,6.5,1.37,open_meteo_era5_gediz_manisa_2022_2023_a082a5d7937a
gediz_manisa,2023-11-17,4.7,18.1,0.1,1.8,open_meteo_era5_gediz_manisa_2022_2023_a082a5d7937a
gediz_manisa,2023-11-18,6.5,16.5,28.8,0.67,open_meteo_era5_gediz_manisa_2022_2023_a082a5d7937a
gediz_manisa,2023-11-19,2.7,8.8,0.6,0.79,open_meteo_era5_gediz_manisa_2022_2023_a082a5d7937a
gediz_manisa,2023-11-20,1.9,13.7,0.0,1.4,open_meteo_era5_gediz_manisa_2022_2023_a082a5d7937a
gediz_manisa,2023-11-21,3.9,17.4,0.0,1.74,open_meteo_era5_gediz_manisa_2022_2023_a082a5d7937a
gediz_manisa,2023-11-22,12.5,18.1,0.6,1.14,open_meteo_era5_gediz_manisa_2022_2023_a082a5d7937a
gediz_manisa,2023-11-23,11.7,20.4,0.9,1.3,open_meteo_era5_gediz_manisa_2022_2023_a082a5d7937a
gediz_manisa,2023-11-24,10.0,18.8,4.5,1.24,open_meteo_era5_gediz_manisa_2022_2023_a082a5d7937a
gediz_manisa,2023-11-25,12.7,16.0,25.6,0.81,open_meteo_era5_gediz_manisa_2022_2023_a082a5d7937a
gediz_manisa,2023-11-26,4.1,16.0,18.6,1.27,open_meteo_era5_gediz_manisa_2022_2023_a082a5d7937a
gediz_manisa,2023-11-27,0.4,8.7,1.4,0.94,open_meteo_era5_gediz_manisa_2022_2023_a082a5d7937a
gediz_manisa,2023-11-28,-0.3,15.2,24.1,0.85,open_meteo_era5_gediz_manisa_2022_2023_a082a5d7937a
gediz_manisa,2023-11-29,15.8,17.0,45.7,1.17,open_meteo_era5_gediz_manisa_2022_2023_a082a5d7937a
gediz_manisa,2023-11-30,13.0,19.2,11.3,0.98,open_meteo_era5_gediz_manisa_2022_2023_a082a5d7937a
gediz_manisa,2023-12-01,13.4,20.1,0.2,1.45,open_meteo_era5_gediz_manisa_2022_2023_a082a5d7937a
gediz_manisa,2023-12-02,13.5,19.9,0.0,1.42,open_meteo_era5_gediz_manisa_2022_2023_a082a5d7937a
gediz_manisa,2023-12-03,12.3,20.1,0.0,1.55,open_meteo_era5_gediz_manisa_2022_2023_a082a5d7937a
gediz_manisa,2023-12-04,10.3,17.4,3.7,0.92,open_meteo_era5_gediz_manisa_2022_2023_a082a5d7937a
gediz_manisa,2023-12-05,8.9,16.1,0.1,1.1,open_meteo_era5_gediz_manisa_2022_2023_a082a5d7937a
gediz_manisa,2023-12-06,9.9,13.5,9.3,0.61,open_meteo_era5_gediz_manisa_2022_2023_a082a5d7937a
gediz_manisa,2023-12-07,10.3,15.3,16.4,0.8,open_meteo_era5_gediz_manisa_2022_2023_a082a5d7937a
gediz_manisa,2023-12-08,8.0,12.3,12.4,0.76,open_meteo_era5_gediz_manisa_2022_2023_a082a5d7937a
gediz_manisa,2023-12-09,4.2,9.1,0.8,0.55,open_meteo_era5_gediz_manisa_2022_2023_a082a5d7937a
gediz_manisa,2023-12-10,2.8,11.8,0.1,0.81,open_meteo_era5_gediz_manisa_2022_2023_a082a5d7937a
gediz_manisa,2023-12-11,5.1,14.9,0.3,1.21,open_meteo_era5_gediz_manisa_2022_2023_a082a5d7937a
gediz_manisa,2023-12-12,3.0,12.6,0.4,0.88,open_meteo_era5_gediz_manisa_2022_2023_a082a5d7937a
gediz_manisa,2023-12-13,4.0,14.6,0.0,1.18,open_meteo_era5_gediz_manisa_2022_2023_a082a5d7937a
gediz_manisa,2023-12-14,10.3,18.0,0.0,1.4,open_meteo_era5_gediz_manisa_2022_2023_a082a5d7937a
gediz_manisa,2023-12-15,11.6,20.4,0.1,1.62,open_meteo_era5_gediz_manisa_2022_2023_a082a5d7937a
gediz_manisa,2023-12-16,7.8,15.5,15.4,0.66,open_meteo_era5_gediz_manisa_2022_2023_a082a5d7937a
gediz_manisa,2023-12-17,4.1,10.2,0.4,1.1,open_meteo_era5_gediz_manisa_2022_2023_a082a5d7937a
gediz_manisa,2023-12-18,1.6,11.5,0.0,1.26,open_meteo_era5_gediz_manisa_2022_2023_a082a5d7937a
gediz_manisa,2023-12-19,2.5,14.2,0.0,1.25,open_meteo_era5_gediz_manisa_2022_2023_a082a5d7937a
gediz_manisa,2023-12-20,3.0,15.5,0.4,1.19,open_meteo_era5_gediz_manisa_2022_2023_a082a5d7937a
gediz_manisa,2023-12-21,8.0,10.2,18.3,0.33,open_meteo_era5_gediz_manisa_2022_2023_a082a5d7937a
gediz_manisa,2023-12-22,6.7,13.4,7.9,0.71,open_meteo_era5_gediz_manisa_2022_2023_a082a5d7937a
gediz_manisa,2023-12-23,5.5,14.8,0.0,1.06,open_meteo_era5_gediz_manisa_2022_2023_a082a5d7937a
gediz_manisa,2023-12-24,5.0,17.2,0.0,1.29,open_meteo_era5_gediz_manisa_2022_2023_a082a5d7937a
gediz_manisa,2023-12-25,5.4,17.7,0.0,1.32,open_meteo_era5_gediz_manisa_2022_2023_a082a5d7937a
gediz_manisa,2023-12-26,8.7,17.9,0.0,1.31,open_meteo_era5_gediz_manisa_2022_2023_a082a5d7937a
gediz_manisa,2023-12-27,8.5,16.4,0.0,1.01,open_meteo_era5_gediz_manisa_2022_2023_a082a5d7937a
gediz_manisa,2023-12-28,6.3,15.7,0.0,1.21,open_meteo_era5_gediz_manisa_2022_2023_a082a5d7937a
gediz_manisa,2023-12-29,3.8,16.3,0.0,1.25,open_meteo_era5_gediz_manisa_2022_2023_a082a5d7937a
gediz_manisa,2023-12-30,6.8,15.1,0.0,0.8,open_meteo_era5_gediz_manisa_2022_2023_a082a5d7937a
gediz_manisa,2023-12-31,9.2,16.9,0.0,1.15,open_meteo_era5_gediz_manisa_2022_2023_a082a5d7937a
gap_sanliurfa,2022-01-01,6.0,11.6,0.0,1.47,open_meteo_era5_gap_sanliurfa_2022_2023_4ec9fa9c3621
gap_sanliurfa,2022-01-02,4.5,12.6,1.1,1.44,open_meteo_era5_gap_sanliurfa_2022_2023_4ec9fa9c3621
gap_sanliurfa,2022-01-03,3.2,13.6,0.0,2.33,open_meteo_era5_gap_sanliurfa_2022_2023_4ec9fa9c3621
gap_sanliurfa,2022-01-04,0.5,11.2,0.0,1.14,open_meteo_era5_gap_sanliurfa_2022_2023_4ec9fa9c3621
gap_sanliurfa,2022-01-05,1.1,12.7,0.0,1.25,open_meteo_era5_gap_sanliurfa_2022_2023_4ec9fa9c3621
gap_sanliurfa,2022-01-06,7.2,14.3,0.0,1.28,open_meteo_era5_gap_sanliurfa_2022_2023_4ec9fa9c3621
gap_sanliurfa,2022-01-07,8.6,15.8,0.0,1.76,open_meteo_era5_gap_sanliurfa_2022_2023_4ec9fa9c3621
gap_sanliurfa,2022-01-08,7.6,17.7,0.0,2.37,open_meteo_era5_gap_sanliurfa_2022_2023_4ec9fa9c3621
gap_sanliurfa,2022-01-09,8.5,15.2,2.4,2.39,open_meteo_era5_gap_sanliurfa_2022_2023_4ec9fa9c3621
gap_sanliurfa,2022-01-10,8.3,14.6,0.5,1.72,open_meteo_era5_gap_sanliurfa_2022_2023_4ec9fa9c3621
gap_sanliurfa,2022-01-11,7.9,14.1,0.3,1.07,open_meteo_era5_gap_sanliurfa_2022_2023_4ec9fa9c3621
gap_sanliurfa,2022-01-12,9.4,13.8,2.9,0.81,open_meteo_era5_gap_sanliurfa_2022_2023_4ec9fa9c3621
gap_sanliurfa,2022-01-13,10.2,14.9,4.7,1.29,open_meteo_era5_gap_sanliurfa_2022_2023_4ec9fa9c3621
gap_sanliurfa,2022-01-14,2.7,13.8,4.4,2.17,open_meteo_era5_gap_sanliurfa_2022_2023_4ec9fa9c3621
gap_sanliurfa,2022-01-15,1.8,12.6,0.0,2.22,open_meteo_era5_gap_sanliurfa_2022_2023_4ec9fa9c3621
gap_sanliurfa,2022-01-16,2.6,10.2,0.0,3.19,open_meteo_era5_gap_sanliurfa_2022_2023_4ec9fa9c3621
gap_sanliurfa,2022-01-17,-0.4,9.9,0.0,2.61,open_meteo_era5_gap_sanliurfa_2022_2023_4ec9fa9c3621
gap_sanliurfa,2022-01-18,-2.2,7.1,2.1,1.69,open_meteo_era5_gap_sanliurfa_2022_2023_4ec9fa9c3621
gap_sanliurfa,2022-01-19,-1.9,7.7,8.4,1.02,open_meteo_era5_gap_sanliurfa_2022_2023_4ec9fa9c3621
gap_sanliurfa,2022-01-20,-2.2,5.5,0.3,1.93,open_meteo_era5_gap_sanliurfa_2022_2023_4ec9fa9c3621
gap_sanliurfa,2022-01-21,-4.2,6.4,0.4,1.54,open_meteo_era5_gap_sanliurfa_2022_2023_4ec9fa9c3621
gap_sanliurfa,2022-01-22,1.6,7.4,0.0,1.64,open_meteo_era5_gap_sanliurfa_2022_2023_4ec9fa9c3621
gap_sanliurfa,2022-01-23,1.7,6.3,6.5,0.98,open_meteo_era5_gap_sanliurfa_2022_2023_4ec9fa9c3621
gap_sanliurfa,2022-01-24,0.1,7.8,3.6,0.67,open_meteo_era5_gap_sanliurfa_2022_2023_4ec9fa9c3621
gap_sanliurfa,2022-01-25,-1.2,9.1,0.4,1.63,open_meteo_era5_gap_sanliurfa_2022_2023_4ec9fa9c3621
gap_sanliurfa,2022-01-26,3.7,8.0,9.5,0.9,open_meteo_era5_gap_sanliurfa_2022_2023_4ec9fa9c3621
gap_sanliurfa,2022-01-27,0.4,7.8,9.7,0.76,open_meteo_era5_gap_sanliurfa_2022_2023_4ec9fa9c3621
gap_sanliurfa,2022-01-28,-1.6,8.6,2.1,1.61,open_meteo_era5_gap_sanliurfa_2022_2023_4ec9fa9c3621
gap_sanliurfa,2022-01-29,2.2,7.6,0.6,1.01,open_meteo_era5_gap_sanliurfa_2022_2023_4ec9fa9c3621
gap_sanliurfa,2022-01-30,1.6,8.2,0.0,0.88,open_meteo_era5_gap_sanliurfa_2022_2023_4ec9fa9c3621
gap_sanliurfa,2022-01-31,4.1,10.9,0.2,1.66,open_meteo_era5_gap_sanliurfa_2022_2023_4ec9fa9c3621
gap_sanliurfa,2022-02-01,5.3,12.8,0.0,1.86,open_meteo_era5_gap_sanliurfa_2022_2023_4ec9fa9c3621
gap_sanliurfa,2022-02-02,5.5,14.4,0.0,2.27,open_meteo_era5_gap_sanliurfa_2022_2023_4ec9fa9c3621
gap_sanliurfa,2022-02-03,6.9,14.3,1.3,2.57,open_meteo_era5_gap_sanliurfa_2022_2023_4ec9fa9c3621
gap_sanliurfa,2022-02-04,4.9,12.3,1.3,1.71,open_meteo_era5_gap_sanliurfa_2022_2023_4ec9fa9c3621
gap_sanliurfa,2022-02-05,2.0,13.3,0.0,2.53,open_meteo_era5_gap_sanliurfa_2022_2023_4ec9fa9c3621
gap_sanliurfa,2022-02-06,1.3,13.1,0.0,1.98,open_meteo_era5_gap_sanliurfa_2022_2023_4ec9fa9c3621
gap_sanliurfa,2022-02-07,1.6,14.1,0.0,2.16,open_meteo_era5_gap_sanliurfa_2022_2023_4ec9fa9c3621
gap_sanliurfa,2022-02-08,6.6,11.6,0.6,1.58,open_meteo_era5_gap_sanliurfa_2022_2023_4ec9fa9c3621
gap_sanliurfa,2022-02-09,6.2,18.4,0.1,3.54,open_meteo_era5_gap_sanliurfa_2022_2023_4ec9fa9c3621
gap_sanliurfa,2022-02-10,4.7,14.2,1.0,2.19,open_meteo_era5_gap_sanliurfa_2022_2023_4ec9fa9c3621
gap_sanliurfa,2022-02-11,5.9,16.7,0.0,2.74,open_meteo_era5_gap_sanliurfa_2022_2023_4ec9fa9c3621
gap_sanliurfa,2022-02-12,4.6,19.2,0.0,3.09,open_meteo_era5_gap_sanliurfa_2022_2023_4ec9fa9c3621
gap_sanliurfa,2022-02-13,4.4,20.0,0.0,2.77,open_meteo_era5_gap_sanliurfa_2022_2023_4ec9fa9c3621
gap_sanliurfa,2022-02-14,3.8,17.4,0.0,2.89,open_meteo_era5_gap_sanliurfa_2022_2023_4ec9fa9c3621
gap_sanliurfa,2022-02-15,4.5,18.3,0.0,2.73,open_meteo_era5_gap_sanliurfa_2022_2023_4ec9fa9c3621
gap_sanliurfa,2022-02-16,4.3,18.4,0.0,2.79,open_meteo_era5_gap_sanliurfa_2022_2023_4ec9fa9c3621
gap_sanliurfa,2022-02-17,4.4,15.7,0.0,2.51,open_meteo_era5_gap_sanliurfa_2022_2023_4ec9fa9c3621
gap_sanliurfa,2022-02-18,7.5,17.6,0.1,2.77,open_meteo_era5_gap_sanliurfa_2022_2023_4ec9fa9c3621
gap_sanliurfa,2022-02-19,8.3,19.7,0.0,3.6,open_meteo_era5_gap_sanliurfa_2022_2023_4ec9fa9c3621
gap_sanliurfa,2022-02-20,10.3,22.9,0.0,4.54,open_meteo_era5_gap_sanliurfa_2022_2023_4ec9fa9c3621
gap_sanliurfa,2022-02-21,9.0,19.6,0.0,3.39,open_meteo_era5_gap_sanliurfa_2022_2023_4ec9fa9c3621
gap_sanliurfa,2022-02-22,9.5,19.2,0.0,2.64,open_meteo_era5_gap_sanliurfa_2022_2023_4ec9fa9c3621
gap_sanliurfa,2022-02-23,8.7,22.3,0.0,3.68,open_meteo_era5_gap_sanliurfa_2022_2023_4ec9fa9c3621
gap_sanliurfa,2022-02-24,11.9,22.1,1.4,4.66,open_meteo_era5_gap_sanliurfa_2022_2023_4ec9fa9c3621
gap_sanliurfa,2022-02-25,9.6,15.8,3.1,2.25,open_meteo_era5_gap_sanliurfa_2022_2023_4ec9fa9c3621
gap_sanliurfa,2022-02-26,9.7,17.6,0.2,2.33,open_meteo_era5_gap_sanliurfa_2022_2023_4ec9fa9c3621
gap_sanliurfa,2022-02-27,8.7,19.8,0.0,3.18,open_meteo_era5_gap_sanliurfa_2022_2023_4ec9fa9c3621
gap_sanliurfa,2022-02-28,10.3,19.8,0.1,2.72,open_meteo_era5_gap_sanliurfa_2022_2023_4ec9fa9c3621
gap_sanliurfa,2022-03-01,10.5,16.5,1.6,1.75,open_meteo_era5_gap_sanliurfa_2022_2023_4ec9fa9c3621
gap_sanliurfa,2022-03-02,11.8,16.4,8.5,1.71,open_meteo_era5_gap_sanliurfa_2022_2023_4ec9fa9c3621
gap_sanliurfa,2022-03-03,7.9,17.6,3.0,3.26,open_meteo_era5_gap_sanliurfa_2022_2023_4ec9fa9c3621
gap_sanliurfa,2022-03-04,6.9,13.9,0.0,3.61,open_meteo_era5_gap_sanliurfa_2022_2023_4ec9fa9c3621
gap_sanliurfa,2022-03-05,6.3,15.0,0.0,2.38,open_meteo_era5_gap_sanliurfa_2022_2023_4ec9fa9c3621
gap_sanliurfa,2022-03-06,7.7,13.1,3.8,1.82,open_meteo_era5_gap_sanliurfa_2022_2023_4ec9fa9c3621
gap_sanliurfa,2022-03-07,7.0,15.6,0.0,2.39,open_meteo_era5_gap_sanliurfa_2022_2023_4ec9fa9c3621
gap_sanliurfa,2022-03-08,6.4,16.5,0.2,2.2,open_meteo_era5_gap_sanliurfa_2022_2023_4ec9fa9c3621
gap_sanliurfa,2022-03-09,8.9,15.8,4.1,1.96,open_meteo_era5_gap_sanliurfa_2022_2023_4ec9fa9c3621
gap_sanliurfa,2022-03-10,7.4,15.9,5.4,2.53,open_meteo_era5_gap_sanliurfa_2022_2023_4ec9fa9c3621
gap_sanliurfa,2022-03-11,3.1,9.1,3.0,2.11,open_meteo_era5_gap_sanliurfa_2022_2023_4ec9fa9c3621
gap_sanliurfa,2022-03-12,2.0,9.1,2.1,2.03,open_meteo_era5_gap_sanliurfa_2022_2023_4ec9fa9c3621
gap_sanliurfa,2022-03-13,1.6,8.5,6.7,1.55,open_meteo_era5_gap_sanliurfa_2022_2023_4ec9fa9c3621
gap_sanliurfa,2022-03-14,2.0,9.2,0.7,2.18,open_meteo_era5_gap_sanliurfa_2022_2023_4ec9fa9c3621
gap_sanliurfa,2022-03-15,1.8,9.4,0.4,3.01,open_meteo_era5_gap_sanliurfa_2022_2023_4ec9fa9c3621
gap_sanliurfa,2022-03-16,2.0,12.9,0.0,3.6,open_meteo_era5_gap_sanliurfa_2022_2023_4ec9fa9c3621
gap_sanliurfa,2022-03-17,1.5,10.1,2.6,1.98,open_meteo_era5_gap_sanliurfa_2022_2023_4ec9fa9c3621
gap_sanliurfa,2022-03-18,3.0,10.0,1.9,2.01,open_meteo_era5_gap_sanliurfa_2022_2023_4ec9fa9c3621
gap_sanliurfa,2022-03-19,1.8,9.4,0.3,2.53,open_meteo_era5_gap_sanliurfa_2022_2023_4ec9fa9c3621
gap_sanliurfa,2022-03-20,-0.2,9.2,0.0,3.04,open_meteo_era5_gap_sanliurfa_2022_2023_4ec9fa9c3621
gap_sanliurfa,2022-03-21,-1.7,11.3,0.0,3.25,open_meteo_era5_gap_sanliurfa_2022_2023_4ec9fa9c3621
gap_sanliurfa,2022-03-22,2.8,14.2,0.0,3.36,open_meteo_era5_gap_sanliurfa_2022_2023_4ec9fa9c3621
gap_sanliurfa,2022-03-23,4.3,14.6,2.3,2.96,open_meteo_era5_gap_sanliurfa_2022_2023_4ec9fa9c3621
gap_sanliurfa,2022-03-24,4.5,13.6,0.7,3.0,open_meteo_era5_gap_sanliurfa_2022_2023_4ec9fa9c3621
gap_sanliurfa,2022-03-25,5.0,12.8,3.2,2.43,open_meteo_era5_gap_sanliurfa_2022_2023_4ec9fa9c3621
gap_sanliurfa,2022-03-26,4.0,16.8,2.5,3.42,open_meteo_era5_gap_sanliurfa_2022_2023_4ec9fa9c3621
gap_sanliurfa,2022-03-27,5.2,15.6,0.0,3.05,open_meteo_era5_gap_sanliurfa_2022_2023_4ec9fa9c3621
gap_sanliurfa,2022-03-28,4.4,19.9,0.0,4.29,open_meteo_era5_gap_sanliurfa_2022_2023_4ec9fa9c3621
gap_sanliurfa,2022-03-29,5.7,21.2,0.0,4.39,open_meteo_era5_gap_sanliurfa_2022_2023_4ec9fa9c3621
gap_sanliurfa,2022-03-30,10.9,25.3,0.0,5.44,open_meteo_era5_gap_sanliurfa_2022_2023_4ec9fa9c3621
gap_sanliurfa,2022-03-31,10.6,25.7,0.0,5.05,open_meteo_era5_gap_sanliurfa_2022_2023_4ec9fa9c3621
gap_sanliurfa,2022-04-01,11.8,27.3,0.0,5.09,open_meteo_era5_gap_sanliurfa_2022_2023_4ec9fa9c3621
gap_sanliurfa,2022-04-02,12.2,31.1,0.0,5.72,open_meteo_era5_gap_sanliurfa_2022_2023_4ec9fa9c3621
gap_sanliurfa,2022-04-03,12.6,30.9,0.0,7.24,open_meteo_era5_gap_sanliurfa_2022_2023_4ec9fa9c3621
gap_sanliurfa,2022-04-04,13.5,29.0,0.0,7.02,open_meteo_era5_gap_sanliurfa_2022_2023_4ec9fa9c3621
gap_sanliurfa,2022-04-05,13.0,28.5,0.0,5.67,open_meteo_era5_gap_sanliurfa_2022_2023_4ec9fa9c3621
gap_sanliurfa,2022-04-06,14.8,28.9,0.0,5.45,open_meteo_era5_gap_sanliurfa_2022_2023_4ec9fa9c3621
gap_sanliurfa,2022-04-07,17.4,29.3,0.0,7.64,open_meteo_era5_gap_sanliurfa_2022_2023_4ec9fa9c3621
gap_sanliurfa,2022-04-08,16.0,27.7,0.3,4.91,open_meteo_era5_gap_sanliurfa_2022_2023_4ec9fa9c3621
gap_sanliurfa,2022-04-09,14.7,28.0,0.0,6.36,open_meteo_era5_gap_sanliurfa_2022_2023_4ec9fa9c3621
gap_sanliurfa,2022-04-10,12.6,27.7,0.0,4.91,open_meteo_era5_gap_sanliurfa_2022_2023_4ec9fa9c3621
gap_sanliurfa,2022-04-11,13.9,29.7,0.0,6.93,open_meteo_era5_gap_sanliurfa_2022_2023_4ec9fa9c3621
gap_sanliurfa,2022-04-12,11.0,21.8,0.0,5.79,open_meteo_era5_gap_sanliurfa_2022_2023_4ec9fa9c3621
gap_sanliurfa,2022-04-13,8.7,18.2,0.0,5.61,open_meteo_era5_gap_sanliurfa_2022_2023_4ec9fa9c3621
gap_sanliurfa,2022-04-14,7.3,20.8,0.0,5.61,open_meteo_era5_gap_sanliurfa_2022_2023_4ec9fa9c3621
gap_sanliurfa,2022-04-15,7.9,24.2,0.0,5.59,open_meteo_era5_gap_sanliurfa_2022_2023_4ec9fa9c3621
gap_sanliurfa,2022-04-16,12.5,26.2,0.0,6.07,open_meteo_era5_gap_sanliurfa_2022_2023_4ec9fa9c3621
gap_sanliurfa,2022-04-17,11.3,26.9,0.0,5.74,open_meteo_era5_gap_sanliurfa_2022_2023_4ec9fa9c3621
gap_sanliurfa,2022-04-18,15.2,29.9,0.0,7.57,open_meteo_era5_gap_sanliurfa_2022_2023_4ec9fa9c3621
gap_sanliurfa,2022-04-19,15.0,29.9,0.0,6.98,open_meteo_era5_gap_sanliurfa_2022_2023_4ec9fa9c3621
gap_sanliurfa,2022-04-20,13.1,26.6,0.0,6.84,open_meteo_era5_gap_sanliurfa_2022_2023_4ec9fa9c3621
gap_sanliurfa,2022-04-21,11.4,27.8,0.0,6.41,open_meteo_era5_gap_sanliurfa_2022_2023_4ec9fa9c3621
gap_sanliurfa,2022-04-22,12.3,29.9,0.0,5.39,open_meteo_era5_gap_sanliurfa_2022_2023_4ec9fa9c3621
gap_sanliurfa,2022-04-23,13.5,31.9,0.0,6.35,open_meteo_era5_gap_sanliurfa_2022_2023_4ec9fa9c3621
gap_sanliurfa,2022-04-24,14.3,33.4,0.0,6.89,open_meteo_era5_gap_sanliurfa_2022_2023_4ec9fa9c3621
gap_sanliurfa,2022-04-25,16.6,31.8,0.0,6.71,open_meteo_era5_gap_sanliurfa_2022_2023_4ec9fa9c3621
gap_sanliurfa,2022-04-26,17.7,31.4,0.0,6.82,open_meteo_era5_gap_sanliurfa_2022_2023_4ec9fa9c3621
gap_sanliurfa,2022-04-27,18.6,32.1,0.0,6.56,open_meteo_era5_gap_sanliurfa_2022_2023_4ec9fa9c3621
gap_sanliurfa,2022-04-28,17.7,32.2,0.0,6.32,open_meteo_era5_gap_sanliurfa_2022_2023_4ec9fa9c3621
gap_sanliurfa,2022-04-29,17.9,29.6,1.4,5.39,open_meteo_era5_gap_sanliurfa_2022_2023_4ec9fa9c3621
gap_sanliurfa,2022-04-30,17.1,29.1,2.3,6.14,open_meteo_era5_gap_sanliurfa_2022_2023_4ec9fa9c3621
gap_sanliurfa,2022-05-01,15.5,24.3,11.5,3.85,open_meteo_era5_gap_sanliurfa_2022_2023_4ec9fa9c3621
gap_sanliurfa,2022-05-02,16.3,25.7,0.0,5.82,open_meteo_era5_gap_sanliurfa_2022_2023_4ec9fa9c3621
gap_sanliurfa,2022-05-03,17.5,26.9,0.1,5.46,open_meteo_era5_gap_sanliurfa_2022_2023_4ec9fa9c3621
gap_sanliurfa,2022-05-04,16.5,24.9,3.8,4.63,open_meteo_era5_gap_sanliurfa_2022_2023_4ec9fa9c3621
gap_sanliurfa,2022-05-05,13.5,22.4,0.1,4.48,open_meteo_era5_gap_sanliurfa_2022_2023_4ec9fa9c3621
gap_sanliurfa,2022-05-06,12.6,23.3,0.7,4.9,open_meteo_era5_gap_sanliurfa_2022_2023_4ec9fa9c3621
gap_sanliurfa,2022-05-07,12.3,22.1,0.2,4.66,open_meteo_era5_gap_sanliurfa_2022_2023_4ec9fa9c3621
gap_sanliurfa,2022-05-08,13.0,24.2,0.1,5.15,open_meteo_era5_gap_sanliurfa_2022_2023_4ec9fa9c3621
gap_sanliurfa,2022-05-09,13.5,26.5,0.1,5.58,open_meteo_era5_gap_sanliurfa_2022_2023_4ec9fa9c3621
gap_sanliurfa,2022-05-10,15.1,27.4,0.0,5.98,open_meteo_era5_gap_sanliurfa_2022_2023_4ec9fa9c3621
gap_sanliurfa,2022-05-11,13.2,28.1,0.0,6.01,open_meteo_era5_gap_sanliurfa_2022_2023_4ec9fa9c3621
gap_sanliurfa,2022-05-12,14.4,28.6,0.0,6.85,open_meteo_era5_gap_sanliurfa_2022_2023_4ec9fa9c3621
gap_sanliurfa,2022-05-13,15.9,29.0,0.0,7.07,open_meteo_era5_gap_sanliurfa_2022_2023_4ec9fa9c3621
gap_sanliurfa,2022-05-14,14.3,29.7,0.0,6.19,open_meteo_era5_gap_sanliurfa_2022_2023_4ec9fa9c3621
gap_sanliurfa,2022-05-15,15.5,32.2,4.0,5.33,open_meteo_era5_gap_sanliurfa_2022_2023_4ec9fa9c3621
gap_sanliurfa,2022-05-16,15.5,29.0,0.0,6.74,open_meteo_era5_gap_sanliurfa_2022_2023_4ec9fa9c3621
gap_sanliurfa,2022-05-17,17.4,30.7,0.0,7.23,open_meteo_era5_gap_sanliurfa_2022_2023_4ec9fa9c3621
gap_sanliurfa,2022-05-18,17.8,31.5,0.0,6.49,open_meteo_era5_gap_sanliurfa_2022_2023_4ec9fa9c3621
gap_sanliurfa,2022-05-19,17.5,33.4,0.0,7.96,open_meteo_era5_gap_sanliurfa_2022_2023_4ec9fa9c3621
gap_sanliurfa,2022-05-20,17.1,28.3,0.0,8.09,open_meteo_era5_gap_sanliurfa_2022_2023_4ec9fa9c3621
gap_sanliurfa,2022-05-21,15.5,31.0,0.0,7.74,open_meteo_era5_gap_sanliurfa_2022_2023_4ec9fa9c3621
gap_sanliurfa,2022-05-22,16.8,33.0,0.0,7.87,open_meteo_era5_gap_sanliurfa_2022_2023_4ec9fa9c3621
gap_sanliurfa,2022-05-23,16.2,30.4,1.0,7.94,open_meteo_era5_gap_sanliurfa_2022_2023_4ec9fa9c3621
gap_sanliurfa,2022-05-24,18.0,29.1,0.0,7.55,open_meteo_era5_gap_sanliurfa_2022_2023_4ec9fa9c3621
gap_sanliurfa,2022-05-25,15.7,30.2,0.0,7.0,open_meteo_era5_gap_sanliurfa_2022_2023_4ec9fa9c3621
gap_sanliurfa,2022-05-26,16.6,32.1,0.0,7.34,open_meteo_era5_gap_sanliurfa_2022_2023_4ec9fa9c3621
gap_sanliurfa,2022-05-27,18.1,35.2,0.0,7.73,open_meteo_era5_gap_sanliurfa_2022_2023_4ec9fa9c3621
gap_sanliurfa,2022-05-28,18.8,37.0,0.0,7.69,open_meteo_era5_gap_sanliurfa_2022_2023_4ec9fa9c3621
gap_sanliurfa,2022-05-29,20.9,37.6,0.0,8.15,open_meteo_era5_gap_sanliurfa_2022_2023_4ec9fa9c3621
gap_sanliurfa,2022-05-30,21.4,39.1,0.0,7.85,open_meteo_era5_gap_sanliurfa_2022_2023_4ec9fa9c3621
gap_sanliurfa,2022-05-31,21.9,39.9,0.0,8.01,open_meteo_era5_gap_sanliurfa_2022_2023_4ec9fa9c3621
gap_sanliurfa,2022-06-01,24.8,40.4,0.0,9.0,open_meteo_era5_gap_sanliurfa_2022_2023_4ec9fa9c3621
gap_sanliurfa,2022-06-02,25.0,42.7,0.0,11.39,open_meteo_era5_gap_sanliurfa_2022_2023_4ec9fa9c3621
gap_sanliurfa,2022-06-03,27.7,41.3,0.0,9.48,open_meteo_era5_gap_sanliurfa_2022_2023_4ec9fa9c3621
gap_sanliurfa,2022-06-04,23.3,39.3,0.0,9.67,open_meteo_era5_gap_sanliurfa_2022_2023_4ec9fa9c3621
gap_sanliurfa,2022-06-05,22.3,37.6,0.0,9.24,open_meteo_era5_gap_sanliurfa_2022_2023_4ec9fa9c3621
gap_sanliurfa,2022-06-06,20.7,34.5,0.0,8.88,open_meteo_era5_gap_sanliurfa_2022_2023_4ec9fa9c3621
gap_sanliurfa,2022-06-07,20.8,35.6,0.3,7.42,open_meteo_era5_gap_sanliurfa_2022_2023_4ec9fa9c3621
gap_sanliurfa,2022-06-08,22.0,36.5,0.0,8.53,open_meteo_era5_gap_sanliurfa_2022_2023_4ec9fa9c3621
gap_sanliurfa,2022-06-09,21.9,35.4,0.0,8.82,open_meteo_era5_gap_sanliurfa_2022_2023_4ec9fa9c3621
gap_sanliurfa,2022-06-10,21.7,37.4,0.0,8.58,open_meteo_era5_gap_sanliurfa_2022_2023_4ec9fa9c3621
gap_sanliurfa,2022-06-11,21.5,39.0,0.0,8.65,open_meteo_era5_gap_sanliurfa_2022_2023_4ec9fa9c3621
gap_sanliurfa,2022-06-12,22.6,37.5,0.3,10.07,open_meteo_era5_gap_sanliurfa_2022_2023_4ec9fa9c3621
gap_sanliurfa,2022-06-13,20.6,32.9,0.0,8.06,open_meteo_era5_gap_sanliurfa_2022_2023_4ec9fa9c3621
gap_sanliurfa,2022-06-14,20.4,34.0,0.0,7.73,open_meteo_era5_gap_sanliurfa_2022_2023_4ec9fa9c3621
gap_sanliurfa,2022-06-15,20.9,34.9,0.0,7.45,open_meteo_era5_gap_sanliurfa_2022_2023_4ec9fa9c3621
gap_sanliurfa,2022-06-16,23.1,37.5,0.0,7.73,open_meteo_era5_gap_sanliurfa_2022_2023_4ec9fa9c3621
gap_sanliurfa,2022-06-17,23.4,39.4,0.0,9.32,open_meteo_era5_gap_sanliurfa_2022_2023_4ec9fa9c3621
gap_sanliurfa,2022-06-18,23.2,41.5,0.0,8.94,open_meteo_era5_gap_sanliurfa_2022_2023_4ec9fa9c3621
gap_sanliurfa,2022-06-19,25.7,40.9,0.0,10.39,open_meteo_era5_gap_sanliurfa_2022_2023_4ec9fa9c3621
gap_sanliurfa,2022-06-20,23.3,41.0,0.0,9.86,open_meteo_era5_gap_sanliurfa_2022_2023_4ec9fa9c3621
gap_sanliurfa,2022-06-21,22.9,35.4,0.0,9.89,open_meteo_era5_gap_sanliurfa_2022_2023_4ec9fa9c3621
gap_sanliurfa,2022-06-22,22.7,35.3,0.0,9.56,open_meteo_era5_gap_sanliurfa_2022_2023_4ec9fa9c3621
gap_sanliurfa,2022-06-23,24.0,36.9,0.0,9.22,open_meteo_era5_gap_sanliurfa_2022_2023_4ec9fa9c3621
gap_sanliurfa,2022-06-24,23.8,37.4,0.0,8.86,open_meteo_era5_gap_sanliurfa_2022_2023_4ec9fa9c3621
gap_sanliurfa,2022-06-25,21.3,30.9,2.7,5.89,open_meteo_era5_gap_sanliurfa_2022_2023_4ec9fa9c3621
gap_sanliurfa,2022-06-26,22.8,33.4,0.0,9.12,open_meteo_era5_gap_sanliurfa_2022_2023_4ec9fa9c3621
gap_sanliurfa,2022-06-27,21.5,34.5,0.0,8.34,open_meteo_era5_gap_sanliurfa_2022_2023_4ec9fa9c3621
gap_sanliurfa,2022-06-28,21.7,35.6,0.0,8.21,open_meteo_era5_gap_sanliurfa_2022_2023_4ec9fa9c3621
gap_sanliurfa,2022-06-29,22.9,37.4,0.0,8.41,open_meteo_era5_gap_sanliurfa_2022_2023_4ec9fa9c3621
gap_sanliurfa,2022-06-30,23.2,39.8,0.0,9.27,open_meteo_era5_gap_sanliurfa_2022_2023_4ec9fa9c3621
gap_sanliurfa,2022-07-01,24.7,38.7,0.0,9.65,open_meteo_era5_gap_sanliurfa_2022_2023_4ec9fa9c3621
gap_sanliurfa,2022-07-02,26.3,40.3,0.0,10.26,open_meteo_era5_gap_sanliurfa_2022_2023_4ec9fa9c3621
gap_sanliurfa,2022-07-03,28.1,39.1,0.0,11.69,open_meteo_era5_gap_sanliurfa_2022_2023_4ec9fa9c3621
gap_sanliurfa,2022-07-04,26.9,40.0,0.0,10.56,open_meteo_era5_gap_sanliurfa_2022_2023_4ec9fa9c3621
gap_sanliurfa,2022-07-05,25.8,40.7,0.0,8.48,open_meteo_era5_gap_sanliurfa_2022_2023_4ec9fa9c3621
gap_sanliurfa,2022-07-06,26.0,40.7,0.0,8.81,open_meteo_era5_gap_sanliurfa_2022_2023_4ec9fa9c3621
gap_sanliurfa,2022-07-07,26.7,41.4,0.0,8.74,open_meteo_era5_gap_sanliurfa_2022_2023_4ec9fa9c3621
gap_sanliurfa,2022-07-08,27.1,40.9,0.0,9.48,open_meteo_era5_gap_sanliurfa_2022_2023_4ec9fa9c3621
gap_sanliurfa,2022-07-09,26.6,41.7,0.0,9.34,open_meteo_era5_gap_sanliurfa_2022_2023_4ec9fa9c3621
gap_sanliurfa,2022-07-10,24.1,37.9,0.0,10.09,open_meteo_era5_gap_sanliurfa_2022_2023_4ec9fa9c3621
gap_sanliurfa,2022-07-11,23.5,39.2,0.0,8.96,open_meteo_era5_gap_sanliurfa_2022_2023_4ec9fa9c3621
gap_sanliurfa,2022-07-12,27.7,41.2,0.0,9.79,open_meteo_era5_gap_sanliurfa_2022_2023_4ec9fa9c3621
gap_sanliurfa,2022-07-13,27.9,41.5,0.0,10.04,open_meteo_era5_gap_sanliurfa_2022_2023_4ec9fa9c3621
gap_sanliurfa,2022-07-14,28.5,42.3,0.0,10.01,open_meteo_era5_gap_sanliurfa_2022_2023_4ec9fa9c3621
gap_sanliurfa,2022-07-15,27.3,41.4,0.0,10.72,open_meteo_era5_gap_sanliurfa_2022_2023_4ec9fa9c3621
gap_sanliurfa,2022-07-16,25.1,40.2,0.0,9.62,open_meteo_era5_gap_sanliurfa_2022_2023_4ec9fa9c3621
gap_sanliurfa,2022-07-17,28.4,41.7,0.0,9.53,open_meteo_era5_gap_sanliurfa_2022_2023_4ec9fa9c3621
gap_sanliurfa,2022-07-18,29.6,41.8,0.0,10.53,open_meteo_era5_gap_sanliurfa_2022_2023_4ec9fa9c3621
gap_sanliurfa,2022-07-19,28.3,42.3,0.0,9.43,open_meteo_era5_gap_sanliurfa_2022_2023_4ec9fa9c3621
gap_sanliurfa,2022-07-20,26.2,40.8,0.0,10.18,open_meteo_era5_gap_sanliurfa_2022_2023_4ec9fa9c3621
gap_sanliurfa,2022-07-21,27.6,39.6,0.0,10.29,open_meteo_era5_gap_sanliurfa_2022_2023_4ec9fa9c3621
gap_sanliurfa,2022-07-22,26.5,38.9,0.0,8.97,open_meteo_era5_gap_sanliurfa_2022_2023_4ec9fa9c3621
gap_sanliurfa,2022-07-23,27.0,39.5,0.0,9.92,open_meteo_era5_gap_sanliurfa_2022_2023_4ec9fa9c3621
gap_sanliurfa,2022-07-24,25.7,38.0,0.0,10.67,open_meteo_era5_gap_sanliurfa_2022_2023_4ec9fa9c3621
gap_sanliurfa,2022-07-25,25.4,39.3,0.0,9.24,open_meteo_era5_gap_sanliurfa_2022_2023_4ec9fa9c3621
gap_sanliurfa,2022-07-26,23.2,40.1,0.0,8.42,open_meteo_era5_gap_sanliurfa_2022_2023_4ec9fa9c3621
gap_sanliurfa,2022-07-27,25.5,40.8,0.0,8.36,open_meteo_era5_gap_sanliurfa_2022_2023_4ec9fa9c3621
gap_sanliurfa,2022-07-28,24.7,41.7,0.0,8.67,open_meteo_era5_gap_sanliurfa_2022_2023_4ec9fa9c3621
gap_sanliurfa,2022-07-29,26.2,43.1,0.0,9.69,open_meteo_era5_gap_sanliurfa_2022_2023_4ec9fa9c3621
gap_sanliurfa,2022-07-30,25.6,43.0,0.0,9.51,open_meteo_era5_gap_sanliurfa_2022_2023_4ec9fa9c3621
gap_sanliurfa,2022-07-31,26.6,41.8,0.0,9.04,open_meteo_era5_gap_sanliurfa_2022_2023_4ec9fa9c3621
gap_sanliurfa,2022-08-01,25.7,41.4,0.0,8.39,open_meteo_era5_gap_sanliurfa_2022_2023_4ec9fa9c3621
gap_sanliurfa,2022-08-02,25.6,41.3,0.0,7.88,open_meteo_era5_gap_sanliurfa_2022_2023_4ec9fa9c3621
gap_sanliurfa,2022-08-03,26.4,41.3,0.0,8.55,open_meteo_era5_gap_sanliurfa_2022_2023_4ec9fa9c3621
gap_sanliurfa,2022-08-04,26.6,41.3,0.0,8.38,open_meteo_era5_gap_sanliurfa_2022_2023_4ec9fa9c3621
gap_sanliurfa,2022-08-05,27.2,42.9,0.0,9.51,open_meteo_era5_gap_sanliurfa_2022_2023_4ec9fa9c3621
gap_sanliurfa,2022-08-06,26.8,42.0,0.0,10.23,open_meteo_era5_gap_sanliurfa_2022_2023_4ec9fa9c3621
gap_sanliurfa,2022-08-07,24.8,39.6,0.0,9.29,open_meteo_era5_gap_sanliurfa_2022_2023_4ec9fa9c3621
gap_sanliurfa,2022-08-08,24.0,39.4,0.0,8.53,open_meteo_era5_gap_sanliurfa_2022_2023_4ec9fa9c3621
gap_sanliurfa,2022-08-09,23.8,38.0,0.0,8.15,open_meteo_era5_gap_sanliurfa_2022_2023_4ec9fa9c3621
gap_sanliurfa,2022-08-10,23.2,38.4,0.0,8.27,open_meteo_era5_gap_sanliurfa_2022_2023_4ec9fa9c3621
gap_sanliurfa,2022-08-11,24.5,39.2,0.0,8.47,open_meteo_era5_gap_sanliurfa_2022_2023_4ec9fa9c3621
gap_sanliurfa,2022-08-12,25.4,40.6,0.0,8.3,open_meteo_era5_gap_sanliurfa_2022_2023_4ec9fa9c3621
gap_sanliurfa,2022-08-13,27.4,42.2,0.0,9.43,open_meteo_era5_gap_sanliurfa_2022_2023_4ec9fa9c3621
gap_sanliurfa,2022-08-14,25.1,39.6,0.0,8.73,open_meteo_era5_gap_sanliurfa_2022_2023_4ec9fa9c3621
gap_sanliurfa,2022-08-15,24.2,37.1,0.0,8.32,open_meteo_era5_gap_sanliurfa_2022_2023_4ec9fa9c3621
gap_sanliurfa,2022-08-16,22.5,38.0,0.0,7.67,open_meteo_era5_gap_sanliurfa_2022_2023_4ec9fa9c3621
gap_sanliurfa,2022-08-17,25.2,40.2,0.0,8.08,open_meteo_era5_gap_sanliurfa_2022_2023_4ec9fa9c3621
gap_sanliurfa,2022-08-18,25.2,39.6,0.0,8.01,open_meteo_era5_gap_sanliurfa_2022_2023_4ec9fa9c3621
gap_sanliurfa,2022-08-19,24.9,38.6,0.0,8.1,open_meteo_era5_gap_sanliurfa_2022_2023_4ec9fa9c3621
gap_sanliurfa,2022-08-20,24.8,38.9,0.0,7.26,open_meteo_era5_gap_sanliurfa_2022_2023_4ec9fa9c3621
gap_sanliurfa,2022-08-21,26.1,39.2,0.0,7.47,open_meteo_era5_gap_sanliurfa_2022_2023_4ec9fa9c3621
gap_sanliurfa,2022-08-22,26.0,38.6,0.0,7.66,open_meteo_era5_gap_sanliurfa_2022_2023_4ec9fa9c3621
gap_sanliurfa,2022-08-23,25.0,37.1,0.0,6.72,open_meteo_era5_gap_sanliurfa_2022_2023_4ec9fa9c3621
gap_sanliurfa,2022-08-24,24.9,38.1,0.0,7.03,open_meteo_era5_gap_sanliurfa_2022_2023_4ec9fa9c3621
gap_sanliurfa,2022-08-25,24.6,37.1,0.0,7.71,open_meteo_era5_gap_sanliurfa_2022_2023_4ec9fa9c3621
gap_sanliurfa,2022-08-26,22.5,36.3,0.0,7.59,open_meteo_era5_gap_sanliurfa_2022_2023_4ec9fa9c3621
gap_sanliurfa,2022-08-27,21.3,37.2,0.0,7.43,open_meteo_era5_gap_sanliurfa_2022_2023_4ec9fa9c3621
gap_sanliurfa,2022-08-28,21.0,40.1,0.0,7.58,open_meteo_era5_gap_sanliurfa_2022_2023_4ec9fa9c3621
gap_sanliurfa,2022-08-29,23.1,41.8,0.0,8.51,open_meteo_era5_gap_sanliurfa_2022_2023_4ec9fa9c3621
gap_sanliurfa,2022-08-30,25.5,42.4,0.0,8.23,open_meteo_era5_gap_sanliurfa_2022_2023_4ec9fa9c3621
gap_sanliurfa,2022-08-31,25.4,42.5,0.0,7.87,open_meteo_era5_gap_sanliurfa_2022_2023_4ec9fa9c3621
gap_sanliurfa,2022-09-01,25.2,42.7,0.0,7.4,open_meteo_era5_gap_sanliurfa_2022_2023_4ec9fa9c3621
gap_sanliurfa,2022-09-02,26.6,43.2,0.0,7.45,open_meteo_era5_gap_sanliurfa_2022_2023_4ec9fa9c3621
gap_sanliurfa,2022-09-03,26.7,43.3,0.0,7.31,open_meteo_era5_gap_sanliurfa_2022_2023_4ec9fa9c3621
gap_sanliurfa,2022-09-04,26.0,42.3,0.0,8.61,open_meteo_era5_gap_sanliurfa_2022_2023_4ec9fa9c3621
gap_sanliurfa,2022-09-05,24.9,40.0,0.0,8.21,open_meteo_era5_gap_sanliurfa_2022_2023_4ec9fa9c3621
gap_sanliurfa,2022-09-06,26.7,38.2,0.0,7.94,open_meteo_era5_gap_sanliurfa_2022_2023_4ec9fa9c3621
gap_sanliurfa,2022-09-07,21.8,35.5,0.0,7.37,open_meteo_era5_gap_sanliurfa_2022_2023_4ec9fa9c3621
gap_sanliurfa,2022-09-08,21.8,35.8,0.0,6.27,open_meteo_era5_gap_sanliurfa_2022_2023_4ec9fa9c3621
gap_sanliurfa,2022-09-09,20.4,37.2,0.0,6.36,open_meteo_era5_gap_sanliurfa_2022_2023_4ec9fa9c3621
gap_sanliurfa,2022-09-10,20.8,38.3,0.0,6.6,open_meteo_era5_gap_sanliurfa_2022_2023_4ec9fa9c3621
gap_sanliurfa,2022-09-11,21.0,38.3,0.0,6.57,open_meteo_era5_gap_sanliurfa_2022_2023_4ec9fa9c3621
gap_sanliurfa,2022-09-12,21.3,38.2,0.0,7.12,open_meteo_era5_gap_sanliurfa_2022_2023_4ec9fa9c3621
gap_sanliurfa,2022-09-13,21.1,34.9,0.0,6.67,open_meteo_era5_gap_sanliurfa_2022_2023_4ec9fa9c3621
gap_sanliurfa,2022-09-14,22.9,34.4,0.0,5.98,open_meteo_era5_gap_sanliurfa_2022_2023_4ec9fa9c3621
gap_sanliurfa,2022-09-15,21.7,34.8,0.0,5.86,open_meteo_era5_gap_sanliurfa_2022_2023_4ec9fa9c3621
gap_sanliurfa,2022-09-16,19.3,37.2,0.0,6.06,open_meteo_era5_gap_sanliurfa_2022_2023_4ec9fa9c3621
gap_sanliurfa,2022-09-17,21.7,39.7,0.0,6.23,open_meteo_era5_gap_sanliurfa_2022_2023_4ec9fa9c3621
gap_sanliurfa,2022-09-18,22.9,39.7,0.0,7.1,open_meteo_era5_gap_sanliurfa_2022_2023_4ec9fa9c3621
gap_sanliurfa,2022-09-19,21.7,37.5,0.0,6.66,open_meteo_era5_gap_sanliurfa_2022_2023_4ec9fa9c3621
gap_sanliurfa,2022-09-20,22.6,38.5,0.0,6.03,open_meteo_era5_gap_sanliurfa_2022_2023_4ec9fa9c3621
gap_sanliurfa,2022-09-21,22.3,34.7,0.6,6.37,open_meteo_era5_gap_sanliurfa_2022_2023_4ec9fa9c3621
gap_sanliurfa,2022-09-22,20.2,31.6,0.0,5.7,open_meteo_era5_gap_sanliurfa_2022_2023_4ec9fa9c3621
gap_sanliurfa,2022-09-23,19.0,30.5,0.0,5.0,open_meteo_era5_gap_sanliurfa_2022_2023_4ec9fa9c3621
gap_sanliurfa,2022-09-24,18.2,29.8,0.0,5.93,open_meteo_era5_gap_sanliurfa_2022_2023_4ec9fa9c3621
gap_sanliurfa,2022-09-25,16.1,31.0,0.0,6.21,open_meteo_era5_gap_sanliurfa_2022_2023_4ec9fa9c3621
gap_sanliurfa,2022-09-26,15.4,34.4,0.0,6.54,open_meteo_era5_gap_sanliurfa_2022_2023_4ec9fa9c3621
gap_sanliurfa,2022-09-27,15.8,36.0,0.0,6.18,open_meteo_era5_gap_sanliurfa_2022_2023_4ec9fa9c3621
gap_sanliurfa,2022-09-28,17.4,32.5,0.0,5.68,open_meteo_era5_gap_sanliurfa_2022_2023_4ec9fa9c3621
gap_sanliurfa,2022-09-29,19.7,35.7,0.0,5.97,open_meteo_era5_gap_sanliurfa_2022_2023_4ec9fa9c3621
gap_sanliurfa,2022-09-30,25.2,35.5,0.0,7.57,open_meteo_era5_gap_sanliurfa_2022_2023_4ec9fa9c3621
gap_sanliurfa,2022-10-01,24.3,37.2,0.0,8.17,open_meteo_era5_gap_sanliurfa_2022_2023_4ec9fa9c3621
gap_sanliurfa,2022-10-02,21.6,37.0,0.0,6.47,open_meteo_era5_gap_sanliurfa_2022_2023_4ec9fa9c3621
gap_sanliurfa,2022-10-03,20.3,35.1,0.0,5.34,open_meteo_era5_gap_sanliurfa_2022_2023_4ec9fa9c3621
gap_sanliurfa,2022-10-04,21.4,35.0,0.0,5.87,open_meteo_era5_gap_sanliurfa_2022_2023_4ec9fa9c3621
gap_sanliurfa,2022-10-05,20.3,34.8,0.0,5.42,open_meteo_era5_gap_sanliurfa_2022_2023_4ec9fa9c3621
gap_sanliurfa,2022-10-06,18.2,34.0,0.0,5.07,open_meteo_era5_gap_sanliurfa_2022_2023_4ec9fa9c3621
gap_sanliurfa,2022-10-07,16.9,35.9,0.0,4.82,open_meteo_era5_gap_sanliurfa_2022_2023_4ec9fa9c3621
gap_sanliurfa,2022-10-08,19.4,29.0,0.8,4.47,open_meteo_era5_gap_sanliurfa_2022_2023_4ec9fa9c3621
gap_sanliurfa,2022-10-09,17.6,27.9,0.0,5.15,open_meteo_era5_gap_sanliurfa_2022_2023_4ec9fa9c3621
gap_sanliurfa,2022-10-10,15.6,28.9,0.0,4.64,open_meteo_era5_gap_sanliurfa_2022_2023_4ec9fa9c3621
gap_sanliurfa,2022-10-11,15.8,30.4,0.0,4.43,open_meteo_era5_gap_sanliurfa_2022_2023_4ec9fa9c3621
gap_sanliurfa,2022-10-12,14.9,30.6,0.0,4.3,open_meteo_era5_gap_sanliurfa_2022_2023_4ec9fa9c3621
gap_sanliurfa,2022-10-13,16.7,30.9,0.0,4.22,open_meteo_era5_gap_sanliurfa_2022_2023_4ec9fa9c3621
gap_sanliurfa,2022-10-14,17.5,30.2,0.0,4.3,open_meteo_era5_gap_sanliurfa_2022_2023_4ec9fa9c3621
gap_sanliurfa,2022-10-15,16.2,27.9,0.2,2.99,open_meteo_era5_gap_sanliurfa_2022_2023_4ec9fa9c3621
gap_sanliurfa,2022-10-16,15.3,31.1,0.0,3.79,open_meteo_era5_gap_sanliurfa_2022_2023_4ec9fa9c3621
gap_sanliurfa,2022-10-17,19.3,33.5,0.0,5.92,open_meteo_era5_gap_sanliurfa_2022_2023_4ec9fa9c3621
gap_sanliurfa,2022-10-18,18.0,33.0,0.0,6.01,open_meteo_era5_gap_sanliurfa_2022_2023_4ec9fa9c3621
gap_sanliurfa,2022-10-19,16.8,30.8,0.0,4.03,open_meteo_era5_gap_sanliurfa_2022_2023_4ec9fa9c3621
gap_sanliurfa,2022-10-20,16.4,29.0,0.0,4.48,open_meteo_era5_gap_sanliurfa_2022_2023_4ec9fa9c3621
gap_sanliurfa,2022-10-21,16.8,27.5,0.0,3.34,open_meteo_era5_gap_sanliurfa_2022_2023_4ec9fa9c3621
gap_sanliurfa,2022-10-22,13.3,23.9,0.9,2.49,open_meteo_era5_gap_sanliurfa_2022_2023_4ec9fa9c3621
gap_sanliurfa,2022-10-23,11.7,25.6,0.0,3.02,open_meteo_era5_gap_sanliurfa_2022_2023_4ec9fa9c3621
gap_sanliurfa,2022-10-24,10.8,26.9,0.0,3.59,open_meteo_era5_gap_sanliurfa_2022_2023_4ec9fa9c3621
gap_sanliurfa,2022-10-25,12.0,26.9,0.0,3.55,open_meteo_era5_gap_sanliurfa_2022_2023_4ec9fa9c3621
gap_sanliurfa,2022-10-26,11.9,27.1,0.3,3.27,open_meteo_era5_gap_sanliurfa_2022_2023_4ec9fa9c3621
gap_sanliurfa,2022-10-27,15.3,27.0,0.1,3.6,open_meteo_era5_gap_sanliurfa_2022_2023_4ec9fa9c3621
gap_sanliurfa,2022-10-28,14.7,27.6,0.0,4.34,open_meteo_era5_gap_sanliurfa_2022_2023_4ec9fa9c3621
gap_sanliurfa,2022-10-29,11.8,27.2,0.0,4.0,open_meteo_era5_gap_sanliurfa_2022_2023_4ec9fa9c3621
gap_sanliurfa,2022-10-30,10.9,27.9,0.3,3.88,open_meteo_era5_gap_sanliurfa_2022_2023_4ec9fa9c3621
gap_sanliurfa,2022-10-31,11.6,23.2,0.5,2.9,open_meteo_era5_gap_sanliurfa_2022_2023_4ec9fa9c3621
gap_sanliurfa,2022-11-01,11.5,26.1,0.0,3.47,open_meteo_era5_gap_sanliurfa_2022_2023_4ec9fa9c3621
gap_sanliurfa,2022-11-02,10.1,24.9,0.0,3.67,open_meteo_era5_gap_sanliurfa_2022_2023_4ec9fa9c3621
gap_sanliurfa,2022-11-03,9.2,26.1,0.0,3.78,open_meteo_era5_gap_sanliurfa_2022_2023_4ec9fa9c3621
gap_sanliurfa,2022-11-04,10.1,26.4,0.0,3.39,open_meteo_era5_gap_sanliurfa_2022_2023_4ec9fa9c3621
gap_sanliurfa,2022-11-05,9.7,25.4,0.0,3.05,open_meteo_era5_gap_sanliurfa_2022_2023_4ec9fa9c3621
gap_sanliurfa,2022-11-06,9.4,25.6,0.0,3.17,open_meteo_era5_gap_sanliurfa_2022_2023_4ec9fa9c3621
gap_sanliurfa,2022-11-07,12.5,20.4,4.4,2.61,open_meteo_era5_gap_sanliurfa_2022_2023_4ec9fa9c3621
gap_sanliurfa,2022-11-08,14.0,16.8,1.4,1.67,open_meteo_era5_gap_sanliurfa_2022_2023_4ec9fa9c3621
gap_sanliurfa,2022-11-09,12.5,17.8,2.0,1.58,open_meteo_era5_gap_sanliurfa_2022_2023_4ec9fa9c3621
gap_sanliurfa,2022-11-10,10.5,19.7,0.8,1.92,open_meteo_era5_gap_sanliurfa_2022_2023_4ec9fa9c3621
gap_sanliurfa,2022-11-11,10.3,21.4,0.0,2.23,open_meteo_era5_gap_sanliurfa_2022_2023_4ec9fa9c3621
gap_sanliurfa,2022-11-12,10.6,23.2,0.0,2.75,open_meteo_era5_gap_sanliurfa_2022_2023_4ec9fa9c3621
gap_sanliurfa,2022-11-13,8.1,23.5,0.0,2.79,open_meteo_era5_gap_sanliurfa_2022_2023_4ec9fa9c3621
gap_sanliurfa,2022-11-14,7.0,22.9,0.0,2.36,open_meteo_era5_gap_sanliurfa_2022_2023_4ec9fa9c3621
gap_sanliurfa,2022-11-15,8.8,23.3,2.2,2.61,open_meteo_era5_gap_sanliurfa_2022_2023_4ec9fa9c3621
gap_sanliurfa,2022-11-16,11.3,15.5,21.2,0.69,open_meteo_era5_gap_sanliurfa_2022_2023_4ec9fa9c3621
gap_sanliurfa,2022-11-17,10.4,16.8,0.0,1.05,open_meteo_era5_gap_sanliurfa_2022_2023_4ec9fa9c3621
gap_sanliurfa,2022-11-18,9.9,17.5,0.2,1.3,open_meteo_era5_gap_sanliurfa_2022_2023_4ec9fa9c3621
gap_sanliurfa,2022-11-19,9.7,20.3,0.0,1.79,open_meteo_era5_gap_sanliurfa_2022_2023_4ec9fa9c3621
gap_sanliurfa,2022-11-20,9.6,21.8,0.0,2.0,open_meteo_era5_gap_sanliurfa_2022_2023_4ec9fa9c3621
gap_sanliurfa,2022-11-21,9.5,19.4,0.0,1.53,open_meteo_era5_gap_sanliurfa_2022_2023_4ec9fa9c3621
gap_sanliurfa,2022-11-22,12.1,18.5,0.0,1.82,open_meteo_era5_gap_sanliurfa_2022_2023_4ec9fa9c3621
gap_sanliurfa,2022-11-23,11.6,20.8,0.0,2.35,open_meteo_era5_gap_sanliurfa_2022_2023_4ec9fa9c3621
gap_sanliurfa,2022-11-24,12.9,17.5,7.1,1.64,open_meteo_era5_gap_sanliurfa_2022_2023_4ec9fa9c3621
gap_sanliurfa,2022-11-25,9.5,15.8,9.9,0.82,open_meteo_era5_gap_sanliurfa_2022_2023_4ec9fa9c3621
gap_sanliurfa,2022-11-26,7.8,13.6,1.4,0.99,open_meteo_era5_gap_sanliurfa_2022_2023_4ec9fa9c3621
gap_sanliurfa,2022-11-27,6.5,15.2,0.0,1.28,open_meteo_era5_gap_sanliurfa_2022_2023_4ec9fa9c3621
gap_sanliurfa,2022-11-28,7.7,16.0,0.0,1.66,open_meteo_era5_gap_sanliurfa_2022_2023_4ec9fa9c3621
gap_sanliurfa,2022-11-29,11.8,17.2,16.3,1.73,open_meteo_era5_gap_sanliurfa_2022_2023_4ec9fa9c3621
gap_sanliurfa,2022-11-30,11.9,16.7,13.9,0.73,open_meteo_era5_gap_sanliurfa_2022_2023_4ec9fa9c3621
gap_sanliurfa,2022-12-01,12.2,18.0,0.7,1.11,open_meteo_era5_gap_sanliurfa_2022_2023_4ec9fa9c3621
gap_sanliurfa,2022-12-02,9.2,19.1,0.0,1.37,open_meteo_era5_gap_sanliurfa_2022_2023_4ec9fa9c3621
gap_sanliurfa,2022-12-03,8.3,19.9,0.0,1.78,open_meteo_era5_gap_sanliurfa_2022_2023_4ec9fa9c3621
gap_sanliurfa,2022-12-04,6.2,18.3,0.0,1.62,open_meteo_era5_gap_sanliurfa_2022_2023_4ec9fa9c3621
gap_sanliurfa,2022-12-05,5.5,16.1,0.3,1.42,open_meteo_era5_gap_sanliurfa_2022_2023_4ec9fa9c3621
gap_sanliurfa,2022-12-06,8.3,15.0,0.4,1.05,open_meteo_era5_gap_sanliurfa_2022_2023_4ec9fa9c3621
gap_sanliurfa,2022-12-07,6.8,15.0,0.0,1.33,open_meteo_era5_gap_sanliurfa_2022_2023_4ec9fa9c3621
gap_sanliurfa,2022-12-08,7.8,13.4,0.7,0.87,open_meteo_era5_gap_sanliurfa_2022_2023_4ec9fa9c3621
gap_sanliurfa,2022-12-09,6.5,15.8,0.0,1.25,open_meteo_era5_gap_sanliurfa_2022_2023_4ec9fa9c3621
gap_sanliurfa,2022-12-10,5.8,17.0,0.0,1.64,open_meteo_era5_gap_sanliurfa_2022_2023_4ec9fa9c3621
gap_sanliurfa,2022-12-11,4.5,16.1,0.3,1.5,open_meteo_era5_gap_sanliurfa_2022_2023_4ec9fa9c3621
gap_sanliurfa,2022-12-12,9.6,14.0,0.0,1.41,open_meteo_era5_gap_sanliurfa_2022_2023_4ec9fa9c3621
gap_sanliurfa,2022-12-13,8.8,12.8,1.8,1.01,open_meteo_era5_gap_sanliurfa_2022_2023_4ec9fa9c3621
gap_sanliurfa,2022-12-14,9.0,14.4,0.5,1.08,open_meteo_era5_gap_sanliurfa_2022_2023_4ec9fa9c3621
gap_sanliurfa,2022-12-15,9.0,16.1,0.9,1.12,open_meteo_era5_gap_sanliurfa_2022_2023_4ec9fa9c3621
gap_sanliurfa,2022-12-16,8.5,17.3,0.0,1.45,open_meteo_era5_gap_sanliurfa_2022_2023_4ec9fa9c3621
gap_sanliurfa,2022-12-17,7.4,18.7,0.0,1.68,open_meteo_era5_gap_sanliurfa_2022_2023_4ec9fa9c3621
gap_sanliurfa,2022-12-18,6.0,18.6,0.0,1.81,open_meteo_era5_gap_sanliurfa_2022_2023_4ec9fa9c3621
gap_sanliurfa,2022-12-19,4.9,16.9,0.0,1.68,open_meteo_era5_gap_sanliurfa_2022_2023_4ec9fa9c3621
gap_sanliurfa,2022-12-20,5.6,15.5,0.0,1.66,open_meteo_era5_gap_sanliurfa_2022_2023_4ec9fa9c3621
gap_sanliurfa,2022-12-21,6.8,15.2,0.0,1.69,open_meteo_era5_gap_sanliurfa_2022_2023_4ec9fa9c3621
gap_sanliurfa,2022-12-22,5.5,16.3,0.0,1.57,open_meteo_era5_gap_sanliurfa_2022_2023_4ec9fa9c3621
gap_sanliurfa,2022-12-23,5.5,14.6,0.2,1.25,open_meteo_era5_gap_sanliurfa_2022_2023_4ec9fa9c3621
gap_sanliurfa,2022-12-24,3.8,16.1,0.0,1.94,open_meteo_era5_gap_sanliurfa_2022_2023_4ec9fa9c3621
gap_sanliurfa,2022-12-25,2.6,13.3,0.8,1.35,open_meteo_era5_gap_sanliurfa_2022_2023_4ec9fa9c3621
gap_sanliurfa,2022-12-26,8.5,11.1,17.1,0.48,open_meteo_era5_gap_sanliurfa_2022_2023_4ec9fa9c3621
gap_sanliurfa,2022-12-27,4.2,15.1,0.9,1.75,open_meteo_era5_gap_sanliurfa_2022_2023_4ec9fa9c3621
gap_sanliurfa,2022-12-28,3.0,14.6,0.0,1.59,open_meteo_era5_gap_sanliurfa_2022_2023_4ec9fa9c3621
gap_sanliurfa,2022-12-29,2.4,14.5,0.0,1.47,open_meteo_era5_gap_sanliurfa_2022_2023_4ec9fa9c3621
gap_sanliurfa,2022-12-30,3.0,14.0,0.0,1.39,open_meteo_era5_gap_sanliurfa_2022_2023_4ec9fa9c3621
gap_sanliurfa,2022-12-31,2.2,14.5,0.0,1.57,open_meteo_era5_gap_sanliurfa_2022_2023_4ec9fa9c3621
gap_sanliurfa,2023-01-01,0.8,14.5,0.0,1.63,open_meteo_era5_gap_sanliurfa_2022_2023_4ec9fa9c3621
gap_sanliurfa,2023-01-02,0.5,15.7,0.0,1.77,open_meteo_era5_gap_sanliurfa_2022_2023_4ec9fa9c3621
gap_sanliurfa,2023-01-03,0.2,15.3,0.0,1.84,open_meteo_era5_gap_sanliurfa_2022_2023_4ec9fa9c3621
gap_sanliurfa,2023-01-04,1.7,16.6,0.0,2.0,open_meteo_era5_gap_sanliurfa_2022_2023_4ec9fa9c3621
gap_sanliurfa,2023-01-05,0.4,15.9,0.0,1.75,open_meteo_era5_gap_sanliurfa_2022_2023_4ec9fa9c3621
gap_sanliurfa,2023-01-06,0.3,11.7,0.6,1.35,open_meteo_era5_gap_sanliurfa_2022_2023_4ec9fa9c3621
gap_sanliurfa,2023-01-07,2.1,11.3,3.2,0.87,open_meteo_era5_gap_sanliurfa_2022_2023_4ec9fa9c3621
gap_sanliurfa,2023-01-08,1.6,10.0,0.0,1.08,open_meteo_era5_gap_sanliurfa_2022_2023_4ec9fa9c3621
gap_sanliurfa,2023-01-09,0.6,10.6,0.0,1.34,open_meteo_era5_gap_sanliurfa_2022_2023_4ec9fa9c3621
gap_sanliurfa,2023-01-10,-1.0,11.9,0.0,1.6,open_meteo_era5_gap_sanliurfa_2022_2023_4ec9fa9c3621
gap_sanliurfa,2023-01-11,-1.5,11.4,0.0,1.59,open_meteo_era5_gap_sanliurfa_2022_2023_4ec9fa9c3621
gap_sanliurfa,2023-01-12,0.3,10.9,0.0,1.56,open_meteo_era5_gap_sanliurfa_2022_2023_4ec9fa9c3621
gap_sanliurfa,2023-01-13,2.6,10.8,0.5,1.58,open_meteo_era5_gap_sanliurfa_2022_2023_4ec9fa9c3621
gap_sanliurfa,2023-01-14,5.9,11.4,7.3,1.04,open_meteo_era5_gap_sanliurfa_2022_2023_4ec9fa9c3621
gap_sanliurfa,2023-01-15,5.2,14.0,0.0,1.45,open_meteo_era5_gap_sanliurfa_2022_2023_4ec9fa9c3621
gap_sanliurfa,2023-01-16,6.5,13.1,4.0,0.89,open_meteo_era5_gap_sanliurfa_2022_2023_4ec9fa9c3621
gap_sanliurfa,2023-01-17,4.8,13.7,2.3,1.23,open_meteo_era5_gap_sanliurfa_2022_2023_4ec9fa9c3621
gap_sanliurfa,2023-01-18,4.2,15.3,0.0,1.6,open_meteo_era5_gap_sanliurfa_2022_2023_4ec9fa9c3621
gap_sanliurfa,2023-01-19,4.5,15.8,0.0,1.78,open_meteo_era5_gap_sanliurfa_2022_2023_4ec9fa9c3621
gap_sanliurfa,2023-01-20,3.0,16.2,0.0,1.75,open_meteo_era5_gap_sanliurfa_2022_2023_4ec9fa9c3621
gap_sanliurfa,2023-01-21,3.9,16.0,0.0,1.82,open_meteo_era5_gap_sanliurfa_2022_2023_4ec9fa9c3621
gap_sanliurfa,2023-01-22,2.3,16.6,0.0,1.89,open_meteo_era5_gap_sanliurfa_2022_2023_4ec9fa9c3621
gap_sanliurfa,2023-01-23,3.0,16.2,0.0,1.86,open_meteo_era5_gap_sanliurfa_2022_2023_4ec9fa9c3621
gap_sanliurfa,2023-01-24,2.6,15.3,0.0,1.84,open_meteo_era5_gap_sanliurfa_2022_2023_4ec9fa9c3621
gap_sanliurfa,2023-01-25,1.6,14.5,0.0,1.85,open_meteo_era5_gap_sanliurfa_2022_2023_4ec9fa9c3621
gap_sanliurfa,2023-01-26,1.4,14.8,0.0,1.91,open_meteo_era5_gap_sanliurfa_2022_2023_4ec9fa9c3621
gap_sanliurfa,2023-01-27,1.6,14.5,0.0,2.18,open_meteo_era5_gap_sanliurfa_2022_2023_4ec9fa9c3621
gap_sanliurfa,2023-01-28,6.3,10.8,3.9,1.92,open_meteo_era5_gap_sanliurfa_2022_2023_4ec9fa9c3621
gap_sanliurfa,2023-01-29,5.8,12.0,0.0,1.57,open_meteo_era5_gap_sanliurfa_2022_2023_4ec9fa9c3621
gap_sanliurfa,2023-01-30,6.4,10.3,1.9,1.27,open_meteo_era5_gap_sanliurfa_2022_2023_4ec9fa9c3621
gap_sanliurfa,2023-01-31,5.4,9.7,7.4,0.74,open_meteo_era5_gap_sanliurfa_2022_2023_4ec9fa9c3621
gap_sanliurfa,2023-02-01,3.7,10.8,5.9,1.24,open_meteo_era5_gap_sanliurfa_2022_2023_4ec9fa9c3621
gap_sanliurfa,2023-02-02,0.6,11.2,1.2,1.87,open_meteo_era5_gap_sanliurfa_2022_2023_4ec9fa9c3621
gap_sanliurfa,2023-02-03,-0.8,10.2,0.0,1.97,open_meteo_era5_gap_sanliurfa_2022_2023_4ec9fa9c3621
gap_sanliurfa,2023-02-04,1.0,4.7,11.4,0.42,open_meteo_era5_gap_sanliurfa_2022_2023_4ec9fa9c3621
gap_sanliurfa,2023-02-05,3.3,8.2,13.8,0.52,open_meteo_era5_gap_sanliurfa_2022_2023_4ec9fa9c3621
gap_sanliurfa,2023-02-06,6.0,12.1,4.1,1.29,open_meteo_era5_gap_sanliurfa_2022_2023_4ec9fa9c3621
gap_sanliurfa,2023-02-07,1.3,9.1,3.2,1.43,open_meteo_era5_gap_sanliurfa_2022_2023_4ec9fa9c3621
gap_sanliurfa,2023-02-08,0.0,8.1,0.3,1.95,open_meteo_era5_gap_sanliurfa_2022_2023_4ec9fa9c3621
gap_sanliurfa,2023-02-09,-0.1,10.0,0.0,2.15,open_meteo_era5_gap_sanliurfa_2022_2023_4ec9fa9c3621
gap_sanliurfa,2023-02-10,-0.5,8.7,0.5,1.69,open_meteo_era5_gap_sanliurfa_2022_2023_4ec9fa9c3621
gap_sanliurfa,2023-02-11,1.2,9.9,0.3,2.21,open_meteo_era5_gap_sanliurfa_2022_2023_4ec9fa9c3621
gap_sanliurfa,2023-02-12,-1.2,10.8,0.0,2.32,open_meteo_era5_gap_sanliurfa_2022_2023_4ec9fa9c3621
gap_sanliurfa,2023-02-13,-2.3,10.7,0.0,2.53,open_meteo_era5_gap_sanliurfa_2022_2023_4ec9fa9c3621
gap_sanliurfa,2023-02-14,-0.4,9.7,0.0,2.48,open_meteo_era5_gap_sanliurfa_2022_2023_4ec9fa9c3621
gap_sanliurfa,2023-02-15,-3.5,10.0,0.0,2.47,open_meteo_era5_gap_sanliurfa_2022_2023_4ec9fa9c3621
gap_sanliurfa,2023-02-16,-1.4,10.1,0.0,2.75,open_meteo_era5_gap_sanliurfa_2022_2023_4ec9fa9c3621
gap_sanliurfa,2023-02-17,-2.7,10.5,0.0,2.38,open_meteo_era5_gap_sanliurfa_2022_2023_4ec9fa9c3621
gap_sanliurfa,2023-02-18,-1.9,12.8,0.0,2.48,open_meteo_era5_gap_sanliurfa_2022_2023_4ec9fa9c3621
gap_sanliurfa,2023-02-19,-0.1,14.1,0.0,2.41,open_meteo_era5_gap_sanliurfa_2022_2023_4ec9fa9c3621
gap_sanliurfa,2023-02-20,3.9,16.4,0.0,2.61,open_meteo_era5_gap_sanliurfa_2022_2023_4ec9fa9c3621
gap_sanliurfa,2023-02-21,5.1,17.5,0.0,2.91,open_meteo_era5_gap_sanliurfa_2022_2023_4ec9fa9c3621
gap_sanliurfa,2023-02-22,4.2,17.5,0.0,2.44,open_meteo_era5_gap_sanliurfa_2022_2023_4ec9fa9c3621
gap_sanliurfa,2023-02-23,5.9,18.4,0.0,2.93,open_meteo_era5_gap_sanliurfa_2022_2023_4ec9fa9c3621
gap_sanliurfa,2023-02-24,6.7,18.8,0.0,3.55,open_meteo_era5_gap_sanliurfa_2022_2023_4ec9fa9c3621
gap_sanliurfa,2023-02-25,7.6,19.0,0.0,3.31,open_meteo_era5_gap_sanliurfa_2022_2023_4ec9fa9c3621
gap_sanliurfa,2023-02-26,6.1,21.3,0.0,3.48,open_meteo_era5_gap_sanliurfa_2022_2023_4ec9fa9c3621
gap_sanliurfa,2023-02-27,7.6,22.2,0.0,3.43,open_meteo_era5_gap_sanliurfa_2022_2023_4ec9fa9c3621
gap_sanliurfa,2023-02-28,7.0,24.1,0.0,3.61,open_meteo_era5_gap_sanliurfa_2022_2023_4ec9fa9c3621
gap_sanliurfa,2023-03-01,7.6,24.7,0.0,3.25,open_meteo_era5_gap_sanliurfa_2022_2023_4ec9fa9c3621
gap_sanliurfa,2023-03-02,8.2,25.0,0.0,3.79,open_meteo_era5_gap_sanliurfa_2022_2023_4ec9fa9c3621
gap_sanliurfa,2023-03-03,13.6,26.1,0.0,5.18,open_meteo_era5_gap_sanliurfa_2022_2023_4ec9fa9c3621
gap_sanliurfa,2023-03-04,9.5,22.7,0.0,4.11,open_meteo_era5_gap_sanliurfa_2022_2023_4ec9fa9c3621
gap_sanliurfa,2023-03-05,7.9,24.8,0.0,4.57,open_meteo_era5_gap_sanliurfa_2022_2023_4ec9fa9c3621
gap_sanliurfa,2023-03-06,10.1,20.2,0.0,4.99,open_meteo_era5_gap_sanliurfa_2022_2023_4ec9fa9c3621
gap_sanliurfa,2023-03-07,8.6,20.1,0.0,3.72,open_meteo_era5_gap_sanliurfa_2022_2023_4ec9fa9c3621
gap_sanliurfa,2023-03-08,7.9,20.6,0.0,3.19,open_meteo_era5_gap_sanliurfa_2022_2023_4ec9fa9c3621
gap_sanliurfa,2023-03-09,7.3,21.5,0.0,4.39,open_meteo_era5_gap_sanliurfa_2022_2023_4ec9fa9c3621
gap_sanliurfa,2023-03-10,8.7,21.5,0.0,3.96,open_meteo_era5_gap_sanliurfa_2022_2023_4ec9fa9c3621
gap_sanliurfa,2023-03-11,7.3,22.5,0.0,4.57,open_meteo_era5_gap_sanliurfa_2022_2023_4ec9fa9c3621
gap_sanliurfa,2023-03-12,12.8,24.7,0.0,6.26,open_meteo_era5_gap_sanliurfa_2022_2023_4ec9fa9c3621
gap_sanliurfa,2023-03-13,14.1,22.2,4.5,4.11,open_meteo_era5_gap_sanliurfa_2022_2023_4ec9fa9c3621
gap_sanliurfa,2023-03-14,14.3,19.2,17.1,2.61,open_meteo_era5_gap_sanliurfa_2022_2023_4ec9fa9c3621
gap_sanliurfa,2023-03-15,12.3,15.2,19.4,0.77,open_meteo_era5_gap_sanliurfa_2022_2023_4ec9fa9c3621
gap_sanliurfa,2023-03-16,8.9,16.9,0.6,1.54,open_meteo_era5_gap_sanliurfa_2022_2023_4ec9fa9c3621
gap_sanliurfa,2023-03-17,6.4,18.1,6.2,2.71,open_meteo_era5_gap_sanliurfa_2022_2023_4ec9fa9c3621
gap_sanliurfa,2023-03-18,11.0,19.0,20.2,2.84,open_meteo_era5_gap_sanliurfa_2022_2023_4ec9fa9c3621
gap_sanliurfa,2023-03-19,9.4,15.9,10.3,2.36,open_meteo_era5_gap_sanliurfa_2022_2023_4ec9fa9c3621
gap_sanliurfa,2023-03-20,8.2,15.3,1.3,2.25,open_meteo_era5_gap_sanliurfa_2022_2023_4ec9fa9c3621
gap_sanliurfa,2023-03-21,9.9,19.1,0.0,3.86,open_meteo_era5_gap_sanliurfa_2022_2023_4ec9fa9c3621
gap_sanliurfa,2023-03-22,9.3,20.9,0.0,4.07,open_meteo_era5_gap_sanliurfa_2022_2023_4ec9fa9c3621
gap_sanliurfa,2023-03-23,10.7,20.2,0.0,3.63,open_meteo_era5_gap_sanliurfa_2022_2023_4ec9fa9c3621
gap_sanliurfa,2023-03-24,14.5,20.9,1.1,3.39,open_meteo_era5_gap_sanliurfa_2022_2023_4ec9fa9c3621
gap_sanliurfa,2023-03-25,13.1,19.1,9.5,2.76,open_meteo_era5_gap_sanliurfa_2022_2023_4ec9fa9c3621
gap_sanliurfa,2023-03-26,12.8,19.7,19.0,2.67,open_meteo_era5_gap_sanliurfa_2022_2023_4ec9fa9c3621
gap_sanliurfa,2023-03-27,12.3,20.5,11.1,3.22,open_meteo_era5_gap_sanliurfa_2022_2023_4ec9fa9c3621
gap_sanliurfa,2023-03-28,10.3,20.7,0.0,3.58,open_meteo_era5_gap_sanliurfa_2022_2023_4ec9fa9c3621
gap_sanliurfa,2023-03-29,9.9,17.8,0.3,3.36,open_meteo_era5_gap_sanliurfa_2022_2023_4ec9fa9c3621
gap_sanliurfa,2023-03-30,6.9,13.3,0.0,3.59,open_meteo_era5_gap_sanliurfa_2022_2023_4ec9fa9c3621
gap_sanliurfa,2023-03-31,3.4,12.9,0.0,3.79,open_meteo_era5_gap_sanliurfa_2022_2023_4ec9fa9c3621
gap_sanliurfa,2023-04-01,4.1,16.4,0.0,3.91,open_meteo_era5_gap_sanliurfa_2022_2023_4ec9fa9c3621
gap_sanliurfa,2023-04-02,6.5,17.6,0.3,2.23,open_meteo_era5_gap_sanliurfa_2022_2023_4ec9fa9c3621
gap_sanliurfa,2023-04-03,9.6,21.4,0.0,3.97,open_meteo_era5_gap_sanliurfa_2022_2023_4ec9fa9c3621
gap_sanliurfa,2023-04-04,11.4,25.9,0.0,5.53,open_meteo_era5_gap_sanliurfa_2022_2023_4ec9fa9c3621
gap_sanliurfa,2023-04-05,11.9,22.1,0.0,5.16,open_meteo_era5_gap_sanliurfa_2022_2023_4ec9fa9c3621
gap_sanliurfa,2023-04-06,9.7,20.1,0.0,3.71,open_meteo_era5_gap_sanliurfa_2022_2023_4ec9fa9c3621
gap_sanliurfa,2023-04-07,7.8,22.7,0.4,4.7,open_meteo_era5_gap_sanliurfa_2022_2023_4ec9fa9c3621
gap_sanliurfa,2023-04-08,10.7,20.6,0.0,4.56,open_meteo_era5_gap_sanliurfa_2022_2023_4ec9fa9c3621
gap_sanliurfa,2023-04-09,12.7,19.7,1.1,3.42,open_meteo_era5_gap_sanliurfa_2022_2023_4ec9fa9c3621
gap_sanliurfa,2023-04-10,15.2,26.6,1.0,5.24,open_meteo_era5_gap_sanliurfa_2022_2023_4ec9fa9c3621
gap_sanliurfa,2023-04-11,13.2,20.3,21.6,1.63,open_meteo_era5_gap_sanliurfa_2022_2023_4ec9fa9c3621
gap_sanliurfa,2023-04-12,10.1,19.8,0.4,3.75,open_meteo_era5_gap_sanliurfa_2022_2023_4ec9fa9c3621
gap_sanliurfa,2023-04-13,9.0,16.3,0.9,3.19,open_meteo_era5_gap_sanliurfa_2022_2023_4ec9fa9c3621
gap_sanliurfa,2023-04-14,8.4,19.9,0.0,3.6,open_meteo_era5_gap_sanliurfa_2022_2023_4ec9fa9c3621
gap_sanliurfa,2023-04-15,8.8,22.1,0.0,4.41,open_meteo_era5_gap_sanliurfa_2022_2023_4ec9fa9c3621
gap_sanliurfa,2023-04-16,9.9,25.0,0.0,4.89,open_meteo_era5_gap_sanliurfa_2022_2023_4ec9fa9c3621
gap_sanliurfa,2023-04-17,11.5,27.7,0.0,5.07,open_meteo_era5_gap_sanliurfa_2022_2023_4ec9fa9c3621
gap_sanliurfa,2023-04-18,13.3,30.7,0.0,5.31,open_meteo_era5_gap_sanliurfa_2022_2023_4ec9fa9c3621
gap_sanliurfa,2023-04-19,13.8,27.9,0.0,4.74,open_meteo_era5_gap_sanliurfa_2022_2023_4ec9fa9c3621
gap_sanliurfa,2023-04-20,12.8,28.9,1.6,4.72,open_meteo_era5_gap_sanliurfa_2022_2023_4ec9fa9c3621
gap_sanliurfa,2023-04-21,11.2,24.1,0.0,5.5,open_meteo_era5_gap_sanliurfa_2022_2023_4ec9fa9c3621
gap_sanliurfa,2023-04-22,10.3,23.9,0.0,5.18,open_meteo_era5_gap_sanliurfa_2022_2023_4ec9fa9c3621
gap_sanliurfa,2023-04-23,15.4,28.9,0.0,6.94,open_meteo_era5_gap_sanliurfa_2022_2023_4ec9fa9c3621
gap_sanliurfa,2023-04-24,14.0,25.4,0.0,6.29,open_meteo_era5_gap_sanliurfa_2022_2023_4ec9fa9c3621
gap_sanliurfa,2023-04-25,12.1,26.6,0.0,5.42,open_meteo_era5_gap_sanliurfa_2022_2023_4ec9fa9c3621
gap_sanliurfa,2023-04-26,10.4,27.8,0.0,5.8,open_meteo_era5_gap_sanliurfa_2022_2023_4ec9fa9c3621
gap_sanliurfa,2023-04-27,13.6,27.7,0.0,6.36,open_meteo_era5_gap_sanliurfa_2022_2023_4ec9fa9c3621
gap_sanliurfa,2023-04-28,13.0,27.4,0.9,6.15,open_meteo_era5_gap_sanliurfa_2022_2023_4ec9fa9c3621
gap_sanliurfa,2023-04-29,11.2,22.8,0.5,5.37,open_meteo_era5_gap_sanliurfa_2022_2023_4ec9fa9c3621
gap_sanliurfa,2023-04-30,9.9,20.2,0.4,4.34,open_meteo_era5_gap_sanliurfa_2022_2023_4ec9fa9c3621
gap_sanliurfa,2023-05-01,8.9,23.2,0.0,5.16,open_meteo_era5_gap_sanliurfa_2022_2023_4ec9fa9c3621
gap_sanliurfa,2023-05-02,9.5,25.8,0.0,6.01,open_meteo_era5_gap_sanliurfa_2022_2023_4ec9fa9c3621
gap_sanliurfa,2023-05-03,12.7,25.7,0.0,6.75,open_meteo_era5_gap_sanliurfa_2022_2023_4ec9fa9c3621
gap_sanliurfa,2023-05-04,11.0,28.5,0.0,5.93,open_meteo_era5_gap_sanliurfa_2022_2023_4ec9fa9c3621
gap_sanliurfa,2023-05-05,11.5,30.5,0.0,7.01,open_meteo_era5_gap_sanliurfa_2022_2023_4ec9fa9c3621
gap_sanliurfa,2023-05-06,17.8,31.6,0.0,8.69,open_meteo_era5_gap_sanliurfa_2022_2023_4ec9fa9c3621
gap_sanliurfa,2023-05-07,14.7,26.8,0.3,6.59,open_meteo_era5_gap_sanliurfa_2022_2023_4ec9fa9c3621
gap_sanliurfa,2023-05-08,13.0,26.8,0.0,5.82,open_meteo_era5_gap_sanliurfa_2022_2023_4ec9fa9c3621
gap_sanliurfa,2023-05-09,14.4,29.3,0.1,5.89,open_meteo_era5_gap_sanliurfa_2022_2023_4ec9fa9c3621
gap_sanliurfa,2023-05-10,14.8,31.4,0.0,6.71,open_meteo_era5_gap_sanliurfa_2022_2023_4ec9fa9c3621
gap_sanliurfa,2023-05-11,17.0,36.1,0.0,8.02,open_meteo_era5_gap_sanliurfa_2022_2023_4ec9fa9c3621
gap_sanliurfa,2023-05-12,20.3,34.9,0.5,7.42,open_meteo_era5_gap_sanliurfa_2022_2023_4ec9fa9c3621
gap_sanliurfa,2023-05-13,19.2,30.3,0.1,7.98,open_meteo_era5_gap_sanliurfa_2022_2023_4ec9fa9c3621
gap_sanliurfa,2023-05-14,18.2,29.4,0.0,8.53,open_meteo_era5_gap_sanliurfa_2022_2023_4ec9fa9c3621
gap_sanliurfa,2023-05-15,16.5,28.1,0.0,8.08,open_meteo_era5_gap_sanliurfa_2022_2023_4ec9fa9c3621
gap_sanliurfa,2023-05-16,15.5,31.9,0.0,7.43,open_meteo_era5_gap_sanliurfa_2022_2023_4ec9fa9c3621
gap_sanliurfa,2023-05-17,14.6,34.1,0.0,7.13,open_meteo_era5_gap_sanliurfa_2022_2023_4ec9fa9c3621
gap_sanliurfa,2023-05-18,18.5,34.0,0.0,8.44,open_meteo_era5_gap_sanliurfa_2022_2023_4ec9fa9c3621
gap_sanliurfa,2023-05-19,17.0,28.4,0.0,5.79,open_meteo_era5_gap_sanliurfa_2022_2023_4ec9fa9c3621
gap_sanliurfa,2023-05-20,15.8,30.7,0.0,7.0,open_meteo_era5_gap_sanliurfa_2022_2023_4ec9fa9c3621
gap_sanliurfa,2023-05-21,17.2,27.7,0.0,5.82,open_meteo_era5_gap_sanliurfa_2022_2023_4ec9fa9c3621
gap_sanliurfa,2023-05-22,15.7,31.8,0.6,7.11,open_meteo_era5_gap_sanliurfa_2022_2023_4ec9fa9c3621
gap_sanliurfa,2023-05-23,18.7,32.2,0.0,7.74,open_meteo_era5_gap_sanliurfa_2022_2023_4ec9fa9c3621
gap_sanliurfa,2023-05-24,18.3,32.7,0.0,7.67,open_meteo_era5_gap_sanliurfa_2022_2023_4ec9fa9c3621
gap_sanliurfa,2023-05-25,20.0,36.4,0.2,8.68,open_meteo_era5_gap_sanliurfa_2022_2023_4ec9fa9c3621
gap_sanliurfa,2023-05-26,18.9,33.6,0.0,7.3,open_meteo_era5_gap_sanliurfa_2022_2023_4ec9fa9c3621
gap_sanliurfa,2023-05-27,18.7,34.4,0.0,7.29,open_meteo_era5_gap_sanliurfa_2022_2023_4ec9fa9c3621
gap_sanliurfa,2023-05-28,20.9,32.7,0.2,6.67,open_meteo_era5_gap_sanliurfa_2022_2023_4ec9fa9c3621
gap_sanliurfa,2023-05-29,18.3,32.9,5.5,6.09,open_meteo_era5_gap_sanliurfa_2022_2023_4ec9fa9c3621
gap_sanliurfa,2023-05-30,17.8,32.5,0.2,6.92,open_meteo_era5_gap_sanliurfa_2022_2023_4ec9fa9c3621
gap_sanliurfa,2023-05-31,18.5,33.0,0.0,8.05,open_meteo_era5_gap_sanliurfa_2022_2023_4ec9fa9c3621
gap_sanliurfa,2023-06-01,17.7,33.5,0.0,7.97,open_meteo_era5_gap_sanliurfa_2022_2023_4ec9fa9c3621
gap_sanliurfa,2023-06-02,20.7,33.1,0.0,7.13,open_meteo_era5_gap_sanliurfa_2022_2023_4ec9fa9c3621
gap_sanliurfa,2023-06-03,21.6,37.1,2.0,8.43,open_meteo_era5_gap_sanliurfa_2022_2023_4ec9fa9c3621
gap_sanliurfa,2023-06-04,19.4,33.1,0.0,8.22,open_meteo_era5_gap_sanliurfa_2022_2023_4ec9fa9c3621
gap_sanliurfa,2023-06-05,18.5,33.5,0.0,7.75,open_meteo_era5_gap_sanliurfa_2022_2023_4ec9fa9c3621
gap_sanliurfa,2023-06-06,19.1,35.7,0.0,7.53,open_meteo_era5_gap_sanliurfa_2022_2023_4ec9fa9c3621
gap_sanliurfa,2023-06-07,22.7,37.3,0.0,8.63,open_meteo_era5_gap_sanliurfa_2022_2023_4ec9fa9c3621
gap_sanliurfa,2023-06-08,21.7,38.6,0.0,8.46,open_meteo_era5_gap_sanliurfa_2022_2023_4ec9fa9c3621
gap_sanliurfa,2023-06-09,25.2,38.4,0.2,7.67,open_meteo_era5_gap_sanliurfa_2022_2023_4ec9fa9c3621
gap_sanliurfa,2023-06-10,23.2,38.5,0.1,8.63,open_meteo_era5_gap_sanliurfa_2022_2023_4ec9fa9c3621
gap_sanliurfa,2023-06-11,21.8,35.9,0.0,8.67,open_meteo_era5_gap_sanliurfa_2022_2023_4ec9fa9c3621
gap_sanliurfa,2023-06-12,21.5,35.5,0.0,8.45,open_meteo_era5_gap_sanliurfa_2022_2023_4ec9fa9c3621
gap_sanliurfa,2023-06-13,20.3,34.6,0.0,8.12,open_meteo_era5_gap_sanliurfa_2022_2023_4ec9fa9c3621
gap_sanliurfa,2023-06-14,19.2,34.1,0.0,8.08,open_meteo_era5_gap_sanliurfa_2022_2023_4ec9fa9c3621
gap_sanliurfa,2023-06-15,21.0,34.8,0.0,7.71,open_meteo_era5_gap_sanliurfa_2022_2023_4ec9fa9c3621
gap_sanliurfa,2023-06-16,24.4,37.4,0.0,9.46,open_meteo_era5_gap_sanliurfa_2022_2023_4ec9fa9c3621
gap_sanliurfa,2023-06-17,23.4,38.1,0.0,9.58,open_meteo_era5_gap_sanliurfa_2022_2023_4ec9fa9c3621
gap_sanliurfa,2023-06-18,21.4,33.0,0.0,8.9,open_meteo_era5_gap_sanliurfa_2022_2023_4ec9fa9c3621
gap_sanliurfa,2023-06-19,19.8,33.4,0.0,8.59,open_meteo_era5_gap_sanliurfa_2022_2023_4ec9fa9c3621
gap_sanliurfa,2023-06-20,20.0,35.1,0.0,8.02,open_meteo_era5_gap_sanliurfa_2022_2023_4ec9fa9c3621
gap_sanliurfa,2023-06-21,24.0,36.7,0.0,8.48,open_meteo_era5_gap_sanliurfa_2022_2023_4ec9fa9c3621
gap_sanliurfa,2023-06-22,22.5,35.7,0.0,8.61,open_meteo_era5_gap_sanliurfa_2022_2023_4ec9fa9c3621
gap_sanliurfa,2023-06-23,24.0,35.8,0.0,8.62,open_meteo_era5_gap_sanliurfa_2022_2023_4ec9fa9c3621
gap_sanliurfa,2023-06-24,25.3,36.7,0.0,9.37,open_meteo_era5_gap_sanliurfa_2022_2023_4ec9fa9c3621
gap_sanliurfa,2023-06-25,25.9,40.3,0.0,9.47,open_meteo_era5_gap_sanliurfa_2022_2023_4ec9fa9c3621
gap_sanliurfa,2023-06-26,24.5,39.5,0.0,10.09,open_meteo_era5_gap_sanliurfa_2022_2023_4ec9fa9c3621
gap_sanliurfa,2023-06-27,23.9,41.1,0.0,10.33,open_meteo_era5_gap_sanliurfa_2022_2023_4ec9fa9c3621
gap_sanliurfa,2023-06-28,26.9,40.3,0.0,10.36,open_meteo_era5_gap_sanliurfa_2022_2023_4ec9fa9c3621
gap_sanliurfa,2023-06-29,25.8,40.1,0.0,10.07,open_meteo_era5_gap_sanliurfa_2022_2023_4ec9fa9c3621
gap_sanliurfa,2023-06-30,25.6,39.7,0.0,10.28,open_meteo_era5_gap_sanliurfa_2022_2023_4ec9fa9c3621
gap_sanliurfa,2023-07-01,24.8,37.2,0.0,9.26,open_meteo_era5_gap_sanliurfa_2022_2023_4ec9fa9c3621
gap_sanliurfa,2023-07-02,23.5,38.8,0.0,9.48,open_meteo_era5_gap_sanliurfa_2022_2023_4ec9fa9c3621
gap_sanliurfa,2023-07-03,24.1,41.0,0.0,9.06,open_meteo_era5_gap_sanliurfa_2022_2023_4ec9fa9c3621
gap_sanliurfa,2023-07-04,25.9,42.7,0.0,9.57,open_meteo_era5_gap_sanliurfa_2022_2023_4ec9fa9c3621
gap_sanliurfa,2023-07-05,29.1,42.8,0.0,10.02,open_meteo_era5_gap_sanliurfa_2022_2023_4ec9fa9c3621
gap_sanliurfa,2023-07-06,27.4,43.2,0.0,9.5,open_meteo_era5_gap_sanliurfa_2022_2023_4ec9fa9c3621
gap_sanliurfa,2023-07-07,24.8,40.0,0.0,9.58,open_meteo_era5_gap_sanliurfa_2022_2023_4ec9fa9c3621
gap_sanliurfa,2023-07-08,25.5,41.0,0.0,10.06,open_meteo_era5_gap_sanliurfa_2022_2023_4ec9fa9c3621
gap_sanliurfa,2023-07-09,26.5,38.4,0.0,9.89,open_meteo_era5_gap_sanliurfa_2022_2023_4ec9fa9c3621
gap_sanliurfa,2023-07-10,26.8,37.2,0.0,9.15,open_meteo_era5_gap_sanliurfa_2022_2023_4ec9fa9c3621
gap_sanliurfa,2023-07-11,24.8,36.0,0.0,9.45,open_meteo_era5_gap_sanliurfa_2022_2023_4ec9fa9c3621
gap_sanliurfa,2023-07-12,23.3,37.7,0.0,9.47,open_meteo_era5_gap_sanliurfa_2022_2023_4ec9fa9c3621
gap_sanliurfa,2023-07-13,25.0,41.0,0.0,10.21,open_meteo_era5_gap_sanliurfa_2022_2023_4ec9fa9c3621
gap_sanliurfa,2023-07-14,27.7,43.3,0.0,10.33,open_meteo_era5_gap_sanliurfa_2022_2023_4ec9fa9c3621
gap_sanliurfa,2023-07-15,28.7,43.0,0.0,10.61,open_meteo_era5_gap_sanliurfa_2022_2023_4ec9fa9c3621
gap_sanliurfa,2023-07-16,28.7,41.3,0.0,10.44,open_meteo_era5_gap_sanliurfa_2022_2023_4ec9fa9c3621
gap_sanliurfa,2023-07-17,28.2,40.2,0.0,11.18,open_meteo_era5_gap_sanliurfa_2022_2023_4ec9fa9c3621
gap_sanliurfa,2023-07-18,26.4,40.1,0.0,10.43,open_meteo_era5_gap_sanliurfa_2022_2023_4ec9fa9c3621
gap_sanliurfa,2023-07-19,25.1,42.2,0.0,9.08,open_meteo_era5_gap_sanliurfa_2022_2023_4ec9fa9c3621
gap_sanliurfa,2023-07-20,24.9,42.0,0.0,9.23,open_meteo_era5_gap_sanliurfa_2022_2023_4ec9fa9c3621
gap_sanliurfa,2023-07-21,27.2,42.9,0.0,9.42,open_meteo_era5_gap_sanliurfa_2022_2023_4ec9fa9c3621
gap_sanliurfa,2023-07-22,29.2,44.1,0.0,9.05,open_meteo_era5_gap_sanliurfa_2022_2023_4ec9fa9c3621
gap_sanliurfa,2023-07-23,29.3,43.9,0.0,9.97,open_meteo_era5_gap_sanliurfa_2022_2023_4ec9fa9c3621
gap_sanliurfa,2023-07-24,29.3,42.8,0.0,10.38,open_meteo_era5_gap_sanliurfa_2022_2023_4ec9fa9c3621
gap_sanliurfa,2023-07-25,28.7,41.2,0.0,9.56,open_meteo_era5_gap_sanliurfa_2022_2023_4ec9fa9c3621
gap_sanliurfa,2023-07-26,30.4,42.9,0.0,8.13,open_meteo_era5_gap_sanliurfa_2022_2023_4ec9fa9c3621
gap_sanliurfa,2023-07-27,28.9,43.3,0.0,9.26,open_meteo_era5_gap_sanliurfa_2022_2023_4ec9fa9c3621
gap_sanliurfa,2023-07-28,27.6,44.1,0.0,10.59,open_meteo_era5_gap_sanliurfa_2022_2023_4ec9fa9c3621
gap_sanliurfa,2023-07-29,28.5,41.6,0.0,10.24,open_meteo_era5_gap_sanliurfa_2022_2023_4ec9fa9c3621
gap_sanliurfa,2023-07-30,25.7,41.3,0.0,9.35,open_meteo_era5_gap_sanliurfa_2022_2023_4ec9fa9c3621
gap_sanliurfa,2023-07-31,25.4,38.9,0.0,8.17,open_meteo_era5_gap_sanliurfa_2022_2023_4ec9fa9c3621
gap_sanliurfa,2023-08-01,25.9,40.6,0.0,8.87,open_meteo_era5_gap_sanliurfa_2022_2023_4ec9fa9c3621
gap_sanliurfa,2023-08-02,25.3,40.1,0.0,9.32,open_meteo_era5_gap_sanliurfa_2022_2023_4ec9fa9c3621
gap_sanliurfa,2023-08-03,27.7,42.7,0.0,9.48,open_meteo_era5_gap_sanliurfa_2022_2023_4ec9fa9c3621
gap_sanliurfa,2023-08-04,31.5,42.0,0.0,10.29,open_meteo_era5_gap_sanliurfa_2022_2023_4ec9fa9c3621
gap_sanliurfa,2023-08-05,29.3,43.1,0.0,9.8,open_meteo_era5_gap_sanliurfa_2022_2023_4ec9fa9c3621
gap_sanliurfa,2023-08-06,27.0,42.6,0.0,9.03,open_meteo_era5_gap_sanliurfa_2022_2023_4ec9fa9c3621
gap_sanliurfa,2023-08-07,26.2,42.9,0.0,8.49,open_meteo_era5_gap_sanliurfa_2022_2023_4ec9fa9c3621
gap_sanliurfa,2023-08-08,28.0,43.8,0.0,8.92,open_meteo_era5_gap_sanliurfa_2022_2023_4ec9fa9c3621
gap_sanliurfa,2023-08-09,26.8,43.7,0.0,8.93,open_meteo_era5_gap_sanliurfa_2022_2023_4ec9fa9c3621
gap_sanliurfa,2023-08-10,27.7,44.0,0.0,9.25,open_meteo_era5_gap_sanliurfa_2022_2023_4ec9fa9c3621
gap_sanliurfa,2023-08-11,27.0,42.0,0.0,8.71,open_meteo_era5_gap_sanliurfa_2022_2023_4ec9fa9c3621
gap_sanliurfa,2023-08-12,26.1,42.7,0.0,8.0,open_meteo_era5_gap_sanliurfa_2022_2023_4ec9fa9c3621
gap_sanliurfa,2023-08-13,25.0,45.8,0.0,9.05,open_meteo_era5_gap_sanliurfa_2022_2023_4ec9fa9c3621
gap_sanliurfa,2023-08-14,30.4,46.0,0.0,8.8,open_meteo_era5_gap_sanliurfa_2022_2023_4ec9fa9c3621
gap_sanliurfa,2023-08-15,31.6,45.4,0.0,8.41,open_meteo_era5_gap_sanliurfa_2022_2023_4ec9fa9c3621
gap_sanliurfa,2023-08-16,27.7,44.1,0.0,7.65,open_meteo_era5_gap_sanliurfa_2022_2023_4ec9fa9c3621
gap_sanliurfa,2023-08-17,27.7,44.2,0.0,7.45,open_meteo_era5_gap_sanliurfa_2022_2023_4ec9fa9c3621
gap_sanliurfa,2023-08-18,29.6,44.0,0.0,7.63,open_meteo_era5_gap_sanliurfa_2022_2023_4ec9fa9c3621
gap_sanliurfa,2023-08-19,27.4,44.0,0.0,9.0,open_meteo_era5_gap_sanliurfa_2022_2023_4ec9fa9c3621
gap_sanliurfa,2023-08-20,28.5,43.0,0.0,9.25,open_meteo_era5_gap_sanliurfa_2022_2023_4ec9fa9c3621
gap_sanliurfa,2023-08-21,26.3,41.8,0.0,7.65,open_meteo_era5_gap_sanliurfa_2022_2023_4ec9fa9c3621
gap_sanliurfa,2023-08-22,26.7,42.6,0.0,7.51,open_meteo_era5_gap_sanliurfa_2022_2023_4ec9fa9c3621
gap_sanliurfa,2023-08-23,25.8,42.5,0.0,8.0,open_meteo_era5_gap_sanliurfa_2022_2023_4ec9fa9c3621
gap_sanliurfa,2023-08-24,26.9,42.0,0.0,9.14,open_meteo_era5_gap_sanliurfa_2022_2023_4ec9fa9c3621
gap_sanliurfa,2023-08-25,28.6,40.4,0.0,10.27,open_meteo_era5_gap_sanliurfa_2022_2023_4ec9fa9c3621
gap_sanliurfa,2023-08-26,27.4,40.8,0.0,9.1,open_meteo_era5_gap_sanliurfa_2022_2023_4ec9fa9c3621
gap_sanliurfa,2023-08-27,25.1,41.1,0.0,8.17,open_meteo_era5_gap_sanliurfa_2022_2023_4ec9fa9c3621
gap_sanliurfa,2023-08-28,23.6,35.6,0.1,7.51,open_meteo_era5_gap_sanliurfa_2022_2023_4ec9fa9c3621
gap_sanliurfa,2023-08-29,22.5,34.7,0.0,6.27,open_meteo_era5_gap_sanliurfa_2022_2023_4ec9fa9c3621
gap_sanliurfa,2023-08-30,24.4,37.5,0.0,6.13,open_meteo_era5_gap_sanliurfa_2022_2023_4ec9fa9c3621
gap_sanliurfa,2023-08-31,25.8,39.6,0.0,6.77,open_meteo_era5_gap_sanliurfa_2022_2023_4ec9fa9c3621
gap_sanliurfa,2023-09-01,26.8,39.4,0.0,7.81,open_meteo_era5_gap_sanliurfa_2022_2023_4ec9fa9c3621
gap_sanliurfa,2023-09-02,24.7,38.8,0.0,7.18,open_meteo_era5_gap_sanliurfa_2022_2023_4ec9fa9c3621
gap_sanliurfa,2023-09-03,23.4,36.9,0.0,7.26,open_meteo_era5_gap_sanliurfa_2022_2023_4ec9fa9c3621
gap_sanliurfa,2023-09-04,22.3,36.3,0.0,6.43,open_meteo_era5_gap_sanliurfa_2022_2023_4ec9fa9c3621
gap_sanliurfa,2023-09-05,26.0,40.9,0.0,6.92,open_meteo_era5_gap_sanliurfa_2022_2023_4ec9fa9c3621
gap_sanliurfa,2023-09-06,23.4,39.4,0.0,8.65,open_meteo_era5_gap_sanliurfa_2022_2023_4ec9fa9c3621
gap_sanliurfa,2023-09-07,21.2,38.4,0.0,6.9,open_meteo_era5_gap_sanliurfa_2022_2023_4ec9fa9c3621
gap_sanliurfa,2023-09-08,22.1,38.6,0.0,7.22,open_meteo_era5_gap_sanliurfa_2022_2023_4ec9fa9c3621
gap_sanliurfa,2023-09-09,25.7,38.5,0.0,8.69,open_meteo_era5_gap_sanliurfa_2022_2023_4ec9fa9c3621
gap_sanliurfa,2023-09-10,23.4,37.2,0.0,7.41,open_meteo_era5_gap_sanliurfa_2022_2023_4ec9fa9c3621
gap_sanliurfa,2023-09-11,21.6,35.8,0.0,6.55,open_meteo_era5_gap_sanliurfa_2022_2023_4ec9fa9c3621
gap_sanliurfa,2023-09-12,22.1,32.5,0.0,5.71,open_meteo_era5_gap_sanliurfa_2022_2023_4ec9fa9c3621
gap_sanliurfa,2023-09-13,22.6,33.9,0.0,6.1,open_meteo_era5_gap_sanliurfa_2022_2023_4ec9fa9c3621
gap_sanliurfa,2023-09-14,21.2,34.5,0.0,7.15,open_meteo_era5_gap_sanliurfa_2022_2023_4ec9fa9c3621
gap_sanliurfa,2023-09-15,17.0,34.9,0.0,6.08,open_meteo_era5_gap_sanliurfa_2022_2023_4ec9fa9c3621
gap_sanliurfa,2023-09-16,18.2,35.7,0.0,5.83,open_meteo_era5_gap_sanliurfa_2022_2023_4ec9fa9c3621
gap_sanliurfa,2023-09-17,19.3,35.9,0.0,5.99,open_meteo_era5_gap_sanliurfa_2022_2023_4ec9fa9c3621
gap_sanliurfa,2023-09-18,20.4,37.2,0.0,5.93,open_meteo_era5_gap_sanliurfa_2022_2023_4ec9fa9c3621
gap_sanliurfa,2023-09-19,20.6,35.5,0.0,5.86,open_meteo_era5_gap_sanliurfa_2022_2023_4ec9fa9c3621
gap_sanliurfa,2023-09-20,20.5,35.7,0.6,5.43,open_meteo_era5_gap_sanliurfa_2022_2023_4ec9fa9c3621
gap_sanliurfa,2023-09-21,22.3,38.0,0.0,6.03,open_meteo_era5_gap_sanliurfa_2022_2023_4ec9fa9c3621
gap_sanliurfa,2023-09-22,23.4,39.5,0.0,6.45,open_meteo_era5_gap_sanliurfa_2022_2023_4ec9fa9c3621
gap_sanliurfa,2023-09-23,21.9,39.3,0.0,5.93,open_meteo_era5_gap_sanliurfa_2022_2023_4ec9fa9c3621
gap_sanliurfa,2023-09-24,22.1,38.7,0.0,6.2,open_meteo_era5_gap_sanliurfa_2022_2023_4ec9fa9c3621
gap_sanliurfa,2023-09-25,22.0,37.6,0.0,5.24,open_meteo_era5_gap_sanliurfa_2022_2023_4ec9fa9c3621
gap_sanliurfa,2023-09-26,22.1,38.1,0.0,5.58,open_meteo_era5_gap_sanliurfa_2022_2023_4ec9fa9c3621
gap_sanliurfa,2023-09-27,21.0,36.9,0.0,5.48,open_meteo_era5_gap_sanliurfa_2022_2023_4ec9fa9c3621
gap_sanliurfa,2023-09-28,21.5,36.3,0.0,5.63,open_meteo_era5_gap_sanliurfa_2022_2023_4ec9fa9c3621
gap_sanliurfa,2023-09-29,22.3,35.2,0.0,7.19,open_meteo_era5_gap_sanliurfa_2022_2023_4ec9fa9c3621
gap_sanliurfa,2023-09-30,21.2,32.5,0.0,5.83,open_meteo_era5_gap_sanliurfa_2022_2023_4ec9fa9c3621
gap_sanliurfa,2023-10-01,19.7,30.8,0.1,4.99,open_meteo_era5_gap_sanliurfa_2022_2023_4ec9fa9c3621
gap_sanliurfa,2023-10-02,19.3,26.6,0.6,3.66,open_meteo_era5_gap_sanliurfa_2022_2023_4ec9fa9c3621
gap_sanliurfa,2023-10-03,17.7,27.0,2.4,3.49,open_meteo_era5_gap_sanliurfa_2022_2023_4ec9fa9c3621
gap_sanliurfa,2023-10-04,16.1,28.9,0.0,4.37,open_meteo_era5_gap_sanliurfa_2022_2023_4ec9fa9c3621
gap_sanliurfa,2023-10-05,15.3,28.7,0.0,4.04,open_meteo_era5_gap_sanliurfa_2022_2023_4ec9fa9c3621
gap_sanliurfa,2023-10-06,14.8,30.1,0.0,4.04,open_meteo_era5_gap_sanliurfa_2022_2023_4ec9fa9c3621
gap_sanliurfa,2023-10-07,16.3,32.0,0.0,4.85,open_meteo_era5_gap_sanliurfa_2022_2023_4ec9fa9c3621
gap_sanliurfa,2023-10-08,16.0,31.8,0.0,4.74,open_meteo_era5_gap_sanliurfa_2022_2023_4ec9fa9c3621
gap_sanliurfa,2023-10-09,19.8,31.3,0.1,4.83,open_meteo_era5_gap_sanliurfa_2022_2023_4ec9fa9c3621
gap_sanliurfa,2023-10-10,18.0,30.2,0.0,4.6,open_meteo_era5_gap_sanliurfa_2022_2023_4ec9fa9c3621
gap_sanliurfa,2023-10-11,19.4,29.8,0.0,3.77,open_meteo_era5_gap_sanliurfa_2022_2023_4ec9fa9c3621
gap_sanliurfa,2023-10-12,17.3,31.4,0.0,4.62,open_meteo_era5_gap_sanliurfa_2022_2023_4ec9fa9c3621
gap_sanliurfa,2023-10-13,16.9,31.6,0.0,4.71,open_meteo_era5_gap_sanliurfa_2022_2023_4ec9fa9c3621
gap_sanliurfa,2023-10-14,16.5,31.1,0.0,3.96,open_meteo_era5_gap_sanliurfa_2022_2023_4ec9fa9c3621
gap_sanliurfa,2023-10-15,19.1,28.3,0.5,4.78,open_meteo_era5_gap_sanliurfa_2022_2023_4ec9fa9c3621
gap_sanliurfa,2023-10-16,17.5,27.9,0.0,4.46,open_meteo_era5_gap_sanliurfa_2022_2023_4ec9fa9c3621
gap_sanliurfa,2023-10-17,15.2,29.2,0.0,3.85,open_meteo_era5_gap_sanliurfa_2022_2023_4ec9fa9c3621
gap_sanliurfa,2023-10-18,15.4,27.1,0.4,3.49,open_meteo_era5_gap_sanliurfa_2022_2023_4ec9fa9c3621
gap_sanliurfa,2023-10-19,16.4,23.0,2.9,1.8,open_meteo_era5_gap_sanliurfa_2022_2023_4ec9fa9c3621
gap_sanliurfa,2023-10-20,16.3,26.0,0.3,2.77,open_meteo_era5_gap_sanliurfa_2022_2023_4ec9fa9c3621
gap_sanliurfa,2023-10-21,15.4,28.5,0.0,3.41,open_meteo_era5_gap_sanliurfa_2022_2023_4ec9fa9c3621
gap_sanliurfa,2023-10-22,14.9,30.0,0.0,3.55,open_meteo_era5_gap_sanliurfa_2022_2023_4ec9fa9c3621
gap_sanliurfa,2023-10-23,15.5,30.1,0.0,3.6,open_meteo_era5_gap_sanliurfa_2022_2023_4ec9fa9c3621
gap_sanliurfa,2023-10-24,15.7,27.9,0.1,3.58,open_meteo_era5_gap_sanliurfa_2022_2023_4ec9fa9c3621
gap_sanliurfa,2023-10-25,14.8,29.2,0.0,3.47,open_meteo_era5_gap_sanliurfa_2022_2023_4ec9fa9c3621
gap_sanliurfa,2023-10-26,15.5,29.6,0.0,4.19,open_meteo_era5_gap_sanliurfa_2022_2023_4ec9fa9c3621
gap_sanliurfa,2023-10-27,16.3,29.7,0.0,3.81,open_meteo_era5_gap_sanliurfa_2022_2023_4ec9fa9c3621
gap_sanliurfa,2023-10-28,15.6,30.5,0.0,3.41,open_meteo_era5_gap_sanliurfa_2022_2023_4ec9fa9c3621
gap_sanliurfa,2023-10-29,14.8,31.4,0.0,3.49,open_meteo_era5_gap_sanliurfa_2022_2023_4ec9fa9c3621
gap_sanliurfa,2023-10-30,15.6,31.7,0.0,3.72,open_meteo_era5_gap_sanliurfa_2022_2023_4ec9fa9c3621
gap_sanliurfa,2023-10-31,16.6,31.0,0.0,3.57,open_meteo_era5_gap_sanliurfa_2022_2023_4ec9fa9c3621
gap_sanliurfa,2023-11-01,18.4,29.0,0.0,3.73,open_meteo_era5_gap_sanliurfa_2022_2023_4ec9fa9c3621
gap_sanliurfa,2023-11-02,18.4,26.0,0.3,2.71,open_meteo_era5_gap_sanliurfa_2022_2023_4ec9fa9c3621
gap_sanliurfa,2023-11-03,15.5,24.5,1.9,2.56,open_meteo_era5_gap_sanliurfa_2022_2023_4ec9fa9c3621
gap_sanliurfa,2023-11-04,14.2,25.1,0.0,2.42,open_meteo_era5_gap_sanliurfa_2022_2023_4ec9fa9c3621
gap_sanliurfa,2023-11-05,13.4,26.0,0.0,2.3,open_meteo_era5_gap_sanliurfa_2022_2023_4ec9fa9c3621
gap_sanliurfa,2023-11-06,14.1,26.7,0.0,3.05,open_meteo_era5_gap_sanliurfa_2022_2023_4ec9fa9c3621
gap_sanliurfa,2023-11-07,14.0,27.8,0.0,3.44,open_meteo_era5_gap_sanliurfa_2022_2023_4ec9fa9c3621
gap_sanliurfa,2023-11-08,11.9,27.2,0.0,2.98,open_meteo_era5_gap_sanliurfa_2022_2023_4ec9fa9c3621
gap_sanliurfa,2023-11-09,9.6,26.2,0.0,2.7,open_meteo_era5_gap_sanliurfa_2022_2023_4ec9fa9c3621
gap_sanliurfa,2023-11-10,15.2,25.8,0.0,3.13,open_meteo_era5_gap_sanliurfa_2022_2023_4ec9fa9c3621
gap_sanliurfa,2023-11-11,13.1,25.5,0.0,2.88,open_meteo_era5_gap_sanliurfa_2022_2023_4ec9fa9c3621
gap_sanliurfa,2023-11-12,11.5,24.9,0.0,2.93,open_meteo_era5_gap_sanliurfa_2022_2023_4ec9fa9c3621
gap_sanliurfa,2023-11-13,11.1,26.0,0.1,3.04,open_meteo_era5_gap_sanliurfa_2022_2023_4ec9fa9c3621
gap_sanliurfa,2023-11-14,15.0,21.6,1.6,2.17,open_meteo_era5_gap_sanliurfa_2022_2023_4ec9fa9c3621
gap_sanliurfa,2023-11-15,11.7,22.0,0.0,1.95,open_meteo_era5_gap_sanliurfa_2022_2023_4ec9fa9c3621
gap_sanliurfa,2023-11-16,10.6,20.1,0.5,1.7,open_meteo_era5_gap_sanliurfa_2022_2023_4ec9fa9c3621
gap_sanliurfa,2023-11-17,10.7,21.6,3.6,2.17,open_meteo_era5_gap_sanliurfa_2022_2023_4ec9fa9c3621
gap_sanliurfa,2023-11-18,10.5,20.2,2.4,2.0,open_meteo_era5_gap_sanliurfa_2022_2023_4ec9fa9c3621
gap_sanliurfa,2023-11-19,10.0,16.9,36.0,1.43,open_meteo_era5_gap_sanliurfa_2022_2023_4ec9fa9c3621
gap_sanliurfa,2023-11-20,8.9,15.2,3.4,2.67,open_meteo_era5_gap_sanliurfa_2022_2023_4ec9fa9c3621
gap_sanliurfa,2023-11-21,6.8,16.1,0.0,2.54,open_meteo_era5_gap_sanliurfa_2022_2023_4ec9fa9c3621
gap_sanliurfa,2023-11-22,3.5,15.4,0.0,1.87,open_meteo_era5_gap_sanliurfa_2022_2023_4ec9fa9c3621
gap_sanliurfa,2023-11-23,6.4,16.4,0.0,1.74,open_meteo_era5_gap_sanliurfa_2022_2023_4ec9fa9c3621
gap_sanliurfa,2023-11-24,5.3,17.7,0.0,1.91,open_meteo_era5_gap_sanliurfa_2022_2023_4ec9fa9c3621
gap_sanliurfa,2023-11-25,9.4,15.0,0.0,2.35,open_meteo_era5_gap_sanliurfa_2022_2023_4ec9fa9c3621
gap_sanliurfa,2023-11-26,11.5,19.1,4.1,2.14,open_meteo_era5_gap_sanliurfa_2022_2023_4ec9fa9c3621
gap_sanliurfa,2023-11-27,6.9,17.0,1.2,2.47,open_meteo_era5_gap_sanliurfa_2022_2023_4ec9fa9c3621
gap_sanliurfa,2023-11-28,2.9,13.2,0.0,1.82,open_meteo_era5_gap_sanliurfa_2022_2023_4ec9fa9c3621
gap_sanliurfa,2023-11-29,3.4,14.2,0.0,1.59,open_meteo_era5_gap_sanliurfa_2022_2023_4ec9fa9c3621
gap_sanliurfa,2023-11-30,5.5,15.0,0.0,1.63,open_meteo_era5_gap_sanliurfa_2022_2023_4ec9fa9c3621
gap_sanliurfa,2023-12-01,4.8,19.1,0.0,1.85,open_meteo_era5_gap_sanliurfa_2022_2023_4ec9fa9c3621
gap_sanliurfa,2023-12-02,5.7,19.6,0.0,1.75,open_meteo_era5_gap_sanliurfa_2022_2023_4ec9fa9c3621
gap_sanliurfa,2023-12-03,4.9,18.8,0.0,1.84,open_meteo_era5_gap_sanliurfa_2022_2023_4ec9fa9c3621
gap_sanliurfa,2023-12-04,8.8,20.0,0.0,2.54,open_meteo_era5_gap_sanliurfa_2022_2023_4ec9fa9c3621
gap_sanliurfa,2023-12-05,10.8,17.8,0.4,2.57,open_meteo_era5_gap_sanliurfa_2022_2023_4ec9fa9c3621
gap_sanliurfa,2023-12-06,9.7,15.9,6.7,1.02,open_meteo_era5_gap_sanliurfa_2022_2023_4ec9fa9c3621
gap_sanliurfa,2023-12-07,9.1,15.3,2.9,0.91,open_meteo_era5_gap_sanliurfa_2022_2023_4ec9fa9c3621
gap_sanliurfa,2023-12-08,12.2,16.7,12.1,1.15,open_meteo_era5_gap_sanliurfa_2022_2023_4ec9fa9c3621
gap_sanliurfa,2023-12-09,8.6,14.7,1.8,0.91,open_meteo_era5_gap_sanliurfa_2022_2023_4ec9fa9c3621
gap_sanliurfa,2023-12-10,8.3,15.9,0.0,1.16,open_meteo_era5_gap_sanliurfa_2022_2023_4ec9fa9c3621
gap_sanliurfa,2023-12-11,10.0,16.7,4.9,1.38,open_meteo_era5_gap_sanliurfa_2022_2023_4ec9fa9c3621
gap_sanliurfa,2023-12-12,11.0,16.7,0.2,1.19,open_meteo_era5_gap_sanliurfa_2022_2023_4ec9fa9c3621
gap_sanliurfa,2023-12-13,9.0,16.3,0.0,1.69,open_meteo_era5_gap_sanliurfa_2022_2023_4ec9fa9c3621
gap_sanliurfa,2023-12-14,6.8,17.1,0.0,2.01,open_meteo_era5_gap_sanliurfa_2022_2023_4ec9fa9c3621
gap_sanliurfa,2023-12-15,6.1,16.0,0.0,1.36,open_meteo_era5_gap_sanliurfa_2022_2023_4ec9fa9c3621
gap_sanliurfa,2023-12-16,8.1,16.1,0.0,1.19,open_meteo_era5_gap_sanliurfa_2022_2023_4ec9fa9c3621
gap_sanliurfa,2023-12-17,7.7,14.6,0.0,1.37,open_meteo_era5_gap_sanliurfa_2022_2023_4ec9fa9c3621
gap_sanliurfa,2023-12-18,5.3,14.9,0.0,2.66,open_meteo_era5_gap_sanliurfa_2022_2023_4ec9fa9c3621
gap_sanliurfa,2023-12-19,4.9,16.2,0.0,2.19,open_meteo_era5_gap_sanliurfa_2022_2023_4ec9fa9c3621
gap_sanliurfa,2023-12-20,4.4,15.5,0.0,1.44,open_meteo_era5_gap_sanliurfa_2022_2023_4ec9fa9c3621
gap_sanliurfa,2023-12-21,4.2,11.2,0.3,0.93,open_meteo_era5_gap_sanliurfa_2022_2023_4ec9fa9c3621
gap_sanliurfa,2023-12-22,6.6,10.9,5.4,0.87,open_meteo_era5_gap_sanliurfa_2022_2023_4ec9fa9c3621
gap_sanliurfa,2023-12-23,5.7,14.6,2.1,0.93,open_meteo_era5_gap_sanliurfa_2022_2023_4ec9fa9c3621
gap_sanliurfa,2023-12-24,6.6,14.3,1.3,0.9,open_meteo_era5_gap_sanliurfa_2022_2023_4ec9fa9c3621
gap_sanliurfa,2023-12-25,7.3,16.7,0.0,1.41,open_meteo_era5_gap_sanliurfa_2022_2023_4ec9fa9c3621
gap_sanliurfa,2023-12-26,6.2,15.9,0.0,1.36,open_meteo_era5_gap_sanliurfa_2022_2023_4ec9fa9c3621
gap_sanliurfa,2023-12-27,7.6,17.0,0.0,1.56,open_meteo_era5_gap_sanliurfa_2022_2023_4ec9fa9c3621
gap_sanliurfa,2023-12-28,6.7,16.9,0.0,1.58,open_meteo_era5_gap_sanliurfa_2022_2023_4ec9fa9c3621
gap_sanliurfa,2023-12-29,4.3,17.0,0.0,1.65,open_meteo_era5_gap_sanliurfa_2022_2023_4ec9fa9c3621
gap_sanliurfa,2023-12-30,3.4,16.5,0.0,1.65,open_meteo_era5_gap_sanliurfa_2022_2023_4ec9fa9c3621
gap_sanliurfa,2023-12-31,2.9,14.5,0.0,1.32,open_meteo_era5_gap_sanliurfa_2022_2023_4ec9fa9c3621
trakya_edirne,2022-01-01,2.6,11.8,0.5,0.68,open_meteo_era5_trakya_edirne_2022_2023_aa7b8cd4e521
trakya_edirne,2022-01-02,5.2,14.3,0.0,0.84,open_meteo_era5_trakya_edirne_2022_2023_aa7b8cd4e521
trakya_edirne,2022-01-03,5.4,13.0,0.0,0.7,open_meteo_era5_trakya_edirne_2022_2023_aa7b8cd4e521
trakya_edirne,2022-01-04,4.6,13.7,0.0,1.03,open_meteo_era5_trakya_edirne_2022_2023_aa7b8cd4e521
trakya_edirne,2022-01-05,6.3,16.2,0.0,1.27,open_meteo_era5_trakya_edirne_2022_2023_aa7b8cd4e521
trakya_edirne,2022-01-06,10.7,17.7,0.0,1.64,open_meteo_era5_trakya_edirne_2022_2023_aa7b8cd4e521
trakya_edirne,2022-01-07,6.7,11.6,7.0,0.49,open_meteo_era5_trakya_edirne_2022_2023_aa7b8cd4e521
trakya_edirne,2022-01-08,7.2,9.1,5.2,0.33,open_meteo_era5_trakya_edirne_2022_2023_aa7b8cd4e521
trakya_edirne,2022-01-09,6.3,10.8,0.4,0.6,open_meteo_era5_trakya_edirne_2022_2023_aa7b8cd4e521
trakya_edirne,2022-01-10,6.6,10.1,2.8,0.6,open_meteo_era5_trakya_edirne_2022_2023_aa7b8cd4e521
trakya_edirne,2022-01-11,-1.4,8.2,2.1,0.89,open_meteo_era5_trakya_edirne_2022_2023_aa7b8cd4e521
trakya_edirne,2022-01-12,-4.5,-0.4,0.0,1.17,open_meteo_era5_trakya_edirne_2022_2023_aa7b8cd4e521
trakya_edirne,2022-01-13,-5.9,1.6,0.0,0.92,open_meteo_era5_trakya_edirne_2022_2023_aa7b8cd4e521
trakya_edirne,2022-01-14,-5.6,5.3,0.0,0.9,open_meteo_era5_trakya_edirne_2022_2023_aa7b8cd4e521
trakya_edirne,2022-01-15,-2.0,9.7,0.0,1.1,open_meteo_era5_trakya_edirne_2022_2023_aa7b8cd4e521
trakya_edirne,2022-01-16,-3.3,6.7,0.0,1.08,open_meteo_era5_trakya_edirne_2022_2023_aa7b8cd4e521
trakya_edirne,2022-01-17,-3.8,9.9,0.0,1.18,open_meteo_era5_trakya_edirne_2022_2023_aa7b8cd4e521
trakya_edirne,2022-01-18,-0.6,7.5,0.0,1.88,open_meteo_era5_trakya_edirne_2022_2023_aa7b8cd4e521
trakya_edirne,2022-01-19,-3.6,5.8,0.0,1.14,open_meteo_era5_trakya_edirne_2022_2023_aa7b8cd4e521
trakya_edirne,2022-01-20,-4.5,10.3,0.0,1.2,open_meteo_era5_trakya_edirne_2022_2023_aa7b8cd4e521
trakya_edirne,2022-01-21,-2.5,5.1,1.7,0.48,open_meteo_era5_trakya_edirne_2022_2023_aa7b8cd4e521
trakya_edirne,2022-01-22,-3.8,2.7,0.0,1.07,open_meteo_era5_trakya_edirne_2022_2023_aa7b8cd4e521
trakya_edirne,2022-01-23,-3.8,2.4,0.4,1.07,open_meteo_era5_trakya_edirne_2022_2023_aa7b8cd4e521
trakya_edirne,2022-01-24,-4.4,-0.1,0.3,1.01,open_meteo_era5_trakya_edirne_2022_2023_aa7b8cd4e521
trakya_edirne,2022-01-25,-5.6,2.0,0.0,1.18,open_meteo_era5_trakya_edirne_2022_2023_aa7b8cd4e521
trakya_edirne,2022-01-26,-6.6,3.5,0.0,1.11,open_meteo_era5_trakya_edirne_2022_2023_aa7b8cd4e521
trakya_edirne,2022-01-27,-1.5,6.7,0.0,1.17,open_meteo_era5_trakya_edirne_2022_2023_aa7b8cd4e521
trakya_edirne,2022-01-28,-3.5,10.2,0.1,1.31,open_meteo_era5_trakya_edirne_2022_2023_aa7b8cd4e521
trakya_edirne,2022-01-29,-1.8,9.1,0.0,1.23,open_meteo_era5_trakya_edirne_2022_2023_aa7b8cd4e521
trakya_edirne,2022-01-30,-4.9,8.1,0.0,1.2,open_meteo_era5_trakya_edirne_2022_2023_aa7b8cd4e521
trakya_edirne,2022-01-31,0.8,10.8,0.0,1.89,open_meteo_era5_trakya_edirne_2022_2023_aa7b8cd4e521
trakya_edirne,2022-02-01,0.8,5.8,12.3,0.53,open_meteo_era5_trakya_edirne_2022_2023_aa7b8cd4e521
trakya_edirne,2022-02-02,0.8,2.5,16.6,0.23,open_meteo_era5_trakya_edirne_2022_2023_aa7b8cd4e521
trakya_edirne,2022-02-03,1.8,7.8,1.1,1.09,open_meteo_era5_trakya_edirne_2022_2023_aa7b8cd4e521
trakya_edirne,2022-02-04,-1.5,7.6,0.0,1.25,open_meteo_era5_trakya_edirne_2022_2023_aa7b8cd4e521
trakya_edirne,2022-02-05,-2.3,12.5,0.0,1.36,open_meteo_era5_trakya_edirne_2022_2023_aa7b8cd4e521
trakya_edirne,2022-02-06,1.3,11.6,0.0,1.63,open_meteo_era5_trakya_edirne_2022_2023_aa7b8cd4e521
trakya_edirne,2022-02-07,2.3,14.1,2.6,1.46,open_meteo_era5_trakya_edirne_2022_2023_aa7b8cd4e521
trakya_edirne,2022-02-08,2.6,6.6,11.6,1.11,open_meteo_era5_trakya_edirne_2022_2023_aa7b8cd4e521
trakya_edirne,2022-02-09,0.3,10.3,0.0,1.68,open_meteo_era5_trakya_edirne_2022_2023_aa7b8cd4e521
trakya_edirne,2022-02-10,0.3,12.8,0.0,1.74,open_meteo_era5_trakya_edirne_2022_2023_aa7b8cd4e521
trakya_edirne,2022-02-11,-1.1,14.1,0.0,1.64,open_meteo_era5_trakya_edirne_2022_2023_aa7b8cd4e521
trakya_edirne,2022-02-12,1.4,14.1,0.0,1.89,open_meteo_era5_trakya_edirne_2022_2023_aa7b8cd4e521
trakya_edirne,2022-02-13,0.8,9.5,0.0,1.59,open_meteo_era5_trakya_edirne_2022_2023_aa7b8cd4e521
trakya_edirne,2022-02-14,-1.1,8.7,0.0,1.19,open_meteo_era5_trakya_edirne_2022_2023_aa7b8cd4e521
trakya_edirne,2022-02-15,-1.5,12.8,0.0,1.66,open_meteo_era5_trakya_edirne_2022_2023_aa7b8cd4e521
trakya_edirne,2022-02-16,2.1,14.3,0.0,1.28,open_meteo_era5_trakya_edirne_2022_2023_aa7b8cd4e521
trakya_edirne,2022-02-17,2.5,16.7,0.0,1.88,open_meteo_era5_trakya_edirne_2022_2023_aa7b8cd4e521
trakya_edirne,2022-02-18,0.9,14.5,0.8,2.42,open_meteo_era5_trakya_edirne_2022_2023_aa7b8cd4e521
trakya_edirne,2022-02-19,-0.6,15.4,0.0,2.27,open_meteo_era5_trakya_edirne_2022_2023_aa7b8cd4e521
trakya_edirne,2022-02-20,4.5,15.4,0.0,1.36,open_meteo_era5_trakya_edirne_2022_2023_aa7b8cd4e521
trakya_edirne,2022-02-21,5.5,15.0,0.2,1.31,open_meteo_era5_trakya_edirne_2022_2023_aa7b8cd4e521
trakya_edirne,2022-02-22,8.6,15.0,8.1,1.11,open_meteo_era5_trakya_edirne_2022_2023_aa7b8cd4e521
trakya_edirne,2022-02-23,7.4,10.3,2.1,1.09,open_meteo_era5_trakya_edirne_2022_2023_aa7b8cd4e521
trakya_edirne,2022-02-24,5.2,8.8,1.7,1.44,open_meteo_era5_trakya_edirne_2022_2023_aa7b8cd4e521
trakya_edirne,2022-02-25,1.9,11.5,0.0,2.1,open_meteo_era5_trakya_edirne_2022_2023_aa7b8cd4e521
trakya_edirne,2022-02-26,0.5,13.6,0.0,2.3,open_meteo_era5_trakya_edirne_2022_2023_aa7b8cd4e521
trakya_edirne,2022-02-27,2.3,10.0,14.8,1.31,open_meteo_era5_trakya_edirne_2022_2023_aa7b8cd4e521
trakya_edirne,2022-02-28,1.5,4.5,7.7,0.9,open_meteo_era5_trakya_edirne_2022_2023_aa7b8cd4e521
trakya_edirne,2022-03-01,-2.0,4.9,0.0,1.3,open_meteo_era5_trakya_edirne_2022_2023_aa7b8cd4e521
trakya_edirne,2022-03-02,-2.7,6.4,0.0,1.41,open_meteo_era5_trakya_edirne_2022_2023_aa7b8cd4e521
trakya_edirne,2022-03-03,0.7,8.7,0.5,1.67,open_meteo_era5_trakya_edirne_2022_2023_aa7b8cd4e521
trakya_edirne,2022-03-04,-0.3,10.2,1.0,1.57,open_meteo_era5_trakya_edirne_2022_2023_aa7b8cd4e521
trakya_edirne,2022-03-05,0.8,10.3,0.2,1.64,open_meteo_era5_trakya_edirne_2022_2023_aa7b8cd4e521
trakya_edirne,2022-03-06,2.1,5.6,11.2,0.85,open_meteo_era5_trakya_edirne_2022_2023_aa7b8cd4e521
trakya_edirne,2022-03-07,1.8,6.6,0.2,1.09,open_meteo_era5_trakya_edirne_2022_2023_aa7b8cd4e521
trakya_edirne,2022-03-08,0.0,6.3,0.3,1.28,open_meteo_era5_trakya_edirne_2022_2023_aa7b8cd4e521
trakya_edirne,2022-03-09,-1.2,5.6,0.6,1.72,open_meteo_era5_trakya_edirne_2022_2023_aa7b8cd4e521
trakya_edirne,2022-03-10,-2.6,3.6,0.1,1.81,open_meteo_era5_trakya_edirne_2022_2023_aa7b8cd4e521
trakya_edirne,2022-03-11,-3.8,2.0,0.0,1.68,open_meteo_era5_trakya_edirne_2022_2023_aa7b8cd4e521
trakya_edirne,2022-03-12,-4.7,2.6,0.2,1.6,open_meteo_era5_trakya_edirne_2022_2023_aa7b8cd4e521
trakya_edirne,2022-03-13,-4.1,7.7,0.0,1.95,open_meteo_era5_trakya_edirne_2022_2023_aa7b8cd4e521
trakya_edirne,2022-03-14,-1.4,7.6,0.0,1.71,open_meteo_era5_trakya_edirne_2022_2023_aa7b8cd4e521
trakya_edirne,2022-03-15,-3.4,11.5,0.0,2.45,open_meteo_era5_trakya_edirne_2022_2023_aa7b8cd4e521
trakya_edirne,2022-03-16,-0.4,9.6,0.9,1.66,open_meteo_era5_trakya_edirne_2022_2023_aa7b8cd4e521
trakya_edirne,2022-03-17,-1.3,7.1,0.2,1.7,open_meteo_era5_trakya_edirne_2022_2023_aa7b8cd4e521
trakya_edirne,2022-03-18,-2.3,6.5,0.0,2.32,open_meteo_era5_trakya_edirne_2022_2023_aa7b8cd4e521
trakya_edirne,2022-03-19,-3.3,4.8,0.0,1.98,open_meteo_era5_trakya_edirne_2022_2023_aa7b8cd4e521
trakya_edirne,2022-03-20,-1.5,8.1,0.0,2.93,open_meteo_era5_trakya_edirne_2022_2023_aa7b8cd4e521
trakya_edirne,2022-03-21,-0.6,10.0,0.0,2.75,open_meteo_era5_trakya_edirne_2022_2023_aa7b8cd4e521
trakya_edirne,2022-03-22,2.9,12.6,0.1,3.13,open_meteo_era5_trakya_edirne_2022_2023_aa7b8cd4e521
trakya_edirne,2022-03-23,0.6,12.5,0.0,3.31,open_meteo_era5_trakya_edirne_2022_2023_aa7b8cd4e521
trakya_edirne,2022-03-24,-0.2,17.7,0.0,3.48,open_meteo_era5_trakya_edirne_2022_2023_aa7b8cd4e521
trakya_edirne,2022-03-25,3.0,16.8,0.0,3.59,open_meteo_era5_trakya_edirne_2022_2023_aa7b8cd4e521
trakya_edirne,2022-03-26,2.0,14.7,0.0,3.23,open_meteo_era5_trakya_edirne_2022_2023_aa7b8cd4e521
trakya_edirne,2022-03-27,1.3,20.7,0.0,3.8,open_meteo_era5_trakya_edirne_2022_2023_aa7b8cd4e521
trakya_edirne,2022-03-28,3.5,18.0,0.0,3.32,open_meteo_era5_trakya_edirne_2022_2023_aa7b8cd4e521
trakya_edirne,2022-03-29,7.0,19.8,0.0,3.46,open_meteo_era5_trakya_edirne_2022_2023_aa7b8cd4e521
trakya_edirne,2022-03-30,7.9,20.5,0.0,3.98,open_meteo_era5_trakya_edirne_2022_2023_aa7b8cd4e521
trakya_edirne,2022-03-31,12.3,18.2,0.2,3.3,open_meteo_era5_trakya_edirne_2022_2023_aa7b8cd4e521
trakya_edirne,2022-04-01,15.2,22.2,0.0,5.87,open_meteo_era5_trakya_edirne_2022_2023_aa7b8cd4e521
trakya_edirne,2022-04-02,11.7,21.4,0.0,4.72,open_meteo_era5_trakya_edirne_2022_2023_aa7b8cd4e521
trakya_edirne,2022-04-03,6.3,18.0,2.4,3.15,open_meteo_era5_trakya_edirne_2022_2023_aa7b8cd4e521
trakya_edirne,2022-04-04,4.5,13.5,0.1,2.89,open_meteo_era5_trakya_edirne_2022_2023_aa7b8cd4e521
trakya_edirne,2022-04-05,6.3,14.9,2.5,1.96,open_meteo_era5_trakya_edirne_2022_2023_aa7b8cd4e521
trakya_edirne,2022-04-06,4.2,18.8,0.0,3.77,open_meteo_era5_trakya_edirne_2022_2023_aa7b8cd4e521
trakya_edirne,2022-04-07,6.3,17.4,1.2,3.14,open_meteo_era5_trakya_edirne_2022_2023_aa7b8cd4e521
trakya_edirne,2022-04-08,8.8,23.8,0.0,4.44,open_meteo_era5_trakya_edirne_2022_2023_aa7b8cd4e521
trakya_edirne,2022-04-09,9.6,22.9,0.0,4.47,open_meteo_era5_trakya_edirne_2022_2023_aa7b8cd4e521
trakya_edirne,2022-04-10,6.3,20.3,5.9,3.55,open_meteo_era5_trakya_edirne_2022_2023_aa7b8cd4e521
trakya_edirne,2022-04-11,5.1,12.3,2.6,2.45,open_meteo_era5_trakya_edirne_2022_2023_aa7b8cd4e521
trakya_edirne,2022-04-12,4.9,15.7,0.0,3.78,open_meteo_era5_trakya_edirne_2022_2023_aa7b8cd4e521
trakya_edirne,2022-04-13,2.8,17.1,0.1,3.27,open_meteo_era5_trakya_edirne_2022_2023_aa7b8cd4e521
trakya_edirne,2022-04-14,2.5,19.2,0.0,3.78,open_meteo_era5_trakya_edirne_2022_2023_aa7b8cd4e521
trakya_edirne,2022-04-15,6.6,21.8,0.0,4.29,open_meteo_era5_trakya_edirne_2022_2023_aa7b8cd4e521
trakya_edirne,2022-04-16,7.2,22.3,0.0,3.89,open_meteo_era5_trakya_edirne_2022_2023_aa7b8cd4e521
trakya_edirne,2022-04-17,3.7,14.4,16.7,1.44,open_meteo_era5_trakya_edirne_2022_2023_aa7b8cd4e521
trakya_edirne,2022-04-18,3.6,7.8,9.4,1.2,open_meteo_era5_trakya_edirne_2022_2023_aa7b8cd4e521
trakya_edirne,2022-04-19,2.3,10.2,0.6,2.15,open_meteo_era5_trakya_edirne_2022_2023_aa7b8cd4e521
trakya_edirne,2022-04-20,1.5,14.2,2.5,2.57,open_meteo_era5_trakya_edirne_2022_2023_aa7b8cd4e521
trakya_edirne,2022-04-21,4.6,16.7,0.0,3.64,open_meteo_era5_trakya_edirne_2022_2023_aa7b8cd4e521
trakya_edirne,2022-04-22,8.4,21.2,0.2,3.75,open_meteo_era5_trakya_edirne_2022_2023_aa7b8cd4e521
trakya_edirne,2022-04-23,11.4,24.1,0.0,4.28,open_meteo_era5_trakya_edirne_2022_2023_aa7b8cd4e521
trakya_edirne,2022-04-24,10.6,25.3,0.0,4.9,open_meteo_era5_trakya_edirne_2022_2023_aa7b8cd4e521
trakya_edirne,2022-04-25,9.5,25.5,0.0,4.86,open_meteo_era5_trakya_edirne_2022_2023_aa7b8cd4e521
trakya_edirne,2022-04-26,11.0,25.8,0.8,4.95,open_meteo_era5_trakya_edirne_2022_2023_aa7b8cd4e521
trakya_edirne,2022-04-27,12.4,25.7,0.0,5.1,open_meteo_era5_trakya_edirne_2022_2023_aa7b8cd4e521
trakya_edirne,2022-04-28,10.4,24.6,0.0,4.99,open_meteo_era5_trakya_edirne_2022_2023_aa7b8cd4e521
trakya_edirne,2022-04-29,12.2,22.5,0.0,4.95,open_meteo_era5_trakya_edirne_2022_2023_aa7b8cd4e521
trakya_edirne,2022-04-30,10.2,19.3,0.0,3.38,open_meteo_era5_trakya_edirne_2022_2023_aa7b8cd4e521
trakya_edirne,2022-05-01,9.5,19.3,0.0,3.26,open_meteo_era5_trakya_edirne_2022_2023_aa7b8cd4e521
trakya_edirne,2022-05-02,8.5,19.7,0.1,3.93,open_meteo_era5_trakya_edirne_2022_2023_aa7b8cd4e521
trakya_edirne,2022-05-03,6.8,12.6,4.7,1.55,open_meteo_era5_trakya_edirne_2022_2023_aa7b8cd4e521
trakya_edirne,2022-05-04,6.3,19.2,0.6,3.42,open_meteo_era5_trakya_edirne_2022_2023_aa7b8cd4e521
trakya_edirne,2022-05-05,6.4,22.0,4.5,3.95,open_meteo_era5_trakya_edirne_2022_2023_aa7b8cd4e521
trakya_edirne,2022-05-06,7.3,21.7,0.0,4.95,open_meteo_era5_trakya_edirne_2022_2023_aa7b8cd4e521
trakya_edirne,2022-05-07,6.6,20.7,0.0,4.59,open_meteo_era5_trakya_edirne_2022_2023_aa7b8cd4e521
trakya_edirne,2022-05-08,5.1,22.8,0.0,4.83,open_meteo_era5_trakya_edirne_2022_2023_aa7b8cd4e521
trakya_edirne,2022-05-09,5.6,22.7,0.0,4.94,open_meteo_era5_trakya_edirne_2022_2023_aa7b8cd4e521
trakya_edirne,2022-05-10,5.6,23.7,0.0,5.23,open_meteo_era5_trakya_edirne_2022_2023_aa7b8cd4e521
trakya_edirne,2022-05-11,7.4,24.5,0.0,4.6,open_meteo_era5_trakya_edirne_2022_2023_aa7b8cd4e521
trakya_edirne,2022-05-12,10.3,26.7,0.0,5.09,open_meteo_era5_trakya_edirne_2022_2023_aa7b8cd4e521
trakya_edirne,2022-05-13,11.4,27.8,0.0,5.75,open_meteo_era5_trakya_edirne_2022_2023_aa7b8cd4e521
trakya_edirne,2022-05-14,11.1,27.7,0.0,4.44,open_meteo_era5_trakya_edirne_2022_2023_aa7b8cd4e521
trakya_edirne,2022-05-15,15.8,27.6,2.5,4.55,open_meteo_era5_trakya_edirne_2022_2023_aa7b8cd4e521
trakya_edirne,2022-05-16,14.7,27.4,1.9,5.02,open_meteo_era5_trakya_edirne_2022_2023_aa7b8cd4e521
trakya_edirne,2022-05-17,13.9,29.1,0.0,5.34,open_meteo_era5_trakya_edirne_2022_2023_aa7b8cd4e521
trakya_edirne,2022-05-18,8.4,23.8,3.5,3.22,open_meteo_era5_trakya_edirne_2022_2023_aa7b8cd4e521
trakya_edirne,2022-05-19,7.6,20.2,0.0,3.97,open_meteo_era5_trakya_edirne_2022_2023_aa7b8cd4e521
trakya_edirne,2022-05-20,8.1,26.3,0.0,5.48,open_meteo_era5_trakya_edirne_2022_2023_aa7b8cd4e521
trakya_edirne,2022-05-21,9.9,28.3,0.0,5.52,open_meteo_era5_trakya_edirne_2022_2023_aa7b8cd4e521
trakya_edirne,2022-05-22,13.6,28.4,0.2,6.52,open_meteo_era5_trakya_edirne_2022_2023_aa7b8cd4e521
trakya_edirne,2022-05-23,14.0,28.1,0.0,6.34,open_meteo_era5_trakya_edirne_2022_2023_aa7b8cd4e521
trakya_edirne,2022-05-24,12.8,25.6,1.0,4.42,open_meteo_era5_trakya_edirne_2022_2023_aa7b8cd4e521
trakya_edirne,2022-05-25,14.9,28.7,0.0,5.69,open_meteo_era5_trakya_edirne_2022_2023_aa7b8cd4e521
trakya_edirne,2022-05-26,16.3,31.1,1.6,5.18,open_meteo_era5_trakya_edirne_2022_2023_aa7b8cd4e521
trakya_edirne,2022-05-27,18.0,30.5,0.0,5.87,open_meteo_era5_trakya_edirne_2022_2023_aa7b8cd4e521
trakya_edirne,2022-05-28,16.9,30.2,2.5,4.93,open_meteo_era5_trakya_edirne_2022_2023_aa7b8cd4e521
trakya_edirne,2022-05-29,18.1,31.1,1.5,5.97,open_meteo_era5_trakya_edirne_2022_2023_aa7b8cd4e521
trakya_edirne,2022-05-30,18.0,29.0,0.0,5.16,open_meteo_era5_trakya_edirne_2022_2023_aa7b8cd4e521
trakya_edirne,2022-05-31,16.3,30.9,0.2,5.48,open_meteo_era5_trakya_edirne_2022_2023_aa7b8cd4e521
trakya_edirne,2022-06-01,17.0,30.4,0.1,5.55,open_meteo_era5_trakya_edirne_2022_2023_aa7b8cd4e521
trakya_edirne,2022-06-02,18.7,32.0,0.0,6.2,open_meteo_era5_trakya_edirne_2022_2023_aa7b8cd4e521
trakya_edirne,2022-06-03,19.1,32.6,0.4,7.18,open_meteo_era5_trakya_edirne_2022_2023_aa7b8cd4e521
trakya_edirne,2022-06-04,20.0,32.8,0.0,6.94,open_meteo_era5_trakya_edirne_2022_2023_aa7b8cd4e521
trakya_edirne,2022-06-05,18.5,32.9,0.9,5.92,open_meteo_era5_trakya_edirne_2022_2023_aa7b8cd4e521
trakya_edirne,2022-06-06,17.0,27.0,0.8,4.47,open_meteo_era5_trakya_edirne_2022_2023_aa7b8cd4e521
trakya_edirne,2022-06-07,15.7,25.8,0.0,4.92,open_meteo_era5_trakya_edirne_2022_2023_aa7b8cd4e521
trakya_edirne,2022-06-08,16.4,26.0,1.2,4.69,open_meteo_era5_trakya_edirne_2022_2023_aa7b8cd4e521
trakya_edirne,2022-06-09,16.0,27.4,4.4,4.27,open_meteo_era5_trakya_edirne_2022_2023_aa7b8cd4e521
trakya_edirne,2022-06-10,17.3,24.4,10.1,3.04,open_meteo_era5_trakya_edirne_2022_2023_aa7b8cd4e521
trakya_edirne,2022-06-11,17.7,24.7,16.5,3.1,open_meteo_era5_trakya_edirne_2022_2023_aa7b8cd4e521
trakya_edirne,2022-06-12,18.4,24.1,23.8,2.78,open_meteo_era5_trakya_edirne_2022_2023_aa7b8cd4e521
trakya_edirne,2022-06-13,19.3,28.7,0.5,5.73,open_meteo_era5_trakya_edirne_2022_2023_aa7b8cd4e521
trakya_edirne,2022-06-14,19.0,29.4,3.8,5.57,open_meteo_era5_trakya_edirne_2022_2023_aa7b8cd4e521
trakya_edirne,2022-06-15,17.4,27.4,0.2,5.13,open_meteo_era5_trakya_edirne_2022_2023_aa7b8cd4e521
trakya_edirne,2022-06-16,15.6,28.3,0.0,5.73,open_meteo_era5_trakya_edirne_2022_2023_aa7b8cd4e521
trakya_edirne,2022-06-17,13.8,28.6,0.0,6.0,open_meteo_era5_trakya_edirne_2022_2023_aa7b8cd4e521
trakya_edirne,2022-06-18,15.6,26.2,0.3,5.23,open_meteo_era5_trakya_edirne_2022_2023_aa7b8cd4e521
trakya_edirne,2022-06-19,15.6,27.4,0.0,5.71,open_meteo_era5_trakya_edirne_2022_2023_aa7b8cd4e521
trakya_edirne,2022-06-20,14.1,27.6,0.0,5.12,open_meteo_era5_trakya_edirne_2022_2023_aa7b8cd4e521
trakya_edirne,2022-06-21,15.0,33.3,0.1,6.51,open_meteo_era5_trakya_edirne_2022_2023_aa7b8cd4e521
trakya_edirne,2022-06-22,20.4,32.0,0.7,6.62,open_meteo_era5_trakya_edirne_2022_2023_aa7b8cd4e521
trakya_edirne,2022-06-23,17.2,27.5,0.4,4.17,open_meteo_era5_trakya_edirne_2022_2023_aa7b8cd4e521
trakya_edirne,2022-06-24,15.5,29.2,0.0,5.83,open_meteo_era5_trakya_edirne_2022_2023_aa7b8cd4e521
trakya_edirne,2022-06-25,17.8,31.4,0.0,5.96,open_meteo_era5_trakya_edirne_2022_2023_aa7b8cd4e521
trakya_edirne,2022-06-26,19.4,28.7,0.4,4.86,open_meteo_era5_trakya_edirne_2022_2023_aa7b8cd4e521
trakya_edirne,2022-06-27,18.4,30.5,0.1,5.9,open_meteo_era5_trakya_edirne_2022_2023_aa7b8cd4e521
trakya_edirne,2022-06-28,21.3,30.3,1.1,6.07,open_meteo_era5_trakya_edirne_2022_2023_aa7b8cd4e521
trakya_edirne,2022-06-29,20.8,31.8,0.3,6.44,open_meteo_era5_trakya_edirne_2022_2023_aa7b8cd4e521
trakya_edirne,2022-06-30,18.3,33.0,0.0,6.84,open_meteo_era5_trakya_edirne_2022_2023_aa7b8cd4e521
trakya_edirne,2022-07-01,18.3,34.2,0.0,6.2,open_meteo_era5_trakya_edirne_2022_2023_aa7b8cd4e521
trakya_edirne,2022-07-02,19.0,33.4,0.0,7.34,open_meteo_era5_trakya_edirne_2022_2023_aa7b8cd4e521
trakya_edirne,2022-07-03,17.9,32.0,0.0,7.44,open_meteo_era5_trakya_edirne_2022_2023_aa7b8cd4e521
trakya_edirne,2022-07-04,15.5,32.2,0.0,7.15,open_meteo_era5_trakya_edirne_2022_2023_aa7b8cd4e521
trakya_edirne,2022-07-05,16.6,33.2,0.0,6.86,open_meteo_era5_trakya_edirne_2022_2023_aa7b8cd4e521
trakya_edirne,2022-07-06,17.0,32.5,0.0,6.91,open_meteo_era5_trakya_edirne_2022_2023_aa7b8cd4e521
trakya_edirne,2022-07-07,20.7,30.6,0.3,5.85,open_meteo_era5_trakya_edirne_2022_2023_aa7b8cd4e521
trakya_edirne,2022-07-08,19.4,29.6,0.1,5.38,open_meteo_era5_trakya_edirne_2022_2023_aa7b8cd4e521
trakya_edirne,2022-07-09,20.3,29.7,0.9,6.1,open_meteo_era5_trakya_edirne_2022_2023_aa7b8cd4e521
trakya_edirne,2022-07-10,19.3,29.0,1.0,5.85,open_meteo_era5_trakya_edirne_2022_2023_aa7b8cd4e521
trakya_edirne,2022-07-11,18.5,30.0,0.2,6.01,open_meteo_era5_trakya_edirne_2022_2023_aa7b8cd4e521
trakya_edirne,2022-07-12,18.1,29.5,0.0,6.18,open_meteo_era5_trakya_edirne_2022_2023_aa7b8cd4e521
trakya_edirne,2022-07-13,17.3,30.0,0.0,6.38,open_meteo_era5_trakya_edirne_2022_2023_aa7b8cd4e521
trakya_edirne,2022-07-14,17.9,31.9,0.0,7.44,open_meteo_era5_trakya_edirne_2022_2023_aa7b8cd4e521
trakya_edirne,2022-07-15,17.4,33.7,0.0,6.75,open_meteo_era5_trakya_edirne_2022_2023_aa7b8cd4e521
trakya_edirne,2022-07-16,20.4,34.6,0.0,6.25,open_meteo_era5_trakya_edirne_2022_2023_aa7b8cd4e521
trakya_edirne,2022-07-17,20.4,33.6,0.1,7.62,open_meteo_era5_trakya_edirne_2022_2023_aa7b8cd4e521
trakya_edirne,2022-07-18,17.9,29.3,0.3,5.54,open_meteo_era5_trakya_edirne_2022_2023_aa7b8cd4e521
trakya_edirne,2022-07-19,16.5,28.7,0.0,6.46,open_meteo_era5_trakya_edirne_2022_2023_aa7b8cd4e521
trakya_edirne,2022-07-20,16.6,31.1,0.0,6.86,open_meteo_era5_trakya_edirne_2022_2023_aa7b8cd4e521
trakya_edirne,2022-07-21,17.2,34.2,0.0,6.41,open_meteo_era5_trakya_edirne_2022_2023_aa7b8cd4e521
trakya_edirne,2022-07-22,18.5,34.7,0.0,6.32,open_meteo_era5_trakya_edirne_2022_2023_aa7b8cd4e521
trakya_edirne,2022-07-23,20.1,36.9,0.0,6.79,open_meteo_era5_trakya_edirne_2022_2023_aa7b8cd4e521
trakya_edirne,2022-07-24,20.5,36.5,0.0,6.9,open_meteo_era5_trakya_edirne_2022_2023_aa7b8cd4e521
trakya_edirne,2022-07-25,21.4,31.9,0.0,5.54,open_meteo_era5_trakya_edirne_2022_2023_aa7b8cd4e521
trakya_edirne,2022-07-26,19.0,34.2,0.0,6.18,open_meteo_era5_trakya_edirne_2022_2023_aa7b8cd4e521
trakya_edirne,2022-07-27,20.0,35.7,0.0,6.84,open_meteo_era5_trakya_edirne_2022_2023_aa7b8cd4e521
trakya_edirne,2022-07-28,21.2,34.3,0.0,7.1,open_meteo_era5_trakya_edirne_2022_2023_aa7b8cd4e521
trakya_edirne,2022-07-29,20.3,33.4,0.0,6.87,open_meteo_era5_trakya_edirne_2022_2023_aa7b8cd4e521
trakya_edirne,2022-07-30,19.5,34.3,0.0,6.42,open_meteo_era5_trakya_edirne_2022_2023_aa7b8cd4e521
trakya_edirne,2022-07-31,20.8,32.9,0.6,5.2,open_meteo_era5_trakya_edirne_2022_2023_aa7b8cd4e521
trakya_edirne,2022-08-01,21.2,32.4,0.0,6.82,open_meteo_era5_trakya_edirne_2022_2023_aa7b8cd4e521
trakya_edirne,2022-08-02,19.5,31.3,0.0,5.3,open_meteo_era5_trakya_edirne_2022_2023_aa7b8cd4e521
trakya_edirne,2022-08-03,19.8,32.7,0.0,6.52,open_meteo_era5_trakya_edirne_2022_2023_aa7b8cd4e521
trakya_edirne,2022-08-04,19.3,33.6,0.0,6.92,open_meteo_era5_trakya_edirne_2022_2023_aa7b8cd4e521
trakya_edirne,2022-08-05,20.1,33.8,0.0,6.38,open_meteo_era5_trakya_edirne_2022_2023_aa7b8cd4e521
trakya_edirne,2022-08-06,20.9,33.5,0.3,6.32,open_meteo_era5_trakya_edirne_2022_2023_aa7b8cd4e521
trakya_edirne,2022-08-07,21.9,32.8,0.1,6.67,open_meteo_era5_trakya_edirne_2022_2023_aa7b8cd4e521
trakya_edirne,2022-08-08,23.0,33.6,0.0,7.87,open_meteo_era5_trakya_edirne_2022_2023_aa7b8cd4e521
trakya_edirne,2022-08-09,21.5,34.9,0.0,7.94,open_meteo_era5_trakya_edirne_2022_2023_aa7b8cd4e521
trakya_edirne,2022-08-10,22.2,31.4,1.0,6.86,open_meteo_era5_trakya_edirne_2022_2023_aa7b8cd4e521
trakya_edirne,2022-08-11,20.3,31.4,0.0,6.56,open_meteo_era5_trakya_edirne_2022_2023_aa7b8cd4e521
trakya_edirne,2022-08-12,19.4,32.0,0.0,5.54,open_meteo_era5_trakya_edirne_2022_2023_aa7b8cd4e521
trakya_edirne,2022-08-13,19.3,31.8,0.0,5.09,open_meteo_era5_trakya_edirne_2022_2023_aa7b8cd4e521
trakya_edirne,2022-08-14,19.3,31.1,0.5,4.28,open_meteo_era5_trakya_edirne_2022_2023_aa7b8cd4e521
trakya_edirne,2022-08-15,19.1,31.2,0.2,4.65,open_meteo_era5_trakya_edirne_2022_2023_aa7b8cd4e521
trakya_edirne,2022-08-16,19.1,34.6,0.0,5.92,open_meteo_era5_trakya_edirne_2022_2023_aa7b8cd4e521
trakya_edirne,2022-08-17,20.4,34.8,0.0,5.49,open_meteo_era5_trakya_edirne_2022_2023_aa7b8cd4e521
trakya_edirne,2022-08-18,21.4,35.2,0.0,6.21,open_meteo_era5_trakya_edirne_2022_2023_aa7b8cd4e521
trakya_edirne,2022-08-19,21.9,36.1,0.0,6.21,open_meteo_era5_trakya_edirne_2022_2023_aa7b8cd4e521
trakya_edirne,2022-08-20,20.7,35.2,0.0,5.84,open_meteo_era5_trakya_edirne_2022_2023_aa7b8cd4e521
trakya_edirne,2022-08-21,21.3,32.7,1.7,5.05,open_meteo_era5_trakya_edirne_2022_2023_aa7b8cd4e521
trakya_edirne,2022-08-22,21.4,33.1,0.9,4.85,open_meteo_era5_trakya_edirne_2022_2023_aa7b8cd4e521
trakya_edirne,2022-08-23,21.9,31.2,2.2,3.94,open_meteo_era5_trakya_edirne_2022_2023_aa7b8cd4e521
trakya_edirne,2022-08-24,21.8,30.9,0.9,4.52,open_meteo_era5_trakya_edirne_2022_2023_aa7b8cd4e521
trakya_edirne,2022-08-25,20.9,30.8,11.5,4.0,open_meteo_era5_trakya_edirne_2022_2023_aa7b8cd4e521
trakya_edirne,2022-08-26,19.9,27.5,4.2,3.02,open_meteo_era5_trakya_edirne_2022_2023_aa7b8cd4e521
trakya_edirne,2022-08-27,18.3,32.8,1.6,4.61,open_meteo_era5_trakya_edirne_2022_2023_aa7b8cd4e521
trakya_edirne,2022-08-28,19.1,34.2,0.0,4.52,open_meteo_era5_trakya_edirne_2022_2023_aa7b8cd4e521
trakya_edirne,2022-08-29,20.9,35.3,0.0,5.43,open_meteo_era5_trakya_edirne_2022_2023_aa7b8cd4e521
trakya_edirne,2022-08-30,19.6,33.7,0.0,5.59,open_meteo_era5_trakya_edirne_2022_2023_aa7b8cd4e521
trakya_edirne,2022-08-31,20.9,34.2,0.8,4.92,open_meteo_era5_trakya_edirne_2022_2023_aa7b8cd4e521
trakya_edirne,2022-09-01,19.8,32.5,0.0,4.93,open_meteo_era5_trakya_edirne_2022_2023_aa7b8cd4e521
trakya_edirne,2022-09-02,20.7,30.7,8.8,3.57,open_meteo_era5_trakya_edirne_2022_2023_aa7b8cd4e521
trakya_edirne,2022-09-03,18.8,28.9,0.0,3.97,open_meteo_era5_trakya_edirne_2022_2023_aa7b8cd4e521
trakya_edirne,2022-09-04,17.8,26.3,0.0,3.59,open_meteo_era5_trakya_edirne_2022_2023_aa7b8cd4e521
trakya_edirne,2022-09-05,15.5,27.0,0.0,4.76,open_meteo_era5_trakya_edirne_2022_2023_aa7b8cd4e521
trakya_edirne,2022-09-06,14.1,27.1,0.0,4.76,open_meteo_era5_trakya_edirne_2022_2023_aa7b8cd4e521
trakya_edirne,2022-09-07,13.8,28.0,0.0,4.94,open_meteo_era5_trakya_edirne_2022_2023_aa7b8cd4e521
trakya_edirne,2022-09-08,14.2,29.4,0.0,4.56,open_meteo_era5_trakya_edirne_2022_2023_aa7b8cd4e521
trakya_edirne,2022-09-09,14.4,31.0,0.0,4.93,open_meteo_era5_trakya_edirne_2022_2023_aa7b8cd4e521
trakya_edirne,2022-09-10,17.6,32.2,0.0,5.01,open_meteo_era5_trakya_edirne_2022_2023_aa7b8cd4e521
trakya_edirne,2022-09-11,20.2,30.0,1.3,3.53,open_meteo_era5_trakya_edirne_2022_2023_aa7b8cd4e521
trakya_edirne,2022-09-12,17.6,27.0,0.1,4.86,open_meteo_era5_trakya_edirne_2022_2023_aa7b8cd4e521
trakya_edirne,2022-09-13,14.0,25.6,0.0,3.91,open_meteo_era5_trakya_edirne_2022_2023_aa7b8cd4e521
trakya_edirne,2022-09-14,12.5,29.1,0.0,4.39,open_meteo_era5_trakya_edirne_2022_2023_aa7b8cd4e521
trakya_edirne,2022-09-15,15.0,34.7,0.0,5.16,open_meteo_era5_trakya_edirne_2022_2023_aa7b8cd4e521
trakya_edirne,2022-09-16,18.5,35.0,0.1,5.24,open_meteo_era5_trakya_edirne_2022_2023_aa7b8cd4e521
trakya_edirne,2022-09-17,19.2,34.1,0.0,4.89,open_meteo_era5_trakya_edirne_2022_2023_aa7b8cd4e521
trakya_edirne,2022-09-18,16.5,23.8,0.8,4.28,open_meteo_era5_trakya_edirne_2022_2023_aa7b8cd4e521
trakya_edirne,2022-09-19,10.5,23.6,0.0,3.71,open_meteo_era5_trakya_edirne_2022_2023_aa7b8cd4e521
trakya_edirne,2022-09-20,11.7,22.2,0.0,3.8,open_meteo_era5_trakya_edirne_2022_2023_aa7b8cd4e521
trakya_edirne,2022-09-21,10.9,21.1,0.0,3.77,open_meteo_era5_trakya_edirne_2022_2023_aa7b8cd4e521
trakya_edirne,2022-09-22,9.5,20.7,0.1,3.52,open_meteo_era5_trakya_edirne_2022_2023_aa7b8cd4e521
trakya_edirne,2022-09-23,7.1,21.0,0.1,3.3,open_meteo_era5_trakya_edirne_2022_2023_aa7b8cd4e521
trakya_edirne,2022-09-24,6.2,23.1,0.0,3.61,open_meteo_era5_trakya_edirne_2022_2023_aa7b8cd4e521
trakya_edirne,2022-09-25,7.7,25.3,0.0,4.04,open_meteo_era5_trakya_edirne_2022_2023_aa7b8cd4e521
trakya_edirne,2022-09-26,8.8,27.8,0.0,4.11,open_meteo_era5_trakya_edirne_2022_2023_aa7b8cd4e521
trakya_edirne,2022-09-27,18.6,24.9,7.6,2.97,open_meteo_era5_trakya_edirne_2022_2023_aa7b8cd4e521
trakya_edirne,2022-09-28,17.7,29.4,0.3,3.59,open_meteo_era5_trakya_edirne_2022_2023_aa7b8cd4e521
trakya_edirne,2022-09-29,17.4,29.3,0.0,4.36,open_meteo_era5_trakya_edirne_2022_2023_aa7b8cd4e521
trakya_edirne,2022-09-30,17.0,31.0,0.0,4.04,open_meteo_era5_trakya_edirne_2022_2023_aa7b8cd4e521
trakya_edirne,2022-10-01,15.0,31.2,0.0,3.61,open_meteo_era5_trakya_edirne_2022_2023_aa7b8cd4e521
trakya_edirne,2022-10-02,12.9,26.4,0.0,4.78,open_meteo_era5_trakya_edirne_2022_2023_aa7b8cd4e521
trakya_edirne,2022-10-03,10.5,23.7,0.2,3.21,open_meteo_era5_trakya_edirne_2022_2023_aa7b8cd4e521
trakya_edirne,2022-10-04,9.6,20.4,0.7,3.11,open_meteo_era5_trakya_edirne_2022_2023_aa7b8cd4e521
trakya_edirne,2022-10-05,8.7,22.2,0.0,3.39,open_meteo_era5_trakya_edirne_2022_2023_aa7b8cd4e521
trakya_edirne,2022-10-06,9.4,22.4,0.0,3.48,open_meteo_era5_trakya_edirne_2022_2023_aa7b8cd4e521
trakya_edirne,2022-10-07,12.1,22.7,0.0,3.26,open_meteo_era5_trakya_edirne_2022_2023_aa7b8cd4e521
trakya_edirne,2022-10-08,10.5,24.1,0.0,3.38,open_meteo_era5_trakya_edirne_2022_2023_aa7b8cd4e521
trakya_edirne,2022-10-09,8.8,24.7,0.0,3.12,open_meteo_era5_trakya_edirne_2022_2023_aa7b8cd4e521
trakya_edirne,2022-10-10,11.1,23.7,0.0,2.84,open_meteo_era5_trakya_edirne_2022_2023_aa7b8cd4e521
trakya_edirne,2022-10-11,11.4,22.6,0.2,2.06,open_meteo_era5_trakya_edirne_2022_2023_aa7b8cd4e521
trakya_edirne,2022-10-12,11.7,22.8,0.0,3.25,open_meteo_era5_trakya_edirne_2022_2023_aa7b8cd4e521
trakya_edirne,2022-10-13,10.2,22.8,0.0,2.87,open_meteo_era5_trakya_edirne_2022_2023_aa7b8cd4e521
trakya_edirne,2022-10-14,10.1,21.0,1.4,2.65,open_meteo_era5_trakya_edirne_2022_2023_aa7b8cd4e521
trakya_edirne,2022-10-15,11.7,15.7,2.8,1.32,open_meteo_era5_trakya_edirne_2022_2023_aa7b8cd4e521
trakya_edirne,2022-10-16,9.1,19.6,0.0,2.9,open_meteo_era5_trakya_edirne_2022_2023_aa7b8cd4e521
trakya_edirne,2022-10-17,8.0,20.9,0.0,3.05,open_meteo_era5_trakya_edirne_2022_2023_aa7b8cd4e521
trakya_edirne,2022-10-18,9.5,21.0,0.0,2.6,open_meteo_era5_trakya_edirne_2022_2023_aa7b8cd4e521
trakya_edirne,2022-10-19,8.1,21.4,0.0,2.35,open_meteo_era5_trakya_edirne_2022_2023_aa7b8cd4e521
trakya_edirne,2022-10-20,8.2,21.3,0.0,2.87,open_meteo_era5_trakya_edirne_2022_2023_aa7b8cd4e521
trakya_edirne,2022-10-21,5.4,19.1,0.0,2.33,open_meteo_era5_trakya_edirne_2022_2023_aa7b8cd4e521
trakya_edirne,2022-10-22,3.3,20.4,0.0,2.54,open_meteo_era5_trakya_edirne_2022_2023_aa7b8cd4e521
trakya_edirne,2022-10-23,7.5,26.4,0.0,2.97,open_meteo_era5_trakya_edirne_2022_2023_aa7b8cd4e521
trakya_edirne,2022-10-24,9.9,25.3,0.0,2.54,open_meteo_era5_trakya_edirne_2022_2023_aa7b8cd4e521
trakya_edirne,2022-10-25,10.3,26.1,0.0,2.42,open_meteo_era5_trakya_edirne_2022_2023_aa7b8cd4e521
trakya_edirne,2022-10-26,12.2,25.4,0.0,2.78,open_meteo_era5_trakya_edirne_2022_2023_aa7b8cd4e521
trakya_edirne,2022-10-27,10.0,24.3,0.0,2.27,open_meteo_era5_trakya_edirne_2022_2023_aa7b8cd4e521
trakya_edirne,2022-10-28,9.0,22.1,0.0,2.44,open_meteo_era5_trakya_edirne_2022_2023_aa7b8cd4e521
trakya_edirne,2022-10-29,7.7,21.4,0.0,2.19,open_meteo_era5_trakya_edirne_2022_2023_aa7b8cd4e521
trakya_edirne,2022-10-30,6.4,23.4,0.0,2.15,open_meteo_era5_trakya_edirne_2022_2023_aa7b8cd4e521
trakya_edirne,2022-10-31,10.4,24.0,0.0,2.54,open_meteo_era5_trakya_edirne_2022_2023_aa7b8cd4e521
trakya_edirne,2022-11-01,8.9,24.1,0.0,2.01,open_meteo_era5_trakya_edirne_2022_2023_aa7b8cd4e521
trakya_edirne,2022-11-02,7.9,25.4,0.0,2.16,open_meteo_era5_trakya_edirne_2022_2023_aa7b8cd4e521
trakya_edirne,2022-11-03,9.8,23.2,0.0,2.41,open_meteo_era5_trakya_edirne_2022_2023_aa7b8cd4e521
trakya_edirne,2022-11-04,7.7,20.7,0.0,1.95,open_meteo_era5_trakya_edirne_2022_2023_aa7b8cd4e521
trakya_edirne,2022-11-05,8.9,23.5,0.0,2.24,open_meteo_era5_trakya_edirne_2022_2023_aa7b8cd4e521
trakya_edirne,2022-11-06,9.9,22.0,0.0,1.63,open_meteo_era5_trakya_edirne_2022_2023_aa7b8cd4e521
trakya_edirne,2022-11-07,7.9,19.0,0.0,2.1,open_meteo_era5_trakya_edirne_2022_2023_aa7b8cd4e521
trakya_edirne,2022-11-08,6.5,18.4,0.0,1.61,open_meteo_era5_trakya_edirne_2022_2023_aa7b8cd4e521
trakya_edirne,2022-11-09,6.0,18.3,0.0,1.45,open_meteo_era5_trakya_edirne_2022_2023_aa7b8cd4e521
trakya_edirne,2022-11-10,4.2,17.9,0.0,1.41,open_meteo_era5_trakya_edirne_2022_2023_aa7b8cd4e521
trakya_edirne,2022-11-11,4.5,18.2,1.8,1.58,open_meteo_era5_trakya_edirne_2022_2023_aa7b8cd4e521
trakya_edirne,2022-11-12,10.6,16.4,4.9,1.2,open_meteo_era5_trakya_edirne_2022_2023_aa7b8cd4e521
trakya_edirne,2022-11-13,6.1,17.7,0.0,1.43,open_meteo_era5_trakya_edirne_2022_2023_aa7b8cd4e521
trakya_edirne,2022-11-14,5.7,15.9,0.0,1.27,open_meteo_era5_trakya_edirne_2022_2023_aa7b8cd4e521
trakya_edirne,2022-11-15,5.9,14.3,0.0,1.21,open_meteo_era5_trakya_edirne_2022_2023_aa7b8cd4e521
trakya_edirne,2022-11-16,5.1,17.0,0.0,1.24,open_meteo_era5_trakya_edirne_2022_2023_aa7b8cd4e521
trakya_edirne,2022-11-17,11.0,18.7,3.3,0.99,open_meteo_era5_trakya_edirne_2022_2023_aa7b8cd4e521
trakya_edirne,2022-11-18,10.7,21.3,0.1,1.4,open_meteo_era5_trakya_edirne_2022_2023_aa7b8cd4e521
trakya_edirne,2022-11-19,16.0,23.9,0.0,2.28,open_meteo_era5_trakya_edirne_2022_2023_aa7b8cd4e521
trakya_edirne,2022-11-20,18.0,21.2,0.1,2.36,open_meteo_era5_trakya_edirne_2022_2023_aa7b8cd4e521
trakya_edirne,2022-11-21,11.3,20.5,1.3,2.38,open_meteo_era5_trakya_edirne_2022_2023_aa7b8cd4e521
trakya_edirne,2022-11-22,8.4,15.1,0.8,1.81,open_meteo_era5_trakya_edirne_2022_2023_aa7b8cd4e521
trakya_edirne,2022-11-23,12.3,15.2,7.6,0.76,open_meteo_era5_trakya_edirne_2022_2023_aa7b8cd4e521
trakya_edirne,2022-11-24,8.5,15.5,0.0,1.3,open_meteo_era5_trakya_edirne_2022_2023_aa7b8cd4e521
trakya_edirne,2022-11-25,4.2,12.9,0.4,1.41,open_meteo_era5_trakya_edirne_2022_2023_aa7b8cd4e521
trakya_edirne,2022-11-26,2.0,12.4,0.0,1.12,open_meteo_era5_trakya_edirne_2022_2023_aa7b8cd4e521
trakya_edirne,2022-11-27,2.7,10.4,0.0,1.49,open_meteo_era5_trakya_edirne_2022_2023_aa7b8cd4e521
trakya_edirne,2022-11-28,4.7,6.6,9.6,0.48,open_meteo_era5_trakya_edirne_2022_2023_aa7b8cd4e521
trakya_edirne,2022-11-29,5.1,10.3,3.8,0.41,open_meteo_era5_trakya_edirne_2022_2023_aa7b8cd4e521
trakya_edirne,2022-11-30,7.8,10.4,1.5,0.67,open_meteo_era5_trakya_edirne_2022_2023_aa7b8cd4e521
trakya_edirne,2022-12-01,5.4,8.7,5.2,0.51,open_meteo_era5_trakya_edirne_2022_2023_aa7b8cd4e521
trakya_edirne,2022-12-02,5.3,6.8,5.7,0.29,open_meteo_era5_trakya_edirne_2022_2023_aa7b8cd4e521
trakya_edirne,2022-12-03,5.9,9.4,0.0,0.6,open_meteo_era5_trakya_edirne_2022_2023_aa7b8cd4e521
trakya_edirne,2022-12-04,5.2,9.9,0.1,0.76,open_meteo_era5_trakya_edirne_2022_2023_aa7b8cd4e521
trakya_edirne,2022-12-05,7.0,9.9,0.2,0.5,open_meteo_era5_trakya_edirne_2022_2023_aa7b8cd4e521
trakya_edirne,2022-12-06,8.2,11.3,0.0,0.56,open_meteo_era5_trakya_edirne_2022_2023_aa7b8cd4e521
trakya_edirne,2022-12-07,6.8,13.4,0.0,0.7,open_meteo_era5_trakya_edirne_2022_2023_aa7b8cd4e521
trakya_edirne,2022-12-08,10.1,15.3,0.3,0.89,open_meteo_era5_trakya_edirne_2022_2023_aa7b8cd4e521
trakya_edirne,2022-12-09,11.5,16.3,0.3,0.89,open_meteo_era5_trakya_edirne_2022_2023_aa7b8cd4e521
trakya_edirne,2022-12-10,15.3,18.9,1.2,1.61,open_meteo_era5_trakya_edirne_2022_2023_aa7b8cd4e521
trakya_edirne,2022-12-11,13.4,18.4,12.0,1.35,open_meteo_era5_trakya_edirne_2022_2023_aa7b8cd4e521
trakya_edirne,2022-12-12,7.5,13.7,3.4,0.74,open_meteo_era5_trakya_edirne_2022_2023_aa7b8cd4e521
trakya_edirne,2022-12-13,0.5,9.1,3.9,0.89,open_meteo_era5_trakya_edirne_2022_2023_aa7b8cd4e521
trakya_edirne,2022-12-14,-0.4,9.1,0.6,0.93,open_meteo_era5_trakya_edirne_2022_2023_aa7b8cd4e521
trakya_edirne,2022-12-15,6.8,12.0,2.3,0.48,open_meteo_era5_trakya_edirne_2022_2023_aa7b8cd4e521
trakya_edirne,2022-12-16,10.6,17.5,0.6,0.74,open_meteo_era5_trakya_edirne_2022_2023_aa7b8cd4e521
trakya_edirne,2022-12-17,14.0,19.8,0.3,1.15,open_meteo_era5_trakya_edirne_2022_2023_aa7b8cd4e521
trakya_edirne,2022-12-18,5.0,14.6,4.7,0.59,open_meteo_era5_trakya_edirne_2022_2023_aa7b8cd4e521
trakya_edirne,2022-12-19,-1.6,4.9,0.0,1.14,open_meteo_era5_trakya_edirne_2022_2023_aa7b8cd4e521
trakya_edirne,2022-12-20,-1.6,6.1,0.0,0.95,open_meteo_era5_trakya_edirne_2022_2023_aa7b8cd4e521
trakya_edirne,2022-12-21,-1.8,8.1,0.0,0.81,open_meteo_era5_trakya_edirne_2022_2023_aa7b8cd4e521
trakya_edirne,2022-12-22,-3.3,8.6,0.0,0.75,open_meteo_era5_trakya_edirne_2022_2023_aa7b8cd4e521
trakya_edirne,2022-12-23,-2.0,7.5,0.0,0.64,open_meteo_era5_trakya_edirne_2022_2023_aa7b8cd4e521
trakya_edirne,2022-12-24,0.4,11.2,1.2,0.84,open_meteo_era5_trakya_edirne_2022_2023_aa7b8cd4e521
trakya_edirne,2022-12-25,3.1,15.2,0.0,1.27,open_meteo_era5_trakya_edirne_2022_2023_aa7b8cd4e521
trakya_edirne,2022-12-26,1.4,13.5,0.0,1.03,open_meteo_era5_trakya_edirne_2022_2023_aa7b8cd4e521
trakya_edirne,2022-12-27,2.5,14.2,0.0,0.82,open_meteo_era5_trakya_edirne_2022_2023_aa7b8cd4e521
trakya_edirne,2022-12-28,3.4,11.8,0.0,0.97,open_meteo_era5_trakya_edirne_2022_2023_aa7b8cd4e521
trakya_edirne,2022-12-29,1.0,11.5,0.0,0.85,open_meteo_era5_trakya_edirne_2022_2023_aa7b8cd4e521
trakya_edirne,2022-12-30,1.0,12.1,0.0,0.65,open_meteo_era5_trakya_edirne_2022_2023_aa7b8cd4e521
trakya_edirne,2022-12-31,2.4,11.6,0.0,0.72,open_meteo_era5_trakya_edirne_2022_2023_aa7b8cd4e521
trakya_edirne,2023-01-01,0.4,13.0,0.0,0.97,open_meteo_era5_trakya_edirne_2022_2023_aa7b8cd4e521
trakya_edirne,2023-01-02,1.1,12.5,0.0,0.96,open_meteo_era5_trakya_edirne_2022_2023_aa7b8cd4e521
trakya_edirne,2023-01-03,-0.9,10.8,0.0,0.79,open_meteo_era5_trakya_edirne_2022_2023_aa7b8cd4e521
trakya_edirne,2023-01-04,1.1,14.3,0.0,1.02,open_meteo_era5_trakya_edirne_2022_2023_aa7b8cd4e521
trakya_edirne,2023-01-05,3.9,13.4,0.0,0.94,open_meteo_era5_trakya_edirne_2022_2023_aa7b8cd4e521
trakya_edirne,2023-01-06,3.3,15.6,0.0,1.52,open_meteo_era5_trakya_edirne_2022_2023_aa7b8cd4e521
trakya_edirne,2023-01-07,0.3,13.3,0.0,1.05,open_meteo_era5_trakya_edirne_2022_2023_aa7b8cd4e521
trakya_edirne,2023-01-08,-0.7,11.4,0.0,1.0,open_meteo_era5_trakya_edirne_2022_2023_aa7b8cd4e521
trakya_edirne,2023-01-09,-0.7,8.8,0.0,0.76,open_meteo_era5_trakya_edirne_2022_2023_aa7b8cd4e521
trakya_edirne,2023-01-10,5.7,12.1,19.6,0.74,open_meteo_era5_trakya_edirne_2022_2023_aa7b8cd4e521
trakya_edirne,2023-01-11,7.8,10.6,6.0,0.53,open_meteo_era5_trakya_edirne_2022_2023_aa7b8cd4e521
trakya_edirne,2023-01-12,5.2,8.1,1.3,0.55,open_meteo_era5_trakya_edirne_2022_2023_aa7b8cd4e521
trakya_edirne,2023-01-13,4.9,7.1,0.6,0.57,open_meteo_era5_trakya_edirne_2022_2023_aa7b8cd4e521
trakya_edirne,2023-01-14,4.2,8.3,1.4,0.47,open_meteo_era5_trakya_edirne_2022_2023_aa7b8cd4e521
trakya_edirne,2023-01-15,4.9,8.1,0.4,0.43,open_meteo_era5_trakya_edirne_2022_2023_aa7b8cd4e521
trakya_edirne,2023-01-16,4.3,11.2,0.0,0.9,open_meteo_era5_trakya_edirne_2022_2023_aa7b8cd4e521
trakya_edirne,2023-01-17,9.6,16.9,0.2,1.94,open_meteo_era5_trakya_edirne_2022_2023_aa7b8cd4e521
trakya_edirne,2023-01-18,15.0,19.0,0.1,3.01,open_meteo_era5_trakya_edirne_2022_2023_aa7b8cd4e521
trakya_edirne,2023-01-19,14.2,19.3,0.0,3.09,open_meteo_era5_trakya_edirne_2022_2023_aa7b8cd4e521
trakya_edirne,2023-01-20,6.6,14.9,3.7,1.39,open_meteo_era5_trakya_edirne_2022_2023_aa7b8cd4e521
trakya_edirne,2023-01-21,4.6,13.4,0.9,1.13,open_meteo_era5_trakya_edirne_2022_2023_aa7b8cd4e521
trakya_edirne,2023-01-22,7.7,14.9,1.1,1.13,open_meteo_era5_trakya_edirne_2022_2023_aa7b8cd4e521
trakya_edirne,2023-01-23,5.3,11.6,0.0,1.18,open_meteo_era5_trakya_edirne_2022_2023_aa7b8cd4e521
trakya_edirne,2023-01-24,1.7,6.2,0.0,1.05,open_meteo_era5_trakya_edirne_2022_2023_aa7b8cd4e521
trakya_edirne,2023-01-25,0.3,4.4,0.0,1.17,open_meteo_era5_trakya_edirne_2022_2023_aa7b8cd4e521
trakya_edirne,2023-01-26,1.0,9.0,4.2,0.81,open_meteo_era5_trakya_edirne_2022_2023_aa7b8cd4e521
trakya_edirne,2023-01-27,4.9,10.2,9.7,0.7,open_meteo_era5_trakya_edirne_2022_2023_aa7b8cd4e521
trakya_edirne,2023-01-28,1.6,6.5,1.4,0.86,open_meteo_era5_trakya_edirne_2022_2023_aa7b8cd4e521
trakya_edirne,2023-01-29,-0.2,5.4,0.1,0.78,open_meteo_era5_trakya_edirne_2022_2023_aa7b8cd4e521
trakya_edirne,2023-01-30,-1.7,4.4,1.3,0.74,open_meteo_era5_trakya_edirne_2022_2023_aa7b8cd4e521
trakya_edirne,2023-01-31,-2.3,6.7,0.5,0.85,open_meteo_era5_trakya_edirne_2022_2023_aa7b8cd4e521
trakya_edirne,2023-02-01,0.5,8.7,0.0,1.39,open_meteo_era5_trakya_edirne_2022_2023_aa7b8cd4e521
trakya_edirne,2023-02-02,-0.2,13.3,0.6,1.81,open_meteo_era5_trakya_edirne_2022_2023_aa7b8cd4e521
trakya_edirne,2023-02-03,-0.8,9.0,0.0,1.41,open_meteo_era5_trakya_edirne_2022_2023_aa7b8cd4e521
trakya_edirne,2023-02-04,-1.2,9.3,1.6,1.11,open_meteo_era5_trakya_edirne_2022_2023_aa7b8cd4e521
trakya_edirne,2023-02-05,-2.5,3.0,0.0,1.48,open_meteo_era5_trakya_edirne_2022_2023_aa7b8cd4e521
trakya_edirne,2023-02-06,-2.6,1.8,0.4,1.5,open_meteo_era5_trakya_edirne_2022_2023_aa7b8cd4e521
trakya_edirne,2023-02-07,-2.9,2.2,0.0,1.6,open_meteo_era5_trakya_edirne_2022_2023_aa7b8cd4e521
trakya_edirne,2023-02-08,-2.6,2.5,0.0,1.5,open_meteo_era5_trakya_edirne_2022_2023_aa7b8cd4e521
trakya_edirne,2023-02-09,-4.2,3.3,0.0,1.43,open_meteo_era5_trakya_edirne_2022_2023_aa7b8cd4e521
trakya_edirne,2023-02-10,-5.4,5.6,0.0,1.51,open_meteo_era5_trakya_edirne_2022_2023_aa7b8cd4e521
trakya_edirne,2023-02-11,-6.7,6.9,0.0,1.47,open_meteo_era5_trakya_edirne_2022_2023_aa7b8cd4e521
trakya_edirne,2023-02-12,-4.8,8.7,0.0,1.65,open_meteo_era5_trakya_edirne_2022_2023_aa7b8cd4e521
trakya_edirne,2023-02-13,-2.5,9.1,0.0,1.63,open_meteo_era5_trakya_edirne_2022_2023_aa7b8cd4e521
trakya_edirne,2023-02-14,-3.2,10.8,0.0,1.73,open_meteo_era5_trakya_edirne_2022_2023_aa7b8cd4e521
trakya_edirne,2023-02-15,-1.5,10.2,0.0,1.58,open_meteo_era5_trakya_edirne_2022_2023_aa7b8cd4e521
trakya_edirne,2023-02-16,-2.4,11.4,0.0,1.74,open_meteo_era5_trakya_edirne_2022_2023_aa7b8cd4e521
trakya_edirne,2023-02-17,-2.0,16.2,0.0,1.88,open_meteo_era5_trakya_edirne_2022_2023_aa7b8cd4e521
trakya_edirne,2023-02-18,1.1,16.6,0.0,1.66,open_meteo_era5_trakya_edirne_2022_2023_aa7b8cd4e521
trakya_edirne,2023-02-19,5.1,21.3,0.0,2.58,open_meteo_era5_trakya_edirne_2022_2023_aa7b8cd4e521
trakya_edirne,2023-02-20,2.9,16.0,0.0,2.43,open_meteo_era5_trakya_edirne_2022_2023_aa7b8cd4e521
trakya_edirne,2023-02-21,2.2,21.0,0.0,2.64,open_meteo_era5_trakya_edirne_2022_2023_aa7b8cd4e521
trakya_edirne,2023-02-22,2.9,19.5,0.0,2.43,open_meteo_era5_trakya_edirne_2022_2023_aa7b8cd4e521
trakya_edirne,2023-02-23,4.2,15.2,0.0,1.61,open_meteo_era5_trakya_edirne_2022_2023_aa7b8cd4e521
trakya_edirne,2023-02-24,4.3,13.8,0.0,1.86,open_meteo_era5_trakya_edirne_2022_2023_aa7b8cd4e521
trakya_edirne,2023-02-25,4.3,18.4,0.0,2.39,open_meteo_era5_trakya_edirne_2022_2023_aa7b8cd4e521
trakya_edirne,2023-02-26,13.2,18.4,0.0,3.33,open_meteo_era5_trakya_edirne_2022_2023_aa7b8cd4e521
trakya_edirne,2023-02-27,13.1,18.8,0.4,2.69,open_meteo_era5_trakya_edirne_2022_2023_aa7b8cd4e521
trakya_edirne,2023-02-28,7.4,14.2,5.4,1.39,open_meteo_era5_trakya_edirne_2022_2023_aa7b8cd4e521
trakya_edirne,2023-03-01,6.2,9.9,0.1,1.1,open_meteo_era5_trakya_edirne_2022_2023_aa7b8cd4e521
trakya_edirne,2023-03-02,5.8,8.0,0.2,0.87,open_meteo_era5_trakya_edirne_2022_2023_aa7b8cd4e521
trakya_edirne,2023-03-03,4.4,8.7,1.0,0.75,open_meteo_era5_trakya_edirne_2022_2023_aa7b8cd4e521
trakya_edirne,2023-03-04,3.4,11.3,1.1,1.48,open_meteo_era5_trakya_edirne_2022_2023_aa7b8cd4e521
trakya_edirne,2023-03-05,4.2,13.0,0.5,1.48,open_meteo_era5_trakya_edirne_2022_2023_aa7b8cd4e521
trakya_edirne,2023-03-06,5.6,13.6,0.4,1.76,open_meteo_era5_trakya_edirne_2022_2023_aa7b8cd4e521
trakya_edirne,2023-03-07,6.1,17.2,0.2,2.52,open_meteo_era5_trakya_edirne_2022_2023_aa7b8cd4e521
trakya_edirne,2023-03-08,5.8,19.1,0.0,2.65,open_meteo_era5_trakya_edirne_2022_2023_aa7b8cd4e521
trakya_edirne,2023-03-09,6.6,19.5,0.0,3.0,open_meteo_era5_trakya_edirne_2022_2023_aa7b8cd4e521
trakya_edirne,2023-03-10,8.5,18.8,0.0,2.56,open_meteo_era5_trakya_edirne_2022_2023_aa7b8cd4e521
trakya_edirne,2023-03-11,10.7,17.6,4.4,2.2,open_meteo_era5_trakya_edirne_2022_2023_aa7b8cd4e521
trakya_edirne,2023-03-12,4.2,11.7,0.0,2.75,open_meteo_era5_trakya_edirne_2022_2023_aa7b8cd4e521
trakya_edirne,2023-03-13,0.9,12.7,0.0,2.74,open_meteo_era5_trakya_edirne_2022_2023_aa7b8cd4e521
trakya_edirne,2023-03-14,-1.4,14.5,0.0,2.8,open_meteo_era5_trakya_edirne_2022_2023_aa7b8cd4e521
trakya_edirne,2023-03-15,-0.1,15.7,1.7,2.53,open_meteo_era5_trakya_edirne_2022_2023_aa7b8cd4e521
trakya_edirne,2023-03-16,5.2,9.7,11.6,0.83,open_meteo_era5_trakya_edirne_2022_2023_aa7b8cd4e521
trakya_edirne,2023-03-17,4.0,10.8,0.0,2.16,open_meteo_era5_trakya_edirne_2022_2023_aa7b8cd4e521
trakya_edirne,2023-03-18,3.5,12.5,0.0,2.97,open_meteo_era5_trakya_edirne_2022_2023_aa7b8cd4e521
trakya_edirne,2023-03-19,5.3,14.2,0.0,2.25,open_meteo_era5_trakya_edirne_2022_2023_aa7b8cd4e521
trakya_edirne,2023-03-20,2.1,17.5,0.0,2.78,open_meteo_era5_trakya_edirne_2022_2023_aa7b8cd4e521
trakya_edirne,2023-03-21,5.7,17.2,0.0,1.83,open_meteo_era5_trakya_edirne_2022_2023_aa7b8cd4e521
trakya_edirne,2023-03-22,8.4,14.4,1.2,1.73,open_meteo_era5_trakya_edirne_2022_2023_aa7b8cd4e521
trakya_edirne,2023-03-23,6.9,13.1,0.7,0.92,open_meteo_era5_trakya_edirne_2022_2023_aa7b8cd4e521
trakya_edirne,2023-03-24,4.2,17.8,0.0,2.59,open_meteo_era5_trakya_edirne_2022_2023_aa7b8cd4e521
trakya_edirne,2023-03-25,4.1,20.2,0.2,3.27,open_meteo_era5_trakya_edirne_2022_2023_aa7b8cd4e521
trakya_edirne,2023-03-26,8.2,19.4,7.4,3.18,open_meteo_era5_trakya_edirne_2022_2023_aa7b8cd4e521
trakya_edirne,2023-03-27,7.3,20.5,4.3,3.69,open_meteo_era5_trakya_edirne_2022_2023_aa7b8cd4e521
trakya_edirne,2023-03-28,6.0,11.6,2.0,3.03,open_meteo_era5_trakya_edirne_2022_2023_aa7b8cd4e521
trakya_edirne,2023-03-29,-0.9,9.9,0.3,3.09,open_meteo_era5_trakya_edirne_2022_2023_aa7b8cd4e521
trakya_edirne,2023-03-30,-1.9,14.3,0.0,3.38,open_meteo_era5_trakya_edirne_2022_2023_aa7b8cd4e521
trakya_edirne,2023-03-31,5.7,17.9,0.0,2.63,open_meteo_era5_trakya_edirne_2022_2023_aa7b8cd4e521
trakya_edirne,2023-04-01,8.2,20.0,0.4,3.18,open_meteo_era5_trakya_edirne_2022_2023_aa7b8cd4e521
trakya_edirne,2023-04-02,9.6,19.8,0.1,3.64,open_meteo_era5_trakya_edirne_2022_2023_aa7b8cd4e521
trakya_edirne,2023-04-03,8.3,15.4,4.3,1.91,open_meteo_era5_trakya_edirne_2022_2023_aa7b8cd4e521
trakya_edirne,2023-04-04,7.1,16.0,22.6,1.99,open_meteo_era5_trakya_edirne_2022_2023_aa7b8cd4e521
trakya_edirne,2023-04-05,5.3,10.5,2.9,1.43,open_meteo_era5_trakya_edirne_2022_2023_aa7b8cd4e521
trakya_edirne,2023-04-06,5.7,12.6,0.0,2.36,open_meteo_era5_trakya_edirne_2022_2023_aa7b8cd4e521
trakya_edirne,2023-04-07,5.6,12.9,0.0,2.34,open_meteo_era5_trakya_edirne_2022_2023_aa7b8cd4e521
trakya_edirne,2023-04-08,4.8,14.9,0.8,2.84,open_meteo_era5_trakya_edirne_2022_2023_aa7b8cd4e521
trakya_edirne,2023-04-09,4.7,15.9,0.0,2.63,open_meteo_era5_trakya_edirne_2022_2023_aa7b8cd4e521
trakya_edirne,2023-04-10,6.1,12.1,2.2,1.9,open_meteo_era5_trakya_edirne_2022_2023_aa7b8cd4e521
trakya_edirne,2023-04-11,8.3,12.1,4.6,1.6,open_meteo_era5_trakya_edirne_2022_2023_aa7b8cd4e521
trakya_edirne,2023-04-12,8.5,16.2,0.5,2.82,open_meteo_era5_trakya_edirne_2022_2023_aa7b8cd4e521
trakya_edirne,2023-04-13,5.6,19.9,0.0,4.24,open_meteo_era5_trakya_edirne_2022_2023_aa7b8cd4e521
trakya_edirne,2023-04-14,9.2,20.3,0.0,3.94,open_meteo_era5_trakya_edirne_2022_2023_aa7b8cd4e521
trakya_edirne,2023-04-15,12.3,20.9,1.6,3.98,open_meteo_era5_trakya_edirne_2022_2023_aa7b8cd4e521
trakya_edirne,2023-04-16,12.0,19.3,0.7,2.47,open_meteo_era5_trakya_edirne_2022_2023_aa7b8cd4e521
trakya_edirne,2023-04-17,9.5,18.2,3.1,2.66,open_meteo_era5_trakya_edirne_2022_2023_aa7b8cd4e521
trakya_edirne,2023-04-18,8.4,15.2,10.2,1.91,open_meteo_era5_trakya_edirne_2022_2023_aa7b8cd4e521
trakya_edirne,2023-04-19,8.9,15.2,0.9,1.9,open_meteo_era5_trakya_edirne_2022_2023_aa7b8cd4e521
trakya_edirne,2023-04-20,7.6,19.0,0.5,3.53,open_meteo_era5_trakya_edirne_2022_2023_aa7b8cd4e521
trakya_edirne,2023-04-21,8.2,20.0,2.6,3.46,open_meteo_era5_trakya_edirne_2022_2023_aa7b8cd4e521
trakya_edirne,2023-04-22,8.0,17.0,8.4,2.44,open_meteo_era5_trakya_edirne_2022_2023_aa7b8cd4e521
trakya_edirne,2023-04-23,6.4,19.0,0.3,3.96,open_meteo_era5_trakya_edirne_2022_2023_aa7b8cd4e521
trakya_edirne,2023-04-24,5.7,20.2,0.0,4.08,open_meteo_era5_trakya_edirne_2022_2023_aa7b8cd4e521
trakya_edirne,2023-04-25,9.8,20.4,5.2,3.32,open_meteo_era5_trakya_edirne_2022_2023_aa7b8cd4e521
trakya_edirne,2023-04-26,10.8,18.1,15.6,3.03,open_meteo_era5_trakya_edirne_2022_2023_aa7b8cd4e521
trakya_edirne,2023-04-27,8.4,15.2,3.7,2.82,open_meteo_era5_trakya_edirne_2022_2023_aa7b8cd4e521
trakya_edirne,2023-04-28,4.5,15.6,0.3,3.32,open_meteo_era5_trakya_edirne_2022_2023_aa7b8cd4e521
trakya_edirne,2023-04-29,4.0,18.5,0.0,3.95,open_meteo_era5_trakya_edirne_2022_2023_aa7b8cd4e521
trakya_edirne,2023-04-30,6.7,20.3,0.4,4.06,open_meteo_era5_trakya_edirne_2022_2023_aa7b8cd4e521
trakya_edirne,2023-05-01,8.5,21.7,2.2,4.13,open_meteo_era5_trakya_edirne_2022_2023_aa7b8cd4e521
trakya_edirne,2023-05-02,6.9,22.3,0.0,5.27,open_meteo_era5_trakya_edirne_2022_2023_aa7b8cd4e521
trakya_edirne,2023-05-03,8.9,18.8,2.9,3.23,open_meteo_era5_trakya_edirne_2022_2023_aa7b8cd4e521
trakya_edirne,2023-05-04,10.9,20.0,6.2,2.84,open_meteo_era5_trakya_edirne_2022_2023_aa7b8cd4e521
trakya_edirne,2023-05-05,12.3,20.2,0.1,3.45,open_meteo_era5_trakya_edirne_2022_2023_aa7b8cd4e521
trakya_edirne,2023-05-06,12.8,21.2,0.5,4.22,open_meteo_era5_trakya_edirne_2022_2023_aa7b8cd4e521
trakya_edirne,2023-05-07,11.0,22.4,0.0,4.6,open_meteo_era5_trakya_edirne_2022_2023_aa7b8cd4e521
trakya_edirne,2023-05-08,8.3,22.6,0.4,4.64,open_meteo_era5_trakya_edirne_2022_2023_aa7b8cd4e521
trakya_edirne,2023-05-09,10.5,17.2,0.0,2.64,open_meteo_era5_trakya_edirne_2022_2023_aa7b8cd4e521
trakya_edirne,2023-05-10,7.6,17.0,0.1,3.1,open_meteo_era5_trakya_edirne_2022_2023_aa7b8cd4e521
trakya_edirne,2023-05-11,7.3,17.5,0.1,3.66,open_meteo_era5_trakya_edirne_2022_2023_aa7b8cd4e521
trakya_edirne,2023-05-12,8.0,18.2,0.0,3.71,open_meteo_era5_trakya_edirne_2022_2023_aa7b8cd4e521
trakya_edirne,2023-05-13,6.0,21.5,0.0,4.61,open_meteo_era5_trakya_edirne_2022_2023_aa7b8cd4e521
trakya_edirne,2023-05-14,8.5,20.1,0.9,3.56,open_meteo_era5_trakya_edirne_2022_2023_aa7b8cd4e521
trakya_edirne,2023-05-15,12.0,25.1,0.0,4.59,open_meteo_era5_trakya_edirne_2022_2023_aa7b8cd4e521
trakya_edirne,2023-05-16,13.3,27.7,0.7,4.46,open_meteo_era5_trakya_edirne_2022_2023_aa7b8cd4e521
trakya_edirne,2023-05-17,13.5,22.5,1.4,3.33,open_meteo_era5_trakya_edirne_2022_2023_aa7b8cd4e521
trakya_edirne,2023-05-18,13.3,18.3,1.7,2.54,open_meteo_era5_trakya_edirne_2022_2023_aa7b8cd4e521
trakya_edirne,2023-05-19,13.8,23.7,0.4,4.73,open_meteo_era5_trakya_edirne_2022_2023_aa7b8cd4e521
trakya_edirne,2023-05-20,14.4,22.7,4.3,4.44,open_meteo_era5_trakya_edirne_2022_2023_aa7b8cd4e521
trakya_edirne,2023-05-21,15.6,23.7,0.2,4.51,open_meteo_era5_trakya_edirne_2022_2023_aa7b8cd4e521
trakya_edirne,2023-05-22,15.1,24.3,0.1,5.31,open_meteo_era5_trakya_edirne_2022_2023_aa7b8cd4e521
trakya_edirne,2023-05-23,13.4,23.2,2.7,3.26,open_meteo_era5_trakya_edirne_2022_2023_aa7b8cd4e521
trakya_edirne,2023-05-24,12.6,24.7,0.6,4.22,open_meteo_era5_trakya_edirne_2022_2023_aa7b8cd4e521
trakya_edirne,2023-05-25,12.1,25.3,2.3,4.26,open_meteo_era5_trakya_edirne_2022_2023_aa7b8cd4e521
trakya_edirne,2023-05-26,15.6,24.5,5.8,4.08,open_meteo_era5_trakya_edirne_2022_2023_aa7b8cd4e521
trakya_edirne,2023-05-27,15.1,23.9,2.5,3.91,open_meteo_era5_trakya_edirne_2022_2023_aa7b8cd4e521
trakya_edirne,2023-05-28,16.7,21.8,1.8,3.29,open_meteo_era5_trakya_edirne_2022_2023_aa7b8cd4e521
trakya_edirne,2023-05-29,17.3,22.7,4.8,3.1,open_meteo_era5_trakya_edirne_2022_2023_aa7b8cd4e521
trakya_edirne,2023-05-30,16.4,24.9,3.6,3.79,open_meteo_era5_trakya_edirne_2022_2023_aa7b8cd4e521
trakya_edirne,2023-05-31,14.6,26.8,0.1,4.98,open_meteo_era5_trakya_edirne_2022_2023_aa7b8cd4e521
trakya_edirne,2023-06-01,12.6,27.6,0.0,5.68,open_meteo_era5_trakya_edirne_2022_2023_aa7b8cd4e521
trakya_edirne,2023-06-02,13.2,28.2,0.0,5.88,open_meteo_era5_trakya_edirne_2022_2023_aa7b8cd4e521
trakya_edirne,2023-06-03,14.4,26.9,0.0,4.86,open_meteo_era5_trakya_edirne_2022_2023_aa7b8cd4e521
trakya_edirne,2023-06-04,13.3,25.0,1.0,4.56,open_meteo_era5_trakya_edirne_2022_2023_aa7b8cd4e521
trakya_edirne,2023-06-05,11.7,27.1,0.0,5.99,open_meteo_era5_trakya_edirne_2022_2023_aa7b8cd4e521
trakya_edirne,2023-06-06,11.9,27.4,0.0,6.03,open_meteo_era5_trakya_edirne_2022_2023_aa7b8cd4e521
trakya_edirne,2023-06-07,13.1,27.2,0.0,5.98,open_meteo_era5_trakya_edirne_2022_2023_aa7b8cd4e521
trakya_edirne,2023-06-08,13.5,28.4,0.0,5.65,open_meteo_era5_trakya_edirne_2022_2023_aa7b8cd4e521
trakya_edirne,2023-06-09,14.5,29.0,0.0,5.78,open_meteo_era5_trakya_edirne_2022_2023_aa7b8cd4e521
trakya_edirne,2023-06-10,14.5,30.0,0.0,5.86,open_meteo_era5_trakya_edirne_2022_2023_aa7b8cd4e521
trakya_edirne,2023-06-11,16.8,29.4,0.0,5.84,open_meteo_era5_trakya_edirne_2022_2023_aa7b8cd4e521
trakya_edirne,2023-06-12,16.3,27.5,0.6,4.78,open_meteo_era5_trakya_edirne_2022_2023_aa7b8cd4e521
trakya_edirne,2023-06-13,15.3,26.4,0.4,3.66,open_meteo_era5_trakya_edirne_2022_2023_aa7b8cd4e521
trakya_edirne,2023-06-14,15.2,28.0,0.0,4.62,open_meteo_era5_trakya_edirne_2022_2023_aa7b8cd4e521
trakya_edirne,2023-06-15,16.1,29.2,0.0,5.28,open_meteo_era5_trakya_edirne_2022_2023_aa7b8cd4e521
trakya_edirne,2023-06-16,17.4,27.6,1.1,4.88,open_meteo_era5_trakya_edirne_2022_2023_aa7b8cd4e521
trakya_edirne,2023-06-17,18.5,25.6,0.8,3.68,open_meteo_era5_trakya_edirne_2022_2023_aa7b8cd4e521
trakya_edirne,2023-06-18,18.0,28.2,1.8,4.87,open_meteo_era5_trakya_edirne_2022_2023_aa7b8cd4e521
trakya_edirne,2023-06-19,17.5,29.4,6.0,5.05,open_meteo_era5_trakya_edirne_2022_2023_aa7b8cd4e521
trakya_edirne,2023-06-20,16.7,28.5,4.8,4.83,open_meteo_era5_trakya_edirne_2022_2023_aa7b8cd4e521
trakya_edirne,2023-06-21,15.8,30.8,0.1,5.29,open_meteo_era5_trakya_edirne_2022_2023_aa7b8cd4e521
trakya_edirne,2023-06-22,18.7,31.7,0.0,5.76,open_meteo_era5_trakya_edirne_2022_2023_aa7b8cd4e521
trakya_edirne,2023-06-23,18.1,33.4,0.0,6.71,open_meteo_era5_trakya_edirne_2022_2023_aa7b8cd4e521
trakya_edirne,2023-06-24,17.0,33.9,0.0,7.0,open_meteo_era5_trakya_edirne_2022_2023_aa7b8cd4e521
trakya_edirne,2023-06-25,15.9,32.7,0.0,7.16,open_meteo_era5_trakya_edirne_2022_2023_aa7b8cd4e521
trakya_edirne,2023-06-26,19.8,26.0,17.0,3.77,open_meteo_era5_trakya_edirne_2022_2023_aa7b8cd4e521
trakya_edirne,2023-06-27,18.5,30.7,0.0,5.98,open_meteo_era5_trakya_edirne_2022_2023_aa7b8cd4e521
trakya_edirne,2023-06-28,18.2,31.8,0.6,5.73,open_meteo_era5_trakya_edirne_2022_2023_aa7b8cd4e521
trakya_edirne,2023-06-29,15.8,26.7,2.3,4.71,open_meteo_era5_trakya_edirne_2022_2023_aa7b8cd4e521
trakya_edirne,2023-06-30,13.9,29.5,0.0,5.62,open_meteo_era5_trakya_edirne_2022_2023_aa7b8cd4e521
trakya_edirne,2023-07-01,15.4,32.8,0.0,6.4,open_meteo_era5_trakya_edirne_2022_2023_aa7b8cd4e521
trakya_edirne,2023-07-02,18.8,32.5,0.3,6.16,open_meteo_era5_trakya_edirne_2022_2023_aa7b8cd4e521
trakya_edirne,2023-07-03,20.5,31.4,0.3,5.63,open_meteo_era5_trakya_edirne_2022_2023_aa7b8cd4e521
trakya_edirne,2023-07-04,19.6,33.3,0.0,5.94,open_meteo_era5_trakya_edirne_2022_2023_aa7b8cd4e521
trakya_edirne,2023-07-05,19.7,33.4,0.0,6.8,open_meteo_era5_trakya_edirne_2022_2023_aa7b8cd4e521
trakya_edirne,2023-07-06,20.2,34.5,0.0,7.03,open_meteo_era5_trakya_edirne_2022_2023_aa7b8cd4e521
trakya_edirne,2023-07-07,21.8,33.2,3.2,6.29,open_meteo_era5_trakya_edirne_2022_2023_aa7b8cd4e521
trakya_edirne,2023-07-08,19.5,28.5,1.1,5.49,open_meteo_era5_trakya_edirne_2022_2023_aa7b8cd4e521
trakya_edirne,2023-07-09,18.5,31.2,0.0,7.48,open_meteo_era5_trakya_edirne_2022_2023_aa7b8cd4e521
trakya_edirne,2023-07-10,17.1,32.5,0.0,6.23,open_meteo_era5_trakya_edirne_2022_2023_aa7b8cd4e521
trakya_edirne,2023-07-11,18.9,34.6,0.0,6.8,open_meteo_era5_trakya_edirne_2022_2023_aa7b8cd4e521
trakya_edirne,2023-07-12,23.4,36.7,0.0,7.43,open_meteo_era5_trakya_edirne_2022_2023_aa7b8cd4e521
trakya_edirne,2023-07-13,22.6,39.3,0.0,6.54,open_meteo_era5_trakya_edirne_2022_2023_aa7b8cd4e521
trakya_edirne,2023-07-14,23.4,37.1,1.3,7.09,open_meteo_era5_trakya_edirne_2022_2023_aa7b8cd4e521
trakya_edirne,2023-07-15,23.4,35.1,0.0,6.76,open_meteo_era5_trakya_edirne_2022_2023_aa7b8cd4e521
trakya_edirne,2023-07-16,21.6,35.3,0.0,7.3,open_meteo_era5_trakya_edirne_2022_2023_aa7b8cd4e521
trakya_edirne,2023-07-17,20.3,36.1,0.0,7.36,open_meteo_era5_trakya_edirne_2022_2023_aa7b8cd4e521
trakya_edirne,2023-07-18,20.8,36.5,0.0,6.85,open_meteo_era5_trakya_edirne_2022_2023_aa7b8cd4e521
trakya_edirne,2023-07-19,23.5,37.2,0.0,7.11,open_meteo_era5_trakya_edirne_2022_2023_aa7b8cd4e521
trakya_edirne,2023-07-20,22.6,37.7,0.2,6.25,open_meteo_era5_trakya_edirne_2022_2023_aa7b8cd4e521
trakya_edirne,2023-07-21,22.1,36.1,0.0,7.0,open_meteo_era5_trakya_edirne_2022_2023_aa7b8cd4e521
trakya_edirne,2023-07-22,22.2,37.9,0.1,6.44,open_meteo_era5_trakya_edirne_2022_2023_aa7b8cd4e521
trakya_edirne,2023-07-23,22.9,37.0,0.0,7.85,open_meteo_era5_trakya_edirne_2022_2023_aa7b8cd4e521
trakya_edirne,2023-07-24,20.8,34.8,0.0,6.46,open_meteo_era5_trakya_edirne_2022_2023_aa7b8cd4e521
trakya_edirne,2023-07-25,21.3,37.4,0.0,7.97,open_meteo_era5_trakya_edirne_2022_2023_aa7b8cd4e521
trakya_edirne,2023-07-26,24.3,39.7,0.0,9.44,open_meteo_era5_trakya_edirne_2022_2023_aa7b8cd4e521
trakya_edirne,2023-07-27,16.5,26.4,3.3,5.16,open_meteo_era5_trakya_edirne_2022_2023_aa7b8cd4e521
trakya_edirne,2023-07-28,14.7,30.4,0.0,5.72,open_meteo_era5_trakya_edirne_2022_2023_aa7b8cd4e521
trakya_edirne,2023-07-29,15.7,33.4,0.0,6.25,open_meteo_era5_trakya_edirne_2022_2023_aa7b8cd4e521
trakya_edirne,2023-07-30,19.5,34.4,0.0,6.63,open_meteo_era5_trakya_edirne_2022_2023_aa7b8cd4e521
trakya_edirne,2023-07-31,19.2,30.9,0.1,5.28,open_meteo_era5_trakya_edirne_2022_2023_aa7b8cd4e521
trakya_edirne,2023-08-01,20.6,32.5,0.0,5.68,open_meteo_era5_trakya_edirne_2022_2023_aa7b8cd4e521
trakya_edirne,2023-08-02,20.6,35.0,0.0,5.23,open_meteo_era5_trakya_edirne_2022_2023_aa7b8cd4e521
trakya_edirne,2023-08-03,22.7,38.4,0.0,6.74,open_meteo_era5_trakya_edirne_2022_2023_aa7b8cd4e521
trakya_edirne,2023-08-04,24.2,39.3,0.0,8.05,open_meteo_era5_trakya_edirne_2022_2023_aa7b8cd4e521
trakya_edirne,2023-08-05,22.2,36.9,0.0,7.05,open_meteo_era5_trakya_edirne_2022_2023_aa7b8cd4e521
trakya_edirne,2023-08-06,21.9,34.4,0.2,6.05,open_meteo_era5_trakya_edirne_2022_2023_aa7b8cd4e521
trakya_edirne,2023-08-07,21.3,33.3,0.0,6.2,open_meteo_era5_trakya_edirne_2022_2023_aa7b8cd4e521
trakya_edirne,2023-08-08,18.8,27.7,0.0,5.22,open_meteo_era5_trakya_edirne_2022_2023_aa7b8cd4e521
trakya_edirne,2023-08-09,17.6,29.7,0.0,6.31,open_meteo_era5_trakya_edirne_2022_2023_aa7b8cd4e521
trakya_edirne,2023-08-10,17.2,29.1,0.1,4.98,open_meteo_era5_trakya_edirne_2022_2023_aa7b8cd4e521
trakya_edirne,2023-08-11,18.2,30.2,0.0,5.61,open_meteo_era5_trakya_edirne_2022_2023_aa7b8cd4e521
trakya_edirne,2023-08-12,18.3,31.5,0.0,6.62,open_meteo_era5_trakya_edirne_2022_2023_aa7b8cd4e521
trakya_edirne,2023-08-13,19.6,29.5,0.0,6.18,open_meteo_era5_trakya_edirne_2022_2023_aa7b8cd4e521
trakya_edirne,2023-08-14,21.9,32.3,0.0,7.14,open_meteo_era5_trakya_edirne_2022_2023_aa7b8cd4e521
trakya_edirne,2023-08-15,23.2,31.5,0.0,5.13,open_meteo_era5_trakya_edirne_2022_2023_aa7b8cd4e521
trakya_edirne,2023-08-16,22.7,32.9,0.0,5.63,open_meteo_era5_trakya_edirne_2022_2023_aa7b8cd4e521
trakya_edirne,2023-08-17,23.0,34.7,0.0,7.19,open_meteo_era5_trakya_edirne_2022_2023_aa7b8cd4e521
trakya_edirne,2023-08-18,23.3,34.0,0.0,6.95,open_meteo_era5_trakya_edirne_2022_2023_aa7b8cd4e521
trakya_edirne,2023-08-19,23.2,33.8,0.0,7.2,open_meteo_era5_trakya_edirne_2022_2023_aa7b8cd4e521
trakya_edirne,2023-08-20,22.7,35.8,0.0,8.08,open_meteo_era5_trakya_edirne_2022_2023_aa7b8cd4e521
trakya_edirne,2023-08-21,23.4,38.0,0.0,9.03,open_meteo_era5_trakya_edirne_2022_2023_aa7b8cd4e521
trakya_edirne,2023-08-22,23.4,37.3,0.0,7.69,open_meteo_era5_trakya_edirne_2022_2023_aa7b8cd4e521
trakya_edirne,2023-08-23,22.4,36.8,0.0,6.81,open_meteo_era5_trakya_edirne_2022_2023_aa7b8cd4e521
trakya_edirne,2023-08-24,22.3,36.2,0.5,5.74,open_meteo_era5_trakya_edirne_2022_2023_aa7b8cd4e521
trakya_edirne,2023-08-25,21.8,36.1,0.0,6.0,open_meteo_era5_trakya_edirne_2022_2023_aa7b8cd4e521
trakya_edirne,2023-08-26,21.5,35.7,0.0,6.53,open_meteo_era5_trakya_edirne_2022_2023_aa7b8cd4e521
trakya_edirne,2023-08-27,20.2,33.2,0.0,5.97,open_meteo_era5_trakya_edirne_2022_2023_aa7b8cd4e521
trakya_edirne,2023-08-28,18.3,34.1,0.0,5.6,open_meteo_era5_trakya_edirne_2022_2023_aa7b8cd4e521
trakya_edirne,2023-08-29,19.3,35.2,0.0,6.26,open_meteo_era5_trakya_edirne_2022_2023_aa7b8cd4e521
trakya_edirne,2023-08-30,21.1,34.3,0.0,5.47,open_meteo_era5_trakya_edirne_2022_2023_aa7b8cd4e521
trakya_edirne,2023-08-31,19.9,32.4,0.8,4.24,open_meteo_era5_trakya_edirne_2022_2023_aa7b8cd4e521
trakya_edirne,2023-09-01,20.4,32.5,0.0,5.41,open_meteo_era5_trakya_edirne_2022_2023_aa7b8cd4e521
trakya_edirne,2023-09-02,20.3,32.2,0.1,5.5,open_meteo_era5_trakya_edirne_2022_2023_aa7b8cd4e521
trakya_edirne,2023-09-03,19.1,31.4,0.0,5.17,open_meteo_era5_trakya_edirne_2022_2023_aa7b8cd4e521
trakya_edirne,2023-09-04,17.8,27.9,3.7,4.49,open_meteo_era5_trakya_edirne_2022_2023_aa7b8cd4e521
trakya_edirne,2023-09-05,20.3,24.6,2.4,3.47,open_meteo_era5_trakya_edirne_2022_2023_aa7b8cd4e521
trakya_edirne,2023-09-06,21.5,28.6,0.1,4.65,open_meteo_era5_trakya_edirne_2022_2023_aa7b8cd4e521
trakya_edirne,2023-09-07,21.0,30.3,0.0,5.29,open_meteo_era5_trakya_edirne_2022_2023_aa7b8cd4e521
trakya_edirne,2023-09-08,18.7,29.3,0.0,5.08,open_meteo_era5_trakya_edirne_2022_2023_aa7b8cd4e521
trakya_edirne,2023-09-09,16.7,29.2,0.0,5.63,open_meteo_era5_trakya_edirne_2022_2023_aa7b8cd4e521
trakya_edirne,2023-09-10,15.8,27.3,0.0,4.95,open_meteo_era5_trakya_edirne_2022_2023_aa7b8cd4e521
trakya_edirne,2023-09-11,14.8,27.6,0.0,4.98,open_meteo_era5_trakya_edirne_2022_2023_aa7b8cd4e521
trakya_edirne,2023-09-12,13.2,29.5,0.0,4.79,open_meteo_era5_trakya_edirne_2022_2023_aa7b8cd4e521
trakya_edirne,2023-09-13,14.1,30.5,0.0,4.37,open_meteo_era5_trakya_edirne_2022_2023_aa7b8cd4e521
trakya_edirne,2023-09-14,14.3,31.4,0.0,4.62,open_meteo_era5_trakya_edirne_2022_2023_aa7b8cd4e521
trakya_edirne,2023-09-15,16.5,31.5,0.0,4.47,open_meteo_era5_trakya_edirne_2022_2023_aa7b8cd4e521
trakya_edirne,2023-09-16,17.9,30.0,0.0,4.43,open_meteo_era5_trakya_edirne_2022_2023_aa7b8cd4e521
trakya_edirne,2023-09-17,18.2,29.1,0.3,4.13,open_meteo_era5_trakya_edirne_2022_2023_aa7b8cd4e521
trakya_edirne,2023-09-18,16.6,26.6,0.0,4.02,open_meteo_era5_trakya_edirne_2022_2023_aa7b8cd4e521
trakya_edirne,2023-09-19,14.9,29.0,0.0,4.36,open_meteo_era5_trakya_edirne_2022_2023_aa7b8cd4e521
trakya_edirne,2023-09-20,14.4,29.8,0.0,4.13,open_meteo_era5_trakya_edirne_2022_2023_aa7b8cd4e521
trakya_edirne,2023-09-21,14.5,29.7,0.0,4.08,open_meteo_era5_trakya_edirne_2022_2023_aa7b8cd4e521
trakya_edirne,2023-09-22,16.7,32.5,0.0,4.62,open_meteo_era5_trakya_edirne_2022_2023_aa7b8cd4e521
trakya_edirne,2023-09-23,18.1,34.6,0.0,4.98,open_meteo_era5_trakya_edirne_2022_2023_aa7b8cd4e521
trakya_edirne,2023-09-24,19.8,34.5,0.0,5.4,open_meteo_era5_trakya_edirne_2022_2023_aa7b8cd4e521
trakya_edirne,2023-09-25,19.3,29.2,0.0,4.28,open_meteo_era5_trakya_edirne_2022_2023_aa7b8cd4e521
trakya_edirne,2023-09-26,20.2,29.2,0.2,4.85,open_meteo_era5_trakya_edirne_2022_2023_aa7b8cd4e521
trakya_edirne,2023-09-27,19.6,28.6,0.1,4.69,open_meteo_era5_trakya_edirne_2022_2023_aa7b8cd4e521
trakya_edirne,2023-09-28,19.0,24.9,0.9,2.18,open_meteo_era5_trakya_edirne_2022_2023_aa7b8cd4e521
trakya_edirne,2023-09-29,17.3,27.1,0.0,3.93,open_meteo_era5_trakya_edirne_2022_2023_aa7b8cd4e521
trakya_edirne,2023-09-30,16.7,29.3,0.0,5.25,open_meteo_era5_trakya_edirne_2022_2023_aa7b8cd4e521
trakya_edirne,2023-10-01,16.7,28.1,0.0,5.46,open_meteo_era5_trakya_edirne_2022_2023_aa7b8cd4e521
trakya_edirne,2023-10-02,15.0,24.9,0.0,4.06,open_meteo_era5_trakya_edirne_2022_2023_aa7b8cd4e521
trakya_edirne,2023-10-03,12.0,25.4,0.0,4.09,open_meteo_era5_trakya_edirne_2022_2023_aa7b8cd4e521
trakya_edirne,2023-10-04,9.3,26.1,0.0,3.16,open_meteo_era5_trakya_edirne_2022_2023_aa7b8cd4e521
trakya_edirne,2023-10-05,11.7,26.4,0.0,3.09,open_meteo_era5_trakya_edirne_2022_2023_aa7b8cd4e521
trakya_edirne,2023-10-06,11.3,27.3,1.0,3.35,open_meteo_era5_trakya_edirne_2022_2023_aa7b8cd4e521
trakya_edirne,2023-10-07,12.6,26.5,0.0,3.19,open_meteo_era5_trakya_edirne_2022_2023_aa7b8cd4e521
trakya_edirne,2023-10-08,10.0,29.3,0.0,4.6,open_meteo_era5_trakya_edirne_2022_2023_aa7b8cd4e521
trakya_edirne,2023-10-09,10.0,19.2,0.0,2.2,open_meteo_era5_trakya_edirne_2022_2023_aa7b8cd4e521
trakya_edirne,2023-10-10,10.0,23.6,0.0,2.61,open_meteo_era5_trakya_edirne_2022_2023_aa7b8cd4e521
trakya_edirne,2023-10-11,10.4,22.4,0.0,3.52,open_meteo_era5_trakya_edirne_2022_2023_aa7b8cd4e521
trakya_edirne,2023-10-12,7.9,23.9,0.0,2.91,open_meteo_era5_trakya_edirne_2022_2023_aa7b8cd4e521
trakya_edirne,2023-10-13,9.9,26.2,0.0,2.87,open_meteo_era5_trakya_edirne_2022_2023_aa7b8cd4e521
trakya_edirne,2023-10-14,12.1,27.4,0.0,3.06,open_meteo_era5_trakya_edirne_2022_2023_aa7b8cd4e521
trakya_edirne,2023-10-15,10.7,27.1,0.0,3.0,open_meteo_era5_trakya_edirne_2022_2023_aa7b8cd4e521
trakya_edirne,2023-10-16,7.3,16.6,1.2,1.89,open_meteo_era5_trakya_edirne_2022_2023_aa7b8cd4e521
trakya_edirne,2023-10-17,5.1,19.8,0.6,2.62,open_meteo_era5_trakya_edirne_2022_2023_aa7b8cd4e521
trakya_edirne,2023-10-18,9.8,17.5,1.2,1.43,open_meteo_era5_trakya_edirne_2022_2023_aa7b8cd4e521
trakya_edirne,2023-10-19,7.3,21.6,0.0,2.56,open_meteo_era5_trakya_edirne_2022_2023_aa7b8cd4e521
trakya_edirne,2023-10-20,11.4,26.0,0.0,2.94,open_meteo_era5_trakya_edirne_2022_2023_aa7b8cd4e521
trakya_edirne,2023-10-21,15.1,29.6,0.0,3.21,open_meteo_era5_trakya_edirne_2022_2023_aa7b8cd4e521
trakya_edirne,2023-10-22,15.1,27.5,0.0,2.68,open_meteo_era5_trakya_edirne_2022_2023_aa7b8cd4e521
trakya_edirne,2023-10-23,13.2,27.5,0.0,2.24,open_meteo_era5_trakya_edirne_2022_2023_aa7b8cd4e521
trakya_edirne,2023-10-24,13.1,27.1,0.0,2.53,open_meteo_era5_trakya_edirne_2022_2023_aa7b8cd4e521
trakya_edirne,2023-10-25,14.7,24.9,0.0,2.28,open_meteo_era5_trakya_edirne_2022_2023_aa7b8cd4e521
trakya_edirne,2023-10-26,16.3,25.7,0.1,2.79,open_meteo_era5_trakya_edirne_2022_2023_aa7b8cd4e521
trakya_edirne,2023-10-27,15.7,26.1,0.0,2.99,open_meteo_era5_trakya_edirne_2022_2023_aa7b8cd4e521
trakya_edirne,2023-10-28,16.5,28.6,0.0,2.9,open_meteo_era5_trakya_edirne_2022_2023_aa7b8cd4e521
trakya_edirne,2023-10-29,14.3,26.7,0.1,2.41,open_meteo_era5_trakya_edirne_2022_2023_aa7b8cd4e521
trakya_edirne,2023-10-30,11.7,26.9,0.0,2.62,open_meteo_era5_trakya_edirne_2022_2023_aa7b8cd4e521
trakya_edirne,2023-10-31,11.5,25.2,0.0,2.61,open_meteo_era5_trakya_edirne_2022_2023_aa7b8cd4e521
trakya_edirne,2023-11-01,15.2,25.3,0.0,2.18,open_meteo_era5_trakya_edirne_2022_2023_aa7b8cd4e521
trakya_edirne,2023-11-02,12.0,18.5,4.6,0.88,open_meteo_era5_trakya_edirne_2022_2023_aa7b8cd4e521
trakya_edirne,2023-11-03,11.5,23.4,0.0,1.9,open_meteo_era5_trakya_edirne_2022_2023_aa7b8cd4e521
trakya_edirne,2023-11-04,12.7,25.4,8.4,2.65,open_meteo_era5_trakya_edirne_2022_2023_aa7b8cd4e521
trakya_edirne,2023-11-05,9.9,22.6,0.0,2.9,open_meteo_era5_trakya_edirne_2022_2023_aa7b8cd4e521
trakya_edirne,2023-11-06,13.9,26.0,0.0,2.44,open_meteo_era5_trakya_edirne_2022_2023_aa7b8cd4e521
trakya_edirne,2023-11-07,11.3,23.6,0.0,2.04,open_meteo_era5_trakya_edirne_2022_2023_aa7b8cd4e521
trakya_edirne,2023-11-08,12.0,24.1,0.4,1.91,open_meteo_era5_trakya_edirne_2022_2023_aa7b8cd4e521
trakya_edirne,2023-11-09,6.0,17.7,0.1,2.04,open_meteo_era5_trakya_edirne_2022_2023_aa7b8cd4e521
trakya_edirne,2023-11-10,3.8,17.3,0.6,1.3,open_meteo_era5_trakya_edirne_2022_2023_aa7b8cd4e521
trakya_edirne,2023-11-11,11.1,19.1,5.2,1.6,open_meteo_era5_trakya_edirne_2022_2023_aa7b8cd4e521
trakya_edirne,2023-11-12,7.4,18.7,0.3,1.77,open_meteo_era5_trakya_edirne_2022_2023_aa7b8cd4e521
trakya_edirne,2023-11-13,4.7,12.7,9.5,0.54,open_meteo_era5_trakya_edirne_2022_2023_aa7b8cd4e521
trakya_edirne,2023-11-14,3.4,19.5,0.0,1.52,open_meteo_era5_trakya_edirne_2022_2023_aa7b8cd4e521
trakya_edirne,2023-11-15,10.0,22.4,0.7,1.79,open_meteo_era5_trakya_edirne_2022_2023_aa7b8cd4e521
trakya_edirne,2023-11-16,4.4,18.4,3.0,1.98,open_meteo_era5_trakya_edirne_2022_2023_aa7b8cd4e521
trakya_edirne,2023-11-17,4.9,17.8,3.6,1.57,open_meteo_era5_trakya_edirne_2022_2023_aa7b8cd4e521
trakya_edirne,2023-11-18,6.0,12.2,21.9,1.31,open_meteo_era5_trakya_edirne_2022_2023_aa7b8cd4e521
trakya_edirne,2023-11-19,3.7,10.9,1.8,1.79,open_meteo_era5_trakya_edirne_2022_2023_aa7b8cd4e521
trakya_edirne,2023-11-20,2.6,16.3,0.0,1.25,open_meteo_era5_trakya_edirne_2022_2023_aa7b8cd4e521
trakya_edirne,2023-11-21,4.7,17.1,0.1,1.4,open_meteo_era5_trakya_edirne_2022_2023_aa7b8cd4e521
trakya_edirne,2023-11-22,11.3,17.4,12.3,0.83,open_meteo_era5_trakya_edirne_2022_2023_aa7b8cd4e521
trakya_edirne,2023-11-23,9.1,11.5,0.3,0.58,open_meteo_era5_trakya_edirne_2022_2023_aa7b8cd4e521
trakya_edirne,2023-11-24,8.3,18.4,0.0,1.42,open_meteo_era5_trakya_edirne_2022_2023_aa7b8cd4e521
trakya_edirne,2023-11-25,4.3,16.3,32.8,0.87,open_meteo_era5_trakya_edirne_2022_2023_aa7b8cd4e521
trakya_edirne,2023-11-26,1.4,5.5,13.0,1.05,open_meteo_era5_trakya_edirne_2022_2023_aa7b8cd4e521
trakya_edirne,2023-11-27,0.6,7.6,0.0,1.6,open_meteo_era5_trakya_edirne_2022_2023_aa7b8cd4e521
trakya_edirne,2023-11-28,0.5,15.2,7.1,0.86,open_meteo_era5_trakya_edirne_2022_2023_aa7b8cd4e521
trakya_edirne,2023-11-29,8.3,15.3,3.8,1.41,open_meteo_era5_trakya_edirne_2022_2023_aa7b8cd4e521
trakya_edirne,2023-11-30,5.1,11.7,0.0,1.04,open_meteo_era5_trakya_edirne_2022_2023_aa7b8cd4e521
trakya_edirne,2023-12-01,7.6,17.8,0.0,1.4,open_meteo_era5_trakya_edirne_2022_2023_aa7b8cd4e521
trakya_edirne,2023-12-02,14.7,20.1,0.0,1.92,open_meteo_era5_trakya_edirne_2022_2023_aa7b8cd4e521
trakya_edirne,2023-12-03,8.1,21.4,8.3,1.84,open_meteo_era5_trakya_edirne_2022_2023_aa7b8cd4e521
trakya_edirne,2023-12-04,3.3,7.5,5.7,0.56,open_meteo_era5_trakya_edirne_2022_2023_aa7b8cd4e521
trakya_edirne,2023-12-05,4.2,9.6,0.0,0.41,open_meteo_era5_trakya_edirne_2022_2023_aa7b8cd4e521
trakya_edirne,2023-12-06,7.0,10.0,1.0,0.6,open_meteo_era5_trakya_edirne_2022_2023_aa7b8cd4e521
trakya_edirne,2023-12-07,5.1,9.3,1.1,0.61,open_meteo_era5_trakya_edirne_2022_2023_aa7b8cd4e521
trakya_edirne,2023-12-08,2.3,5.1,1.7,0.92,open_meteo_era5_trakya_edirne_2022_2023_aa7b8cd4e521
trakya_edirne,2023-12-09,-0.2,5.5,0.7,0.83,open_meteo_era5_trakya_edirne_2022_2023_aa7b8cd4e521
trakya_edirne,2023-12-10,-1.7,7.4,0.0,0.56,open_meteo_era5_trakya_edirne_2022_2023_aa7b8cd4e521
trakya_edirne,2023-12-11,2.1,9.2,0.0,0.85,open_meteo_era5_trakya_edirne_2022_2023_aa7b8cd4e521
trakya_edirne,2023-12-12,2.0,11.6,0.0,0.81,open_meteo_era5_trakya_edirne_2022_2023_aa7b8cd4e521
trakya_edirne,2023-12-13,1.8,13.4,0.0,0.79,open_meteo_era5_trakya_edirne_2022_2023_aa7b8cd4e521
trakya_edirne,2023-12-14,11.3,17.5,0.0,0.92,open_meteo_era5_trakya_edirne_2022_2023_aa7b8cd4e521
trakya_edirne,2023-12-15,3.5,12.9,11.0,0.55,open_meteo_era5_trakya_edirne_2022_2023_aa7b8cd4e521
trakya_edirne,2023-12-16,2.6,3.5,17.1,0.54,open_meteo_era5_trakya_edirne_2022_2023_aa7b8cd4e521
trakya_edirne,2023-12-17,-0.7,7.5,0.0,0.94,open_meteo_era5_trakya_edirne_2022_2023_aa7b8cd4e521
trakya_edirne,2023-12-18,-1.8,10.0,0.0,0.88,open_meteo_era5_trakya_edirne_2022_2023_aa7b8cd4e521
trakya_edirne,2023-12-19,-0.2,12.3,0.0,0.9,open_meteo_era5_trakya_edirne_2022_2023_aa7b8cd4e521
trakya_edirne,2023-12-20,0.2,11.4,0.0,0.88,open_meteo_era5_trakya_edirne_2022_2023_aa7b8cd4e521
trakya_edirne,2023-12-21,2.5,12.2,0.0,0.92,open_meteo_era5_trakya_edirne_2022_2023_aa7b8cd4e521
trakya_edirne,2023-12-22,1.0,8.8,0.8,0.64,open_meteo_era5_trakya_edirne_2022_2023_aa7b8cd4e521
trakya_edirne,2023-12-23,1.7,14.5,0.2,1.62,open_meteo_era5_trakya_edirne_2022_2023_aa7b8cd4e521
trakya_edirne,2023-12-24,4.2,16.8,0.0,1.81,open_meteo_era5_trakya_edirne_2022_2023_aa7b8cd4e521
trakya_edirne,2023-12-25,3.7,18.6,0.0,1.24,open_meteo_era5_trakya_edirne_2022_2023_aa7b8cd4e521
trakya_edirne,2023-12-26,6.6,19.2,0.0,1.25,open_meteo_era5_trakya_edirne_2022_2023_aa7b8cd4e521
trakya_edirne,2023-12-27,5.8,17.3,0.0,1.27,open_meteo_era5_trakya_edirne_2022_2023_aa7b8cd4e521
trakya_edirne,2023-12-28,2.9,14.9,0.0,1.16,open_meteo_era5_trakya_edirne_2022_2023_aa7b8cd4e521
trakya_edirne,2023-12-29,2.0,12.6,0.0,0.89,open_meteo_era5_trakya_edirne_2022_2023_aa7b8cd4e521
trakya_edirne,2023-12-30,4.9,11.1,0.1,0.47,open_meteo_era5_trakya_edirne_2022_2023_aa7b8cd4e521
trakya_edirne,2023-12-31,4.3,12.9,0.0,0.92,open_meteo_era5_trakya_edirne_2022_2023_aa7b8cd4e521
longyearbyen,2022-01-01,-16.8,-14.4,0.0,0.15,open_meteo_era5_longyearbyen_2022_2023
longyearbyen,2022-01-02,-14.8,-13.3,1.3,0.2,open_meteo_era5_longyearbyen_2022_2023
longyearbyen,2022-01-03,-17.5,-13.7,0.2,0.22,open_meteo_era5_longyearbyen_2022_2023
longyearbyen,2022-01-04,-20.6,-18.0,0.0,0.05,open_meteo_era5_longyearbyen_2022_2023
longyearbyen,2022-01-05,-20.1,-14.6,0.0,0.06,open_meteo_era5_longyearbyen_2022_2023
longyearbyen,2022-01-06,-15.9,-9.7,7.1,0.12,open_meteo_era5_longyearbyen_2022_2023
longyearbyen,2022-01-07,-19.6,-10.6,0.9,0.1,open_meteo_era5_longyearbyen_2022_2023
longyearbyen,2022-01-08,-20.1,-14.3,1.5,0.09,open_meteo_era5_longyearbyen_2022_2023
longyearbyen,2022-01-09,-13.8,-4.0,6.4,0.07,open_meteo_era5_longyearbyen_2022_2023
longyearbyen,2022-01-10,-10.0,-6.3,0.6,0.05,open_meteo_era5_longyearbyen_2022_2023
longyearbyen,2022-01-11,-9.0,-2.9,3.8,0.17,open_meteo_era5_longyearbyen_2022_2023
longyearbyen,2022-01-12,-3.7,-1.5,2.0,0.17,open_meteo_era5_longyearbyen_2022_2023
longyearbyen,2022-01-13,-9.4,-1.2,4.2,0.31,open_meteo_era5_longyearbyen_2022_2023
longyearbyen,2022-01-14,-16.0,-9.5,2.2,0.25,open_meteo_era5_longyearbyen_2022_2023
longyearbyen,2022-01-15,-17.3,-15.2,0.0,0.17,open_meteo_era5_longyearbyen_2022_2023
longyearbyen,2022-01-16,-15.3,-14.3,0.2,0.1,open_meteo_era5_longyearbyen_2022_2023
longyearbyen,2022-01-17,-16.6,-14.3,0.0,0.1,open_meteo_era5_longyearbyen_2022_2023
longyearbyen,2022-01-18,-20.1,-12.4,1.7,0.17,open_meteo_era5_longyearbyen_2022_2023
longyearbyen,2022-01-19,-13.6,-10.1,1.0,0.3,open_meteo_era5_longyearbyen_2022_2023
longyearbyen,2022-01-20,-15.4,-8.6,0.0,0.1,open_meteo_era5_longyearbyen_2022_2023
longyearbyen,2022-01-21,-17.8,-6.9,2.8,0.14,open_meteo_era5_longyearbyen_2022_2023
longyearbyen,2022-01-22,-6.2,-1.5,7.7,0.19,open_meteo_era5_longyearbyen_2022_2023
longyearbyen,2022-01-23,-10.8,-4.2,1.9,0.09,open_meteo_era5_longyearbyen_2022_2023
longyearbyen,2022-01-24,-12.9,-6.6,0.8,0.13,open_meteo_era5_longyearbyen_2022_2023
longyearbyen,2022-01-25,-10.3,-6.7,0.6,0.4,open_meteo_era5_longyearbyen_2022_2023
longyearbyen,2022-01-26,-15.4,-10.5,0.0,0.28,open_meteo_era5_longyearbyen_2022_2023
longyearbyen,2022-01-27,-15.4,-14.0,0.0,0.09,open_meteo_era5_longyearbyen_2022_2023
longyearbyen,2022-01-28,-18.2,-15.5,0.0,0.08,open_meteo_era5_longyearbyen_2022_2023
longyearbyen,2022-01-29,-17.3,-15.5,0.0,0.1,open_meteo_era5_longyearbyen_2022_2023
longyearbyen,2022-01-30,-18.4,-16.2,0.0,0.09,open_meteo_era5_longyearbyen_2022_2023
longyearbyen,2022-01-31,-16.2,-14.3,1.0,0.16,open_meteo_era5_longyearbyen_2022_2023
longyearbyen,2022-02-01,-14.7,-9.8,1.3,0.15,open_meteo_era5_longyearbyen_2022_2023
longyearbyen,2022-02-02,-12.1,-8.2,0.8,0.11,open_meteo_era5_longyearbyen_2022_2023
longyearbyen,2022-02-03,-14.5,-12.0,0.0,0.17,open_meteo_era5_longyearbyen_2022_2023
longyearbyen,2022-02-04,-13.2,-10.8,0.0,0.14,open_meteo_era5_longyearbyen_2022_2023
longyearbyen,2022-02-05,-14.1,-11.5,0.0,0.27,open_meteo_era5_longyearbyen_2022_2023
longyearbyen,2022-02-06,-13.6,-9.2,0.2,0.33,open_meteo_era5_longyearbyen_2022_2023
longyearbyen,2022-02-07,-9.3,-7.7,4.6,0.12,open_meteo_era5_longyearbyen_2022_2023
longyearbyen,2022-02-08,-10.3,-7.6,4.8,0.11,open_meteo_era5_longyearbyen_2022_2023
longyearbyen,2022-02-09,-15.3,-9.5,0.4,0.06,open_meteo_era5_longyearbyen_2022_2023
longyearbyen,2022-02-10,-8.8,-5.8,2.6,0.09,open_meteo_era5_longyearbyen_2022_2023
longyearbyen,2022-02-11,-7.6,-6.6,1.9,0.03,open_meteo_era5_longyearbyen_2022_2023
longyearbyen,2022-02-12,-11.5,-7.2,0.6,0.04,open_meteo_era5_longyearbyen_2022_2023
longyearbyen,2022-02-13,-11.2,-10.0,0.5,0.02,open_meteo_era5_longyearbyen_2022_2023
longyearbyen,2022-02-14,-13.6,-11.0,0.0,0.0,open_meteo_era5_longyearbyen_2022_2023
longyearbyen,2022-02-15,-15.6,-8.2,0.3,0.05,open_meteo_era5_longyearbyen_2022_2023
longyearbyen,2022-02-16,-15.5,-8.3,0.0,0.03,open_meteo_era5_longyearbyen_2022_2023
longyearbyen,2022-02-17,-16.5,-12.1,0.0,0.11,open_meteo_era5_longyearbyen_2022_2023
longyearbyen,2022-02-18,-15.8,-13.4,0.0,0.14,open_meteo_era5_longyearbyen_2022_2023
longyearbyen,2022-02-19,-19.6,-15.7,0.0,0.08,open_meteo_era5_longyearbyen_2022_2023
longyearbyen,2022-02-20,-20.7,-19.2,0.0,0.04,open_meteo_era5_longyearbyen_2022_2023
longyearbyen,2022-02-21,-22.6,-19.6,0.0,0.05,open_meteo_era5_longyearbyen_2022_2023
longyearbyen,2022-02-22,-21.1,-18.5,0.0,0.04,open_meteo_era5_longyearbyen_2022_2023
longyearbyen,2022-02-23,-25.2,-19.2,0.0,0.05,open_meteo_era5_longyearbyen_2022_2023
longyearbyen,2022-02-24,-26.3,-24.8,0.0,0.04,open_meteo_era5_longyearbyen_2022_2023
longyearbyen,2022-02-25,-25.1,-20.6,0.2,0.07,open_meteo_era5_longyearbyen_2022_2023
longyearbyen,2022-02-26,-19.9,-14.1,2.4,0.21,open_meteo_era5_longyearbyen_2022_2023
longyearbyen,2022-02-27,-19.0,-13.6,0.6,0.12,open_meteo_era5_longyearbyen_2022_2023
longyearbyen,2022-02-28,-17.8,-13.3,0.0,0.06,open_meteo_era5_longyearbyen_2022_2023
longyearbyen,2022-03-01,-21.0,-15.5,0.0,0.08,open_meteo_era5_longyearbyen_2022_2023
longyearbyen,2022-03-02,-15.3,-12.6,4.3,0.08,open_meteo_era5_longyearbyen_2022_2023
longyearbyen,2022-03-03,-14.0,-12.8,10.4,0.08,open_meteo_era5_longyearbyen_2022_2023
longyearbyen,2022-03-04,-13.3,-10.8,1.4,0.09,open_meteo_era5_longyearbyen_2022_2023
longyearbyen,2022-03-05,-10.7,-7.0,0.0,0.18,open_meteo_era5_longyearbyen_2022_2023
longyearbyen,2022-03-06,-7.5,-5.6,0.0,0.08,open_meteo_era5_longyearbyen_2022_2023
longyearbyen,2022-03-07,-5.0,-2.7,2.8,0.26,open_meteo_era5_longyearbyen_2022_2023
longyearbyen,2022-03-08,-7.4,-3.7,0.7,0.08,open_meteo_era5_longyearbyen_2022_2023
longyearbyen,2022-03-09,-6.7,-3.5,5.9,0.14,open_meteo_era5_longyearbyen_2022_2023
longyearbyen,2022-03-10,-6.8,-2.9,4.6,0.14,open_meteo_era5_longyearbyen_2022_2023
longyearbyen,2022-03-11,-12.0,-7.0,0.0,0.3,open_meteo_era5_longyearbyen_2022_2023
longyearbyen,2022-03-12,-13.6,-8.5,1.3,0.16,open_meteo_era5_longyearbyen_2022_2023
longyearbyen,2022-03-13,-10.5,-4.7,0.2,0.11,open_meteo_era5_longyearbyen_2022_2023
longyearbyen,2022-03-14,-4.0,-0.3,6.0,0.36,open_meteo_era5_longyearbyen_2022_2023
longyearbyen,2022-03-15,-3.7,2.0,5.7,0.34,open_meteo_era5_longyearbyen_2022_2023
longyearbyen,2022-03-16,-1.0,2.4,9.6,0.41,open_meteo_era5_longyearbyen_2022_2023
longyearbyen,2022-03-17,-3.1,-0.5,9.1,0.45,open_meteo_era5_longyearbyen_2022_2023
longyearbyen,2022-03-18,-7.0,-3.2,1.9,0.49,open_meteo_era5_longyearbyen_2022_2023
longyearbyen,2022-03-19,-9.3,-3.5,2.4,0.25,open_meteo_era5_longyearbyen_2022_2023
longyearbyen,2022-03-20,-8.8,-6.6,1.1,0.32,open_meteo_era5_longyearbyen_2022_2023
longyearbyen,2022-03-21,-7.2,-4.7,12.2,0.46,open_meteo_era5_longyearbyen_2022_2023
longyearbyen,2022-03-22,-13.3,-6.9,1.3,0.34,open_meteo_era5_longyearbyen_2022_2023
longyearbyen,2022-03-23,-19.9,-14.2,0.0,0.19,open_meteo_era5_longyearbyen_2022_2023
longyearbyen,2022-03-24,-19.9,-18.0,0.0,0.2,open_meteo_era5_longyearbyen_2022_2023
longyearbyen,2022-03-25,-19.6,-18.6,0.0,0.22,open_meteo_era5_longyearbyen_2022_2023
longyearbyen,2022-03-26,-19.5,-17.2,0.0,0.24,open_meteo_era5_longyearbyen_2022_2023
longyearbyen,2022-03-27,-20.3,-15.1,0.0,0.23,open_meteo_era5_longyearbyen_2022_2023
longyearbyen,2022-03-28,-16.9,-12.9,0.0,0.32,open_meteo_era5_longyearbyen_2022_2023
longyearbyen,2022-03-29,-15.3,-11.1,0.0,0.41,open_meteo_era5_longyearbyen_2022_2023
longyearbyen,2022-03-30,-14.9,-12.0,0.0,0.37,open_meteo_era5_longyearbyen_2022_2023
longyearbyen,2022-03-31,-15.2,-13.3,0.2,0.26,open_meteo_era5_longyearbyen_2022_2023
longyearbyen,2022-04-01,-18.8,-15.2,0.0,0.28,open_meteo_era5_longyearbyen_2022_2023
longyearbyen,2022-04-02,-19.8,-16.3,0.0,0.28,open_meteo_era5_longyearbyen_2022_2023
longyearbyen,2022-04-03,-16.8,-14.8,0.0,0.38,open_meteo_era5_longyearbyen_2022_2023
longyearbyen,2022-04-04,-16.4,-13.6,0.0,0.44,open_meteo_era5_longyearbyen_2022_2023
longyearbyen,2022-04-05,-16.2,-12.5,0.0,0.44,open_meteo_era5_longyearbyen_2022_2023
longyearbyen,2022-04-06,-17.0,-12.8,0.0,0.38,open_meteo_era5_longyearbyen_2022_2023
longyearbyen,2022-04-07,-15.8,-12.5,0.0,0.39,open_meteo_era5_longyearbyen_2022_2023
longyearbyen,2022-04-08,-17.1,-13.1,0.0,0.38,open_meteo_era5_longyearbyen_2022_2023
longyearbyen,2022-04-09,-14.4,-7.7,0.3,0.51,open_meteo_era5_longyearbyen_2022_2023
longyearbyen,2022-04-10,-13.7,-10.0,0.0,0.61,open_meteo_era5_longyearbyen_2022_2023
longyearbyen,2022-04-11,-15.4,-13.4,0.0,0.51,open_meteo_era5_longyearbyen_2022_2023
longyearbyen,2022-04-12,-15.7,-8.6,0.2,0.51,open_meteo_era5_longyearbyen_2022_2023
longyearbyen,2022-04-13,-9.4,-5.6,1.1,0.62,open_meteo_era5_longyearbyen_2022_2023
longyearbyen,2022-04-14,-11.1,-7.5,0.0,0.57,open_meteo_era5_longyearbyen_2022_2023
longyearbyen,2022-04-15,-11.2,-4.5,2.1,0.48,open_meteo_era5_longyearbyen_2022_2023
longyearbyen,2022-04-16,-7.9,-1.1,6.5,0.51,open_meteo_era5_longyearbyen_2022_2023
longyearbyen,2022-04-17,-8.8,-7.1,3.3,0.58,open_meteo_era5_longyearbyen_2022_2023
longyearbyen,2022-04-18,-11.0,-6.5,2.0,0.75,open_meteo_era5_longyearbyen_2022_2023
longyearbyen,2022-04-19,-11.5,-6.7,1.1,0.46,open_meteo_era5_longyearbyen_2022_2023
longyearbyen,2022-04-20,-8.5,-5.1,2.2,0.55,open_meteo_era5_longyearbyen_2022_2023
longyearbyen,2022-04-21,-5.4,-3.4,0.5,0.78,open_meteo_era5_longyearbyen_2022_2023
longyearbyen,2022-04-22,-7.5,-2.2,0.5,0.71,open_meteo_era5_longyearbyen_2022_2023
longyearbyen,2022-04-23,-8.4,-5.2,0.6,0.83,open_meteo_era5_longyearbyen_2022_2023
longyearbyen,2022-04-24,-14.6,-6.4,0.0,0.8,open_meteo_era5_longyearbyen_2022_2023
longyearbyen,2022-04-25,-18.9,-14.1,1.2,0.62,open_meteo_era5_longyearbyen_2022_2023
longyearbyen,2022-04-26,-19.2,-17.0,0.5,0.54,open_meteo_era5_longyearbyen_2022_2023
longyearbyen,2022-04-27,-19.4,-17.2,0.6,0.5,open_meteo_era5_longyearbyen_2022_2023
longyearbyen,2022-04-28,-19.4,-14.4,0.0,0.66,open_meteo_era5_longyearbyen_2022_2023
longyearbyen,2022-04-29,-16.5,-13.8,0.0,0.69,open_meteo_era5_longyearbyen_2022_2023
longyearbyen,2022-04-30,-15.3,-12.5,0.0,0.7,open_meteo_era5_longyearbyen_2022_2023
longyearbyen,2022-05-01,-14.2,-9.6,0.0,0.89,open_meteo_era5_longyearbyen_2022_2023
longyearbyen,2022-05-02,-14.8,-12.5,0.3,0.73,open_meteo_era5_longyearbyen_2022_2023
longyearbyen,2022-05-03,-15.6,-11.3,0.0,0.8,open_meteo_era5_longyearbyen_2022_2023
longyearbyen,2022-05-04,-12.0,-8.7,0.0,0.97,open_meteo_era5_longyearbyen_2022_2023
longyearbyen,2022-05-05,-9.3,-6.0,0.2,1.13,open_meteo_era5_longyearbyen_2022_2023
longyearbyen,2022-05-06,-8.8,-4.2,0.0,1.24,open_meteo_era5_longyearbyen_2022_2023
longyearbyen,2022-05-07,-13.4,-8.5,0.7,0.86,open_meteo_era5_longyearbyen_2022_2023
longyearbyen,2022-05-08,-13.2,-8.7,0.0,1.05,open_meteo_era5_longyearbyen_2022_2023
longyearbyen,2022-05-09,-12.6,-9.5,0.3,0.92,open_meteo_era5_longyearbyen_2022_2023
longyearbyen,2022-05-10,-9.4,-7.7,0.0,1.18,open_meteo_era5_longyearbyen_2022_2023
longyearbyen,2022-05-11,-10.2,-7.1,0.0,1.1,open_meteo_era5_longyearbyen_2022_2023
longyearbyen,2022-05-12,-9.8,-7.9,0.0,1.14,open_meteo_era5_longyearbyen_2022_2023
longyearbyen,2022-05-13,-9.9,-6.7,0.0,1.2,open_meteo_era5_longyearbyen_2022_2023
longyearbyen,2022-05-14,-6.9,-3.4,0.1,1.26,open_meteo_era5_longyearbyen_2022_2023
longyearbyen,2022-05-15,-4.4,-1.7,0.6,1.51,open_meteo_era5_longyearbyen_2022_2023
longyearbyen,2022-05-16,-3.0,-1.5,0.8,1.56,open_meteo_era5_longyearbyen_2022_2023
longyearbyen,2022-05-17,-3.5,-2.0,0.0,1.59,open_meteo_era5_longyearbyen_2022_2023
longyearbyen,2022-05-18,-4.1,-2.5,0.2,1.66,open_meteo_era5_longyearbyen_2022_2023
longyearbyen,2022-05-19,-3.8,-1.2,0.7,1.51,open_meteo_era5_longyearbyen_2022_2023
longyearbyen,2022-05-20,-2.8,-0.7,0.0,1.63,open_meteo_era5_longyearbyen_2022_2023
longyearbyen,2022-05-21,-1.3,1.5,1.3,1.25,open_meteo_era5_longyearbyen_2022_2023
longyearbyen,2022-05-22,0.3,1.5,1.2,1.55,open_meteo_era5_longyearbyen_2022_2023
longyearbyen,2022-05-23,0.3,1.8,0.6,1.08,open_meteo_era5_longyearbyen_2022_2023
longyearbyen,2022-05-24,1.0,2.1,0.0,1.68,open_meteo_era5_longyearbyen_2022_2023
longyearbyen,2022-05-25,0.8,1.9,7.9,0.81,open_meteo_era5_longyearbyen_2022_2023
longyearbyen,2022-05-26,1.5,3.1,0.0,1.79,open_meteo_era5_longyearbyen_2022_2023
longyearbyen,2022-05-27,2.7,4.1,0.0,2.25,open_meteo_era5_longyearbyen_2022_2023
longyearbyen,2022-05-28,2.2,5.9,0.0,2.4,open_meteo_era5_longyearbyen_2022_2023
longyearbyen,2022-05-29,1.8,5.1,0.0,2.58,open_meteo_era5_longyearbyen_2022_2023
longyearbyen,2022-05-30,2.8,4.1,0.0,1.53,open_meteo_era5_longyearbyen_2022_2023
longyearbyen,2022-05-31,2.6,5.9,0.0,2.37,open_meteo_era5_longyearbyen_2022_2023
longyearbyen,2022-06-01,0.9,3.6,0.0,1.65,open_meteo_era5_longyearbyen_2022_2023
longyearbyen,2022-06-02,0.2,2.9,0.0,1.91,open_meteo_era5_longyearbyen_2022_2023
longyearbyen,2022-06-03,1.3,3.8,0.0,1.95,open_meteo_era5_longyearbyen_2022_2023
longyearbyen,2022-06-04,1.8,2.8,11.4,0.92,open_meteo_era5_longyearbyen_2022_2023
longyearbyen,2022-06-05,1.7,4.5,4.3,1.26,open_meteo_era5_longyearbyen_2022_2023
longyearbyen,2022-06-06,2.1,3.9,0.0,1.79,open_meteo_era5_longyearbyen_2022_2023
longyearbyen,2022-06-07,1.8,3.3,0.0,1.82,open_meteo_era5_longyearbyen_2022_2023
longyearbyen,2022-06-08,1.7,3.4,1.2,1.68,open_meteo_era5_longyearbyen_2022_2023
longyearbyen,2022-06-09,1.3,2.4,3.5,1.46,open_meteo_era5_longyearbyen_2022_2023
longyearbyen,2022-06-10,1.2,3.9,0.5,2.32,open_meteo_era5_longyearbyen_2022_2023
longyearbyen,2022-06-11,2.2,3.5,0.4,1.4,open_meteo_era5_longyearbyen_2022_2023
longyearbyen,2022-06-12,2.4,4.1,1.1,1.43,open_meteo_era5_longyearbyen_2022_2023
longyearbyen,2022-06-13,2.1,5.2,0.0,2.45,open_meteo_era5_longyearbyen_2022_2023
longyearbyen,2022-06-14,2.3,4.8,0.0,1.89,open_meteo_era5_longyearbyen_2022_2023
longyearbyen,2022-06-15,3.1,4.7,0.0,2.12,open_meteo_era5_longyearbyen_2022_2023
longyearbyen,2022-06-16,3.1,4.8,0.0,1.88,open_meteo_era5_longyearbyen_2022_2023
longyearbyen,2022-06-17,2.8,5.3,0.0,1.76,open_meteo_era5_longyearbyen_2022_2023
longyearbyen,2022-06-18,4.1,5.8,0.0,1.92,open_meteo_era5_longyearbyen_2022_2023
longyearbyen,2022-06-19,1.4,6.2,0.0,2.06,open_meteo_era5_longyearbyen_2022_2023
longyearbyen,2022-06-20,1.1,2.3,2.6,1.42,open_meteo_era5_longyearbyen_2022_2023
longyearbyen,2022-06-21,1.5,4.7,9.7,0.92,open_meteo_era5_longyearbyen_2022_2023
longyearbyen,2022-06-22,3.6,5.9,0.2,1.97,open_meteo_era5_longyearbyen_2022_2023
longyearbyen,2022-06-23,1.0,4.2,0.4,1.41,open_meteo_era5_longyearbyen_2022_2023
longyearbyen,2022-06-24,1.3,2.6,1.0,1.44,open_meteo_era5_longyearbyen_2022_2023
longyearbyen,2022-06-25,1.4,5.4,0.0,2.39,open_meteo_era5_longyearbyen_2022_2023
longyearbyen,2022-06-26,4.7,6.5,0.0,1.81,open_meteo_era5_longyearbyen_2022_2023
longyearbyen,2022-06-27,5.2,7.0,0.0,1.67,open_meteo_era5_longyearbyen_2022_2023
longyearbyen,2022-06-28,5.5,9.2,0.0,2.53,open_meteo_era5_longyearbyen_2022_2023
longyearbyen,2022-06-29,5.9,7.8,2.2,1.13,open_meteo_era5_longyearbyen_2022_2023
longyearbyen,2022-06-30,5.7,8.3,0.8,1.45,open_meteo_era5_longyearbyen_2022_2023
longyearbyen,2022-07-01,6.0,7.3,1.1,0.95,open_meteo_era5_longyearbyen_2022_2023
longyearbyen,2022-07-02,5.9,9.3,0.1,1.59,open_meteo_era5_longyearbyen_2022_2023
longyearbyen,2022-07-03,6.0,9.8,0.0,1.84,open_meteo_era5_longyearbyen_2022_2023
longyearbyen,2022-07-04,3.2,5.7,8.1,1.04,open_meteo_era5_longyearbyen_2022_2023
longyearbyen,2022-07-05,3.6,5.9,0.6,1.44,open_meteo_era5_longyearbyen_2022_2023
longyearbyen,2022-07-06,1.8,4.1,0.0,1.88,open_meteo_era5_longyearbyen_2022_2023
longyearbyen,2022-07-07,1.3,7.4,0.0,2.5,open_meteo_era5_longyearbyen_2022_2023
longyearbyen,2022-07-08,5.2,9.7,0.0,3.02,open_meteo_era5_longyearbyen_2022_2023
longyearbyen,2022-07-09,4.6,8.3,0.0,2.66,open_meteo_era5_longyearbyen_2022_2023
longyearbyen,2022-07-10,5.4,7.2,1.2,1.6,open_meteo_era5_longyearbyen_2022_2023
longyearbyen,2022-07-11,6.6,8.9,5.1,1.47,open_meteo_era5_longyearbyen_2022_2023
longyearbyen,2022-07-12,5.2,8.8,7.2,0.86,open_meteo_era5_longyearbyen_2022_2023
longyearbyen,2022-07-13,8.1,12.4,7.0,1.39,open_meteo_era5_longyearbyen_2022_2023
longyearbyen,2022-07-14,8.9,10.8,1.8,1.97,open_meteo_era5_longyearbyen_2022_2023
longyearbyen,2022-07-15,6.8,9.7,0.6,1.34,open_meteo_era5_longyearbyen_2022_2023
longyearbyen,2022-07-16,6.5,10.1,1.7,1.82,open_meteo_era5_longyearbyen_2022_2023
longyearbyen,2022-07-17,6.9,11.6,2.4,1.64,open_meteo_era5_longyearbyen_2022_2023
longyearbyen,2022-07-18,7.8,9.3,0.0,1.91,open_meteo_era5_longyearbyen_2022_2023
longyearbyen,2022-07-19,7.6,9.1,2.4,1.82,open_meteo_era5_longyearbyen_2022_2023
longyearbyen,2022-07-20,7.9,9.9,0.1,1.63,open_meteo_era5_longyearbyen_2022_2023
longyearbyen,2022-07-21,7.3,10.7,0.0,1.67,open_meteo_era5_longyearbyen_2022_2023
longyearbyen,2022-07-22,7.7,9.8,2.6,0.98,open_meteo_era5_longyearbyen_2022_2023
longyearbyen,2022-07-23,5.8,7.6,2.0,0.86,open_meteo_era5_longyearbyen_2022_2023
longyearbyen,2022-07-24,5.5,8.9,0.4,1.12,open_meteo_era5_longyearbyen_2022_2023
longyearbyen,2022-07-25,6.9,9.0,0.5,1.22,open_meteo_era5_longyearbyen_2022_2023
longyearbyen,2022-07-26,7.6,8.8,1.1,1.14,open_meteo_era5_longyearbyen_2022_2023
longyearbyen,2022-07-27,5.5,10.1,0.0,1.92,open_meteo_era5_longyearbyen_2022_2023
longyearbyen,2022-07-28,4.7,6.3,1.4,1.22,open_meteo_era5_longyearbyen_2022_2023
longyearbyen,2022-07-29,5.5,9.5,1.8,1.51,open_meteo_era5_longyearbyen_2022_2023
longyearbyen,2022-07-30,8.1,9.5,2.8,1.21,open_meteo_era5_longyearbyen_2022_2023
longyearbyen,2022-07-31,7.9,11.3,0.0,1.85,open_meteo_era5_longyearbyen_2022_2023
longyearbyen,2022-08-01,7.1,8.9,9.7,1.13,open_meteo_era5_longyearbyen_2022_2023
longyearbyen,2022-08-02,7.1,9.2,3.6,1.15,open_meteo_era5_longyearbyen_2022_2023
longyearbyen,2022-08-03,7.6,9.5,4.0,1.29,open_meteo_era5_longyearbyen_2022_2023
longyearbyen,2022-08-04,6.9,8.2,0.4,1.14,open_meteo_era5_longyearbyen_2022_2023
longyearbyen,2022-08-05,7.4,9.6,0.5,1.02,open_meteo_era5_longyearbyen_2022_2023
longyearbyen,2022-08-06,7.4,9.1,0.9,0.81,open_meteo_era5_longyearbyen_2022_2023
longyearbyen,2022-08-07,7.4,9.3,1.6,0.96,open_meteo_era5_longyearbyen_2022_2023
longyearbyen,2022-08-08,6.9,8.4,4.9,0.98,open_meteo_era5_longyearbyen_2022_2023
longyearbyen,2022-08-09,6.3,8.1,1.1,1.01,open_meteo_era5_longyearbyen_2022_2023
longyearbyen,2022-08-10,5.1,7.8,1.1,0.83,open_meteo_era5_longyearbyen_2022_2023
longyearbyen,2022-08-11,5.6,7.9,0.7,1.16,open_meteo_era5_longyearbyen_2022_2023
longyearbyen,2022-08-12,6.6,8.5,0.8,1.34,open_meteo_era5_longyearbyen_2022_2023
longyearbyen,2022-08-13,5.1,6.6,0.6,1.04,open_meteo_era5_longyearbyen_2022_2023
longyearbyen,2022-08-14,4.7,6.4,2.4,0.87,open_meteo_era5_longyearbyen_2022_2023
longyearbyen,2022-08-15,4.4,6.2,1.2,1.28,open_meteo_era5_longyearbyen_2022_2023
longyearbyen,2022-08-16,3.5,5.9,3.2,1.08,open_meteo_era5_longyearbyen_2022_2023
longyearbyen,2022-08-17,3.8,5.6,10.0,0.68,open_meteo_era5_longyearbyen_2022_2023
longyearbyen,2022-08-18,4.4,6.6,5.6,1.08,open_meteo_era5_longyearbyen_2022_2023
longyearbyen,2022-08-19,3.1,6.3,7.3,1.23,open_meteo_era5_longyearbyen_2022_2023
longyearbyen,2022-08-20,2.4,4.0,0.7,1.04,open_meteo_era5_longyearbyen_2022_2023
longyearbyen,2022-08-21,1.5,6.3,0.0,1.16,open_meteo_era5_longyearbyen_2022_2023
longyearbyen,2022-08-22,2.5,6.4,0.0,1.49,open_meteo_era5_longyearbyen_2022_2023
longyearbyen,2022-08-23,2.1,6.0,0.0,1.25,open_meteo_era5_longyearbyen_2022_2023
longyearbyen,2022-08-24,3.2,6.3,2.9,0.76,open_meteo_era5_longyearbyen_2022_2023
longyearbyen,2022-08-25,2.0,5.3,1.2,0.91,open_meteo_era5_longyearbyen_2022_2023
longyearbyen,2022-08-26,2.1,4.7,0.0,1.12,open_meteo_era5_longyearbyen_2022_2023
longyearbyen,2022-08-27,0.9,2.5,0.0,1.02,open_meteo_era5_longyearbyen_2022_2023
longyearbyen,2022-08-28,0.7,2.6,0.0,0.81,open_meteo_era5_longyearbyen_2022_2023
longyearbyen,2022-08-29,1.9,3.8,0.0,0.83,open_meteo_era5_longyearbyen_2022_2023
longyearbyen,2022-08-30,1.7,3.6,0.0,0.7,open_meteo_era5_longyearbyen_2022_2023
longyearbyen,2022-08-31,1.5,3.3,0.0,0.62,open_meteo_era5_longyearbyen_2022_2023
longyearbyen,2022-09-01,0.9,5.0,0.1,0.71,open_meteo_era5_longyearbyen_2022_2023
longyearbyen,2022-09-02,4.9,7.7,0.3,0.49,open_meteo_era5_longyearbyen_2022_2023
longyearbyen,2022-09-03,5.6,7.0,1.6,0.37,open_meteo_era5_longyearbyen_2022_2023
longyearbyen,2022-09-04,3.2,6.1,2.6,0.57,open_meteo_era5_longyearbyen_2022_2023
longyearbyen,2022-09-05,2.4,3.4,0.4,0.67,open_meteo_era5_longyearbyen_2022_2023
longyearbyen,2022-09-06,2.5,4.8,0.4,0.52,open_meteo_era5_longyearbyen_2022_2023
longyearbyen,2022-09-07,3.7,5.8,0.7,0.36,open_meteo_era5_longyearbyen_2022_2023
longyearbyen,2022-09-08,3.4,4.3,3.0,0.34,open_meteo_era5_longyearbyen_2022_2023
longyearbyen,2022-09-09,1.2,3.9,11.0,0.31,open_meteo_era5_longyearbyen_2022_2023
longyearbyen,2022-09-10,-3.7,1.9,5.7,0.68,open_meteo_era5_longyearbyen_2022_2023
longyearbyen,2022-09-11,-3.4,1.7,1.3,0.62,open_meteo_era5_longyearbyen_2022_2023
longyearbyen,2022-09-12,-3.2,2.4,1.9,0.51,open_meteo_era5_longyearbyen_2022_2023
longyearbyen,2022-09-13,-2.6,1.4,2.2,0.56,open_meteo_era5_longyearbyen_2022_2023
longyearbyen,2022-09-14,-0.3,1.6,0.2,0.44,open_meteo_era5_longyearbyen_2022_2023
longyearbyen,2022-09-15,-0.6,1.3,2.5,0.33,open_meteo_era5_longyearbyen_2022_2023
longyearbyen,2022-09-16,-2.1,0.3,1.5,0.3,open_meteo_era5_longyearbyen_2022_2023
longyearbyen,2022-09-17,-3.5,-1.2,0.0,0.36,open_meteo_era5_longyearbyen_2022_2023
longyearbyen,2022-09-18,-3.3,0.0,0.5,0.32,open_meteo_era5_longyearbyen_2022_2023
longyearbyen,2022-09-19,-6.8,-2.1,0.0,0.28,open_meteo_era5_longyearbyen_2022_2023
longyearbyen,2022-09-20,-1.8,1.0,6.5,0.45,open_meteo_era5_longyearbyen_2022_2023
longyearbyen,2022-09-21,-1.0,0.4,0.0,0.63,open_meteo_era5_longyearbyen_2022_2023
longyearbyen,2022-09-22,-0.6,1.2,0.2,0.75,open_meteo_era5_longyearbyen_2022_2023
longyearbyen,2022-09-23,1.4,3.9,9.2,0.42,open_meteo_era5_longyearbyen_2022_2023
longyearbyen,2022-09-24,1.6,4.1,6.1,0.32,open_meteo_era5_longyearbyen_2022_2023
longyearbyen,2022-09-25,2.1,3.9,2.0,0.24,open_meteo_era5_longyearbyen_2022_2023
longyearbyen,2022-09-26,3.1,4.4,0.0,0.22,open_meteo_era5_longyearbyen_2022_2023
longyearbyen,2022-09-27,2.7,3.6,0.0,0.16,open_meteo_era5_longyearbyen_2022_2023
longyearbyen,2022-09-28,2.5,2.9,0.7,0.15,open_meteo_era5_longyearbyen_2022_2023
longyearbyen,2022-09-29,2.7,3.9,2.8,0.13,open_meteo_era5_longyearbyen_2022_2023
longyearbyen,2022-09-30,2.6,4.2,0.2,0.15,open_meteo_era5_longyearbyen_2022_2023
longyearbyen,2022-10-01,1.6,2.3,0.7,0.14,open_meteo_era5_longyearbyen_2022_2023
longyearbyen,2022-10-02,1.2,2.2,0.1,0.12,open_meteo_era5_longyearbyen_2022_2023
longyearbyen,2022-10-03,0.6,2.8,0.4,0.1,open_meteo_era5_longyearbyen_2022_2023
longyearbyen,2022-10-04,0.3,1.6,0.5,0.14,open_meteo_era5_longyearbyen_2022_2023
longyearbyen,2022-10-05,1.3,2.9,0.0,0.26,open_meteo_era5_longyearbyen_2022_2023
longyearbyen,2022-10-06,2.0,2.9,0.8,0.36,open_meteo_era5_longyearbyen_2022_2023
longyearbyen,2022-10-07,2.8,3.8,3.0,0.55,open_meteo_era5_longyearbyen_2022_2023
longyearbyen,2022-10-08,2.9,3.2,3.8,0.52,open_meteo_era5_longyearbyen_2022_2023
longyearbyen,2022-10-09,1.0,3.2,1.3,0.22,open_meteo_era5_longyearbyen_2022_2023
longyearbyen,2022-10-10,-0.9,0.8,0.1,0.24,open_meteo_era5_longyearbyen_2022_2023
longyearbyen,2022-10-11,-1.0,-0.4,2.1,0.35,open_meteo_era5_longyearbyen_2022_2023
longyearbyen,2022-10-12,-1.9,0.8,1.9,0.28,open_meteo_era5_longyearbyen_2022_2023
longyearbyen,2022-10-13,-4.3,-1.4,0.0,0.21,open_meteo_era5_longyearbyen_2022_2023
longyearbyen,2022-10-14,-7.1,-3.7,0.0,0.07,open_meteo_era5_longyearbyen_2022_2023
longyearbyen,2022-10-15,-7.9,-5.0,0.0,0.06,open_meteo_era5_longyearbyen_2022_2023
longyearbyen,2022-10-16,-6.4,-5.0,0.0,0.16,open_meteo_era5_longyearbyen_2022_2023
longyearbyen,2022-10-17,-7.5,-4.7,0.3,0.03,open_meteo_era5_longyearbyen_2022_2023
longyearbyen,2022-10-18,-6.7,0.6,1.1,0.14,open_meteo_era5_longyearbyen_2022_2023
longyearbyen,2022-10-19,-9.4,-4.9,0.4,0.52,open_meteo_era5_longyearbyen_2022_2023
longyearbyen,2022-10-20,-8.2,-4.5,0.0,0.19,open_meteo_era5_longyearbyen_2022_2023
longyearbyen,2022-10-21,-9.7,-6.4,0.0,0.11,open_meteo_era5_longyearbyen_2022_2023
longyearbyen,2022-10-22,-8.4,-6.1,0.0,0.36,open_meteo_era5_longyearbyen_2022_2023
longyearbyen,2022-10-23,-10.0,-5.6,0.4,0.08,open_meteo_era5_longyearbyen_2022_2023
longyearbyen,2022-10-24,-9.1,-6.6,1.1,0.06,open_meteo_era5_longyearbyen_2022_2023
longyearbyen,2022-10-25,-11.0,-8.1,0.0,0.09,open_meteo_era5_longyearbyen_2022_2023
longyearbyen,2022-10-26,-10.1,-8.9,0.0,0.05,open_meteo_era5_longyearbyen_2022_2023
longyearbyen,2022-10-27,-11.6,-2.0,0.6,0.18,open_meteo_era5_longyearbyen_2022_2023
longyearbyen,2022-10-28,-8.1,-1.5,6.0,0.15,open_meteo_era5_longyearbyen_2022_2023
longyearbyen,2022-10-29,-7.9,-6.1,0.0,0.23,open_meteo_era5_longyearbyen_2022_2023
longyearbyen,2022-10-30,-5.9,-3.0,1.4,0.01,open_meteo_era5_longyearbyen_2022_2023
longyearbyen,2022-10-31,-6.8,-2.8,0.3,0.02,open_meteo_era5_longyearbyen_2022_2023
longyearbyen,2022-11-01,-2.5,-0.3,2.2,0.01,open_meteo_era5_longyearbyen_2022_2023
longyearbyen,2022-11-02,-0.3,0.7,3.5,0.0,open_meteo_era5_longyearbyen_2022_2023
longyearbyen,2022-11-03,-1.9,0.4,8.1,0.0,open_meteo_era5_longyearbyen_2022_2023
longyearbyen,2022-11-04,-2.9,-1.8,1.1,0.0,open_meteo_era5_longyearbyen_2022_2023
longyearbyen,2022-11-05,-2.6,-1.4,3.0,0.07,open_meteo_era5_longyearbyen_2022_2023
longyearbyen,2022-11-06,-1.9,-0.1,2.1,0.15,open_meteo_era5_longyearbyen_2022_2023
longyearbyen,2022-11-07,-5.3,-1.9,1.0,0.06,open_meteo_era5_longyearbyen_2022_2023
longyearbyen,2022-11-08,-7.6,-5.5,0.0,0.09,open_meteo_era5_longyearbyen_2022_2023
longyearbyen,2022-11-09,-8.5,-6.4,0.0,0.02,open_meteo_era5_longyearbyen_2022_2023
longyearbyen,2022-11-10,-7.8,-4.4,0.0,0.12,open_meteo_era5_longyearbyen_2022_2023
longyearbyen,2022-11-11,-7.9,-4.3,0.0,0.11,open_meteo_era5_longyearbyen_2022_2023
longyearbyen,2022-11-12,-8.2,-3.5,0.5,0.01,open_meteo_era5_longyearbyen_2022_2023
longyearbyen,2022-11-13,-5.3,-3.0,0.7,0.08,open_meteo_era5_longyearbyen_2022_2023
longyearbyen,2022-11-14,-4.5,-1.7,1.1,0.2,open_meteo_era5_longyearbyen_2022_2023
longyearbyen,2022-11-15,-6.9,-1.3,0.3,0.1,open_meteo_era5_longyearbyen_2022_2023
longyearbyen,2022-11-16,-6.6,2.4,4.6,0.16,open_meteo_era5_longyearbyen_2022_2023
longyearbyen,2022-11-17,-9.4,-6.4,0.4,0.09,open_meteo_era5_longyearbyen_2022_2023
longyearbyen,2022-11-18,-6.1,1.8,6.5,0.02,open_meteo_era5_longyearbyen_2022_2023
longyearbyen,2022-11-19,0.8,1.5,7.5,0.0,open_meteo_era5_longyearbyen_2022_2023
longyearbyen,2022-11-20,0.2,1.3,2.0,0.02,open_meteo_era5_longyearbyen_2022_2023
longyearbyen,2022-11-21,-0.8,1.4,1.8,0.01,open_meteo_era5_longyearbyen_2022_2023
longyearbyen,2022-11-22,-1.2,0.1,0.3,0.02,open_meteo_era5_longyearbyen_2022_2023
longyearbyen,2022-11-23,-1.7,0.3,1.5,0.06,open_meteo_era5_longyearbyen_2022_2023
longyearbyen,2022-11-24,-4.7,-1.7,0.5,0.0,open_meteo_era5_longyearbyen_2022_2023
longyearbyen,2022-11-25,-9.9,-3.3,0.3,0.02,open_meteo_era5_longyearbyen_2022_2023
longyearbyen,2022-11-26,-11.8,-9.8,0.0,0.0,open_meteo_era5_longyearbyen_2022_2023
longyearbyen,2022-11-27,-11.4,-5.1,0.0,0.01,open_meteo_era5_longyearbyen_2022_2023
longyearbyen,2022-11-28,-4.5,1.0,2.5,0.07,open_meteo_era5_longyearbyen_2022_2023
longyearbyen,2022-11-29,1.3,2.8,3.8,0.11,open_meteo_era5_longyearbyen_2022_2023
longyearbyen,2022-11-30,-2.5,1.0,3.2,0.14,open_meteo_era5_longyearbyen_2022_2023
longyearbyen,2022-12-01,-1.5,1.8,0.4,0.04,open_meteo_era5_longyearbyen_2022_2023
longyearbyen,2022-12-02,-1.7,3.2,1.0,0.23,open_meteo_era5_longyearbyen_2022_2023
longyearbyen,2022-12-03,-4.1,2.4,11.4,0.09,open_meteo_era5_longyearbyen_2022_2023
longyearbyen,2022-12-04,-4.3,-1.7,4.9,0.14,open_meteo_era5_longyearbyen_2022_2023
longyearbyen,2022-12-05,-16.2,-2.0,7.0,0.3,open_meteo_era5_longyearbyen_2022_2023
longyearbyen,2022-12-06,-16.2,-13.4,0.0,0.26,open_meteo_era5_longyearbyen_2022_2023
longyearbyen,2022-12-07,-13.6,-7.9,0.0,0.17,open_meteo_era5_longyearbyen_2022_2023
longyearbyen,2022-12-08,-10.4,-6.9,0.0,0.03,open_meteo_era5_longyearbyen_2022_2023
longyearbyen,2022-12-09,-10.7,-6.4,1.9,0.01,open_meteo_era5_longyearbyen_2022_2023
longyearbyen,2022-12-10,-9.9,-6.7,0.0,0.0,open_meteo_era5_longyearbyen_2022_2023
longyearbyen,2022-12-11,-12.6,-2.1,1.1,0.25,open_meteo_era5_longyearbyen_2022_2023
longyearbyen,2022-12-12,-17.4,-12.8,0.0,0.19,open_meteo_era5_longyearbyen_2022_2023
longyearbyen,2022-12-13,-22.0,-17.6,0.0,0.14,open_meteo_era5_longyearbyen_2022_2023
longyearbyen,2022-12-14,-23.4,-18.2,0.0,0.12,open_meteo_era5_longyearbyen_2022_2023
longyearbyen,2022-12-15,-18.1,-16.1,0.0,0.16,open_meteo_era5_longyearbyen_2022_2023
longyearbyen,2022-12-16,-22.0,-17.9,0.0,0.05,open_meteo_era5_longyearbyen_2022_2023
longyearbyen,2022-12-17,-19.4,-16.1,0.0,0.07,open_meteo_era5_longyearbyen_2022_2023
longyearbyen,2022-12-18,-16.1,-13.8,0.3,0.08,open_meteo_era5_longyearbyen_2022_2023
longyearbyen,2022-12-19,-14.3,-13.2,0.0,0.11,open_meteo_era5_longyearbyen_2022_2023
longyearbyen,2022-12-20,-16.6,-13.6,0.0,0.08,open_meteo_era5_longyearbyen_2022_2023
longyearbyen,2022-12-21,-17.7,-11.2,0.5,0.08,open_meteo_era5_longyearbyen_2022_2023
longyearbyen,2022-12-22,-11.4,-6.4,0.0,0.19,open_meteo_era5_longyearbyen_2022_2023
longyearbyen,2022-12-23,-15.8,-12.4,0.2,0.17,open_meteo_era5_longyearbyen_2022_2023
longyearbyen,2022-12-24,-20.6,-16.0,0.0,0.09,open_meteo_era5_longyearbyen_2022_2023
longyearbyen,2022-12-25,-22.4,-19.4,0.0,0.06,open_meteo_era5_longyearbyen_2022_2023
longyearbyen,2022-12-26,-20.5,-11.3,0.4,0.17,open_meteo_era5_longyearbyen_2022_2023
longyearbyen,2022-12-27,-11.1,-2.2,1.8,0.14,open_meteo_era5_longyearbyen_2022_2023
longyearbyen,2022-12-28,-6.1,-2.0,8.7,0.08,open_meteo_era5_longyearbyen_2022_2023
longyearbyen,2022-12-29,-8.3,-2.8,3.8,0.35,open_meteo_era5_longyearbyen_2022_2023
longyearbyen,2022-12-30,-10.5,-6.1,1.9,0.18,open_meteo_era5_longyearbyen_2022_2023
longyearbyen,2022-12-31,-5.8,-1.2,3.0,0.21,open_meteo_era5_longyearbyen_2022_2023
longyearbyen,2023-01-01,-2.5,-0.1,2.2,0.31,open_meteo_era5_longyearbyen_2022_2023
longyearbyen,2023-01-02,-2.6,-1.6,7.2,0.34,open_meteo_era5_longyearbyen_2022_2023
longyearbyen,2023-01-03,-3.2,-1.8,2.2,0.33,open_meteo_era5_longyearbyen_2022_2023
longyearbyen,2023-01-04,-5.6,-3.2,1.2,0.05,open_meteo_era5_longyearbyen_2022_2023
longyearbyen,2023-01-05,-4.8,-1.0,1.9,0.02,open_meteo_era5_longyearbyen_2022_2023
longyearbyen,2023-01-06,-5.4,-4.4,0.2,0.01,open_meteo_era5_longyearbyen_2022_2023
longyearbyen,2023-01-07,-6.9,-4.4,0.0,0.06,open_meteo_era5_longyearbyen_2022_2023
longyearbyen,2023-01-08,-6.4,-4.6,0.0,0.16,open_meteo_era5_longyearbyen_2022_2023
longyearbyen,2023-01-09,-6.3,-2.6,2.0,0.24,open_meteo_era5_longyearbyen_2022_2023
longyearbyen,2023-01-10,-3.0,-1.6,5.1,0.2,open_meteo_era5_longyearbyen_2022_2023
longyearbyen,2023-01-11,-5.8,-1.6,0.5,0.0,open_meteo_era5_longyearbyen_2022_2023
longyearbyen,2023-01-12,-5.9,-2.9,2.6,0.15,open_meteo_era5_longyearbyen_2022_2023
longyearbyen,2023-01-13,-3.3,-2.0,4.8,0.31,open_meteo_era5_longyearbyen_2022_2023
longyearbyen,2023-01-14,-3.7,-2.8,12.0,0.36,open_meteo_era5_longyearbyen_2022_2023
longyearbyen,2023-01-15,-8.2,-3.3,2.4,0.46,open_meteo_era5_longyearbyen_2022_2023
longyearbyen,2023-01-16,-9.3,-8.5,0.0,0.45,open_meteo_era5_longyearbyen_2022_2023
longyearbyen,2023-01-17,-10.2,-7.4,0.0,0.37,open_meteo_era5_longyearbyen_2022_2023
longyearbyen,2023-01-18,-11.2,-9.0,0.0,0.13,open_meteo_era5_longyearbyen_2022_2023
longyearbyen,2023-01-19,-10.7,-2.3,0.2,0.21,open_meteo_era5_longyearbyen_2022_2023
longyearbyen,2023-01-20,-4.8,-2.5,1.1,0.08,open_meteo_era5_longyearbyen_2022_2023
longyearbyen,2023-01-21,-7.9,-3.7,1.3,0.13,open_meteo_era5_longyearbyen_2022_2023
longyearbyen,2023-01-22,-5.3,-1.7,6.5,0.12,open_meteo_era5_longyearbyen_2022_2023
longyearbyen,2023-01-23,-4.5,0.5,2.8,0.27,open_meteo_era5_longyearbyen_2022_2023
longyearbyen,2023-01-24,-6.2,-4.6,1.9,0.05,open_meteo_era5_longyearbyen_2022_2023
longyearbyen,2023-01-25,-11.5,-6.4,0.2,0.27,open_meteo_era5_longyearbyen_2022_2023
longyearbyen,2023-01-26,-14.5,-11.7,0.0,0.17,open_meteo_era5_longyearbyen_2022_2023
longyearbyen,2023-01-27,-17.6,-9.3,0.0,0.14,open_meteo_era5_longyearbyen_2022_2023
longyearbyen,2023-01-28,-9.6,-6.1,1.5,0.39,open_meteo_era5_longyearbyen_2022_2023
longyearbyen,2023-01-29,-6.5,-3.3,1.7,0.24,open_meteo_era5_longyearbyen_2022_2023
longyearbyen,2023-01-30,-10.7,-5.6,0.0,0.36,open_meteo_era5_longyearbyen_2022_2023
longyearbyen,2023-01-31,-10.2,-8.4,0.0,0.33,open_meteo_era5_longyearbyen_2022_2023
longyearbyen,2023-02-01,-12.4,-10.4,0.0,0.26,open_meteo_era5_longyearbyen_2022_2023
longyearbyen,2023-02-02,-17.3,-12.4,0.0,0.07,open_meteo_era5_longyearbyen_2022_2023
longyearbyen,2023-02-03,-18.4,-15.8,0.0,0.03,open_meteo_era5_longyearbyen_2022_2023
longyearbyen,2023-02-04,-15.9,-12.7,0.0,0.09,open_meteo_era5_longyearbyen_2022_2023
longyearbyen,2023-02-05,-13.0,-4.5,5.3,0.26,open_meteo_era5_longyearbyen_2022_2023
longyearbyen,2023-02-06,-9.0,-0.8,11.6,0.18,open_meteo_era5_longyearbyen_2022_2023
longyearbyen,2023-02-07,-7.4,-2.8,5.8,0.51,open_meteo_era5_longyearbyen_2022_2023
longyearbyen,2023-02-08,-6.7,-2.8,7.4,0.4,open_meteo_era5_longyearbyen_2022_2023
longyearbyen,2023-02-09,-12.0,-6.3,3.8,0.08,open_meteo_era5_longyearbyen_2022_2023
longyearbyen,2023-02-10,-9.5,-7.5,0.9,0.03,open_meteo_era5_longyearbyen_2022_2023
longyearbyen,2023-02-11,-10.7,-5.4,0.4,0.08,open_meteo_era5_longyearbyen_2022_2023
longyearbyen,2023-02-12,-10.7,-4.6,0.1,0.24,open_meteo_era5_longyearbyen_2022_2023
longyearbyen,2023-02-13,-9.4,-7.7,1.7,0.1,open_meteo_era5_longyearbyen_2022_2023
longyearbyen,2023-02-14,-9.4,-0.8,4.5,0.13,open_meteo_era5_longyearbyen_2022_2023
longyearbyen,2023-02-15,-7.1,-1.0,0.8,0.09,open_meteo_era5_longyearbyen_2022_2023
longyearbyen,2023-02-16,-6.8,-4.9,4.2,0.2,open_meteo_era5_longyearbyen_2022_2023
longyearbyen,2023-02-17,-8.3,-4.3,2.2,0.23,open_meteo_era5_longyearbyen_2022_2023
longyearbyen,2023-02-18,-14.6,-8.6,0.0,0.25,open_meteo_era5_longyearbyen_2022_2023
longyearbyen,2023-02-19,-16.7,-13.8,0.0,0.13,open_meteo_era5_longyearbyen_2022_2023
longyearbyen,2023-02-20,-19.6,-15.0,0.3,0.03,open_meteo_era5_longyearbyen_2022_2023
longyearbyen,2023-02-21,-15.6,-4.9,6.2,0.14,open_meteo_era5_longyearbyen_2022_2023
longyearbyen,2023-02-22,-7.5,-3.9,3.4,0.09,open_meteo_era5_longyearbyen_2022_2023
longyearbyen,2023-02-23,-3.9,-2.4,5.8,0.25,open_meteo_era5_longyearbyen_2022_2023
longyearbyen,2023-02-24,-2.7,-1.4,3.8,0.15,open_meteo_era5_longyearbyen_2022_2023
longyearbyen,2023-02-25,-5.0,-1.7,1.4,0.14,open_meteo_era5_longyearbyen_2022_2023
longyearbyen,2023-02-26,-8.1,-0.2,3.1,0.54,open_meteo_era5_longyearbyen_2022_2023
longyearbyen,2023-02-27,-13.5,-8.2,1.1,0.39,open_meteo_era5_longyearbyen_2022_2023
longyearbyen,2023-02-28,-14.9,-11.2,0.0,0.15,open_meteo_era5_longyearbyen_2022_2023
longyearbyen,2023-03-01,-15.3,-5.3,0.2,0.09,open_meteo_era5_longyearbyen_2022_2023
longyearbyen,2023-03-02,-6.8,-4.9,4.9,0.12,open_meteo_era5_longyearbyen_2022_2023
longyearbyen,2023-03-03,-17.0,-7.2,2.1,0.34,open_meteo_era5_longyearbyen_2022_2023
longyearbyen,2023-03-04,-19.7,-13.4,0.8,0.28,open_meteo_era5_longyearbyen_2022_2023
longyearbyen,2023-03-05,-21.2,-16.8,0.0,0.21,open_meteo_era5_longyearbyen_2022_2023
longyearbyen,2023-03-06,-18.0,-15.7,0.0,0.29,open_meteo_era5_longyearbyen_2022_2023
longyearbyen,2023-03-07,-18.7,-15.4,0.5,0.23,open_meteo_era5_longyearbyen_2022_2023
longyearbyen,2023-03-08,-20.7,-12.4,0.3,0.26,open_meteo_era5_longyearbyen_2022_2023
longyearbyen,2023-03-09,-20.7,-15.2,0.8,0.28,open_meteo_era5_longyearbyen_2022_2023
longyearbyen,2023-03-10,-15.0,-10.4,1.0,0.46,open_meteo_era5_longyearbyen_2022_2023
longyearbyen,2023-03-11,-13.0,-9.3,0.9,0.36,open_meteo_era5_longyearbyen_2022_2023
longyearbyen,2023-03-12,-11.1,-9.7,0.0,0.35,open_meteo_era5_longyearbyen_2022_2023
longyearbyen,2023-03-13,-14.3,-10.8,0.0,0.39,open_meteo_era5_longyearbyen_2022_2023
longyearbyen,2023-03-14,-17.3,-14.9,0.0,0.27,open_meteo_era5_longyearbyen_2022_2023
longyearbyen,2023-03-15,-21.4,-17.5,0.0,0.12,open_meteo_era5_longyearbyen_2022_2023
longyearbyen,2023-03-16,-23.5,-19.2,0.0,0.09,open_meteo_era5_longyearbyen_2022_2023
longyearbyen,2023-03-17,-20.7,-17.0,0.5,0.11,open_meteo_era5_longyearbyen_2022_2023
longyearbyen,2023-03-18,-17.9,-14.2,0.2,0.12,open_meteo_era5_longyearbyen_2022_2023
longyearbyen,2023-03-19,-18.5,-15.5,0.2,0.23,open_meteo_era5_longyearbyen_2022_2023
longyearbyen,2023-03-20,-23.2,-15.3,0.5,0.26,open_meteo_era5_longyearbyen_2022_2023
longyearbyen,2023-03-21,-23.5,-19.1,0.0,0.19,open_meteo_era5_longyearbyen_2022_2023
longyearbyen,2023-03-22,-18.8,-13.7,1.7,0.21,open_meteo_era5_longyearbyen_2022_2023
longyearbyen,2023-03-23,-18.6,-16.9,0.0,0.27,open_meteo_era5_longyearbyen_2022_2023
longyearbyen,2023-03-24,-18.0,-15.9,0.5,0.28,open_meteo_era5_longyearbyen_2022_2023
longyearbyen,2023-03-25,-18.6,-15.9,0.0,0.25,open_meteo_era5_longyearbyen_2022_2023
longyearbyen,2023-03-26,-19.1,-13.8,0.0,0.19,open_meteo_era5_longyearbyen_2022_2023
longyearbyen,2023-03-27,-15.1,-13.2,0.0,0.23,open_meteo_era5_longyearbyen_2022_2023
longyearbyen,2023-03-28,-18.4,-15.1,0.0,0.18,open_meteo_era5_longyearbyen_2022_2023
longyearbyen,2023-03-29,-17.8,-15.5,0.0,0.19,open_meteo_era5_longyearbyen_2022_2023
longyearbyen,2023-03-30,-15.0,-10.7,0.0,0.24,open_meteo_era5_longyearbyen_2022_2023
longyearbyen,2023-03-31,-14.5,-9.3,1.5,0.29,open_meteo_era5_longyearbyen_2022_2023
longyearbyen,2023-04-01,-14.2,-12.4,0.0,0.26,open_meteo_era5_longyearbyen_2022_2023
longyearbyen,2023-04-02,-13.2,-6.9,8.5,0.22,open_meteo_era5_longyearbyen_2022_2023
longyearbyen,2023-04-03,-15.0,-8.8,8.9,0.28,open_meteo_era5_longyearbyen_2022_2023
longyearbyen,2023-04-04,-19.0,-15.4,0.0,0.32,open_meteo_era5_longyearbyen_2022_2023
longyearbyen,2023-04-05,-18.3,-7.1,4.1,0.31,open_meteo_era5_longyearbyen_2022_2023
longyearbyen,2023-04-06,-7.0,-0.7,6.7,0.35,open_meteo_era5_longyearbyen_2022_2023
longyearbyen,2023-04-07,-11.8,-1.4,1.8,0.41,open_meteo_era5_longyearbyen_2022_2023
longyearbyen,2023-04-08,-12.4,-6.7,1.5,0.53,open_meteo_era5_longyearbyen_2022_2023
longyearbyen,2023-04-09,-6.4,-0.5,12.7,0.32,open_meteo_era5_longyearbyen_2022_2023
longyearbyen,2023-04-10,-6.1,-2.3,0.0,0.61,open_meteo_era5_longyearbyen_2022_2023
longyearbyen,2023-04-11,-6.6,-4.2,1.2,0.4,open_meteo_era5_longyearbyen_2022_2023
longyearbyen,2023-04-12,-4.4,-1.2,0.0,0.47,open_meteo_era5_longyearbyen_2022_2023
longyearbyen,2023-04-13,-2.4,-0.3,0.0,0.61,open_meteo_era5_longyearbyen_2022_2023
longyearbyen,2023-04-14,-2.0,1.4,0.0,0.53,open_meteo_era5_longyearbyen_2022_2023
longyearbyen,2023-04-15,-1.3,1.2,0.8,0.66,open_meteo_era5_longyearbyen_2022_2023
longyearbyen,2023-04-16,-1.6,0.4,3.2,0.48,open_meteo_era5_longyearbyen_2022_2023
longyearbyen,2023-04-17,-6.6,0.7,1.4,0.6,open_meteo_era5_longyearbyen_2022_2023
longyearbyen,2023-04-18,-6.6,-1.7,5.8,0.49,open_meteo_era5_longyearbyen_2022_2023
longyearbyen,2023-04-19,-10.9,-1.2,1.6,0.67,open_meteo_era5_longyearbyen_2022_2023
longyearbyen,2023-04-20,-16.2,-11.3,0.0,0.6,open_meteo_era5_longyearbyen_2022_2023
longyearbyen,2023-04-21,-16.8,-15.8,0.0,0.53,open_meteo_era5_longyearbyen_2022_2023
longyearbyen,2023-04-22,-16.8,-12.0,0.0,0.53,open_meteo_era5_longyearbyen_2022_2023
longyearbyen,2023-04-23,-11.9,-7.4,0.0,0.85,open_meteo_era5_longyearbyen_2022_2023
longyearbyen,2023-04-24,-9.1,-7.0,0.0,0.87,open_meteo_era5_longyearbyen_2022_2023
longyearbyen,2023-04-25,-10.0,-5.7,0.0,0.96,open_meteo_era5_longyearbyen_2022_2023
longyearbyen,2023-04-26,-8.4,-4.6,0.0,0.84,open_meteo_era5_longyearbyen_2022_2023
longyearbyen,2023-04-27,-5.7,-3.6,3.5,0.77,open_meteo_era5_longyearbyen_2022_2023
longyearbyen,2023-04-28,-3.7,-1.4,10.8,0.57,open_meteo_era5_longyearbyen_2022_2023
longyearbyen,2023-04-29,-5.4,-1.9,0.6,0.87,open_meteo_era5_longyearbyen_2022_2023
longyearbyen,2023-04-30,-13.2,-2.3,0.0,0.84,open_meteo_era5_longyearbyen_2022_2023
longyearbyen,2023-05-01,-15.6,-13.6,0.0,0.82,open_meteo_era5_longyearbyen_2022_2023
longyearbyen,2023-05-02,-16.0,-11.0,0.0,0.83,open_meteo_era5_longyearbyen_2022_2023
longyearbyen,2023-05-03,-11.5,-5.2,0.3,0.93,open_meteo_era5_longyearbyen_2022_2023
longyearbyen,2023-05-04,-7.0,-3.8,0.2,0.83,open_meteo_era5_longyearbyen_2022_2023
longyearbyen,2023-05-05,-4.5,-2.6,0.2,0.8,open_meteo_era5_longyearbyen_2022_2023
longyearbyen,2023-05-06,-4.3,-2.6,3.6,0.77,open_meteo_era5_longyearbyen_2022_2023
longyearbyen,2023-05-07,-3.2,-1.3,1.6,1.31,open_meteo_era5_longyearbyen_2022_2023
longyearbyen,2023-05-08,-3.7,-2.2,0.2,1.36,open_meteo_era5_longyearbyen_2022_2023
longyearbyen,2023-05-09,-3.7,-2.0,0.9,1.25,open_meteo_era5_longyearbyen_2022_2023
longyearbyen,2023-05-10,-3.3,-0.6,2.5,0.87,open_meteo_era5_longyearbyen_2022_2023
longyearbyen,2023-05-11,-5.7,0.8,0.9,1.03,open_meteo_era5_longyearbyen_2022_2023
longyearbyen,2023-05-12,-6.7,-5.8,0.7,1.31,open_meteo_era5_longyearbyen_2022_2023
longyearbyen,2023-05-13,-5.6,0.5,9.7,0.87,open_meteo_era5_longyearbyen_2022_2023
longyearbyen,2023-05-14,-6.1,-3.1,2.0,1.0,open_meteo_era5_longyearbyen_2022_2023
longyearbyen,2023-05-15,-8.0,-6.4,2.5,0.86,open_meteo_era5_longyearbyen_2022_2023
longyearbyen,2023-05-16,-7.4,-5.4,2.3,1.02,open_meteo_era5_longyearbyen_2022_2023
longyearbyen,2023-05-17,-5.9,-3.1,4.9,0.95,open_meteo_era5_longyearbyen_2022_2023
longyearbyen,2023-05-18,-6.8,-4.1,0.0,1.67,open_meteo_era5_longyearbyen_2022_2023
longyearbyen,2023-05-19,-7.0,-3.1,0.0,1.77,open_meteo_era5_longyearbyen_2022_2023
longyearbyen,2023-05-20,-4.2,1.0,5.1,0.83,open_meteo_era5_longyearbyen_2022_2023
longyearbyen,2023-05-21,0.9,2.1,3.4,1.18,open_meteo_era5_longyearbyen_2022_2023
longyearbyen,2023-05-22,0.6,2.1,7.6,1.16,open_meteo_era5_longyearbyen_2022_2023
longyearbyen,2023-05-23,0.2,2.4,7.1,1.04,open_meteo_era5_longyearbyen_2022_2023
longyearbyen,2023-05-24,-0.6,1.6,1.7,1.42,open_meteo_era5_longyearbyen_2022_2023
longyearbyen,2023-05-25,-0.8,0.6,0.7,1.44,open_meteo_era5_longyearbyen_2022_2023
longyearbyen,2023-05-26,-3.5,-1.2,1.3,1.56,open_meteo_era5_longyearbyen_2022_2023
longyearbyen,2023-05-27,-4.1,-2.2,0.0,1.86,open_meteo_era5_longyearbyen_2022_2023
longyearbyen,2023-05-28,-2.9,-1.3,0.0,2.09,open_meteo_era5_longyearbyen_2022_2023
longyearbyen,2023-05-29,-2.5,0.0,0.4,1.4,open_meteo_era5_longyearbyen_2022_2023
longyearbyen,2023-05-30,-1.3,0.5,1.6,1.36,open_meteo_era5_longyearbyen_2022_2023
longyearbyen,2023-05-31,-1.3,0.9,2.1,1.42,open_meteo_era5_longyearbyen_2022_2023
longyearbyen,2023-06-01,-1.9,-0.6,0.0,2.11,open_meteo_era5_longyearbyen_2022_2023
longyearbyen,2023-06-02,-2.1,-0.5,0.0,2.24,open_meteo_era5_longyearbyen_2022_2023
longyearbyen,2023-06-03,-1.5,0.3,0.0,2.43,open_meteo_era5_longyearbyen_2022_2023
longyearbyen,2023-06-04,-0.8,1.1,0.0,2.39,open_meteo_era5_longyearbyen_2022_2023
longyearbyen,2023-06-05,-0.2,1.2,0.0,2.41,open_meteo_era5_longyearbyen_2022_2023
longyearbyen,2023-06-06,-0.3,1.7,0.0,2.45,open_meteo_era5_longyearbyen_2022_2023
longyearbyen,2023-06-07,0.3,2.1,0.0,2.5,open_meteo_era5_longyearbyen_2022_2023
longyearbyen,2023-06-08,-0.3,1.2,0.0,2.01,open_meteo_era5_longyearbyen_2022_2023
longyearbyen,2023-06-09,-0.1,1.0,0.1,1.58,open_meteo_era5_longyearbyen_2022_2023
longyearbyen,2023-06-10,0.3,3.0,2.9,1.07,open_meteo_era5_longyearbyen_2022_2023
longyearbyen,2023-06-11,1.0,3.7,6.5,1.16,open_meteo_era5_longyearbyen_2022_2023
longyearbyen,2023-06-12,0.5,1.2,6.5,1.44,open_meteo_era5_longyearbyen_2022_2023
longyearbyen,2023-06-13,0.7,1.7,0.1,1.8,open_meteo_era5_longyearbyen_2022_2023
longyearbyen,2023-06-14,0.4,1.3,1.7,1.5,open_meteo_era5_longyearbyen_2022_2023
longyearbyen,2023-06-15,0.3,1.7,0.0,2.22,open_meteo_era5_longyearbyen_2022_2023
longyearbyen,2023-06-16,0.7,2.7,0.0,2.62,open_meteo_era5_longyearbyen_2022_2023
longyearbyen,2023-06-17,0.7,3.1,0.1,1.43,open_meteo_era5_longyearbyen_2022_2023
longyearbyen,2023-06-18,2.5,3.5,0.3,1.09,open_meteo_era5_longyearbyen_2022_2023
longyearbyen,2023-06-19,2.8,3.8,0.0,1.58,open_meteo_era5_longyearbyen_2022_2023
longyearbyen,2023-06-20,2.5,5.3,0.0,2.13,open_meteo_era5_longyearbyen_2022_2023
longyearbyen,2023-06-21,3.3,6.6,0.0,2.32,open_meteo_era5_longyearbyen_2022_2023
longyearbyen,2023-06-22,2.9,7.1,0.2,1.86,open_meteo_era5_longyearbyen_2022_2023
longyearbyen,2023-06-23,4.5,9.7,0.3,1.88,open_meteo_era5_longyearbyen_2022_2023
longyearbyen,2023-06-24,3.0,5.5,0.0,1.71,open_meteo_era5_longyearbyen_2022_2023
longyearbyen,2023-06-25,3.1,4.8,0.0,1.61,open_meteo_era5_longyearbyen_2022_2023
longyearbyen,2023-06-26,3.5,6.4,0.0,1.66,open_meteo_era5_longyearbyen_2022_2023
longyearbyen,2023-06-27,5.3,8.3,1.6,1.27,open_meteo_era5_longyearbyen_2022_2023
longyearbyen,2023-06-28,6.1,11.2,0.0,2.66,open_meteo_era5_longyearbyen_2022_2023
longyearbyen,2023-06-29,5.3,8.1,0.0,1.98,open_meteo_era5_longyearbyen_2022_2023
longyearbyen,2023-06-30,5.2,11.6,0.0,2.88,open_meteo_era5_longyearbyen_2022_2023
longyearbyen,2023-07-01,7.1,9.7,0.0,2.28,open_meteo_era5_longyearbyen_2022_2023
longyearbyen,2023-07-02,4.4,9.2,0.0,2.7,open_meteo_era5_longyearbyen_2022_2023
longyearbyen,2023-07-03,4.6,8.1,0.0,3.22,open_meteo_era5_longyearbyen_2022_2023
longyearbyen,2023-07-04,6.5,10.2,0.0,3.42,open_meteo_era5_longyearbyen_2022_2023
longyearbyen,2023-07-05,8.3,13.7,0.0,3.88,open_meteo_era5_longyearbyen_2022_2023
longyearbyen,2023-07-06,11.9,15.6,0.0,4.09,open_meteo_era5_longyearbyen_2022_2023
longyearbyen,2023-07-07,9.9,12.3,0.0,3.15,open_meteo_era5_longyearbyen_2022_2023
longyearbyen,2023-07-08,7.4,9.6,0.0,1.93,open_meteo_era5_longyearbyen_2022_2023
longyearbyen,2023-07-09,6.5,8.6,0.6,1.51,open_meteo_era5_longyearbyen_2022_2023
longyearbyen,2023-07-10,6.0,8.9,0.0,2.36,open_meteo_era5_longyearbyen_2022_2023
longyearbyen,2023-07-11,5.9,8.3,1.8,1.58,open_meteo_era5_longyearbyen_2022_2023
longyearbyen,2023-07-12,6.0,7.0,0.9,1.13,open_meteo_era5_longyearbyen_2022_2023
longyearbyen,2023-07-13,5.9,8.3,0.0,1.77,open_meteo_era5_longyearbyen_2022_2023
longyearbyen,2023-07-14,6.6,11.6,0.0,2.93,open_meteo_era5_longyearbyen_2022_2023
longyearbyen,2023-07-15,8.0,11.1,0.0,3.15,open_meteo_era5_longyearbyen_2022_2023
longyearbyen,2023-07-16,7.6,11.7,0.0,3.17,open_meteo_era5_longyearbyen_2022_2023
longyearbyen,2023-07-17,4.1,6.7,0.0,2.18,open_meteo_era5_longyearbyen_2022_2023
longyearbyen,2023-07-18,6.5,10.0,0.6,2.74,open_meteo_era5_longyearbyen_2022_2023
longyearbyen,2023-07-19,6.6,11.7,0.0,3.05,open_meteo_era5_longyearbyen_2022_2023
longyearbyen,2023-07-20,8.3,11.9,0.0,2.69,open_meteo_era5_longyearbyen_2022_2023
longyearbyen,2023-07-21,6.7,8.8,0.4,1.37,open_meteo_era5_longyearbyen_2022_2023
longyearbyen,2023-07-22,6.2,8.7,0.0,1.79,open_meteo_era5_longyearbyen_2022_2023
longyearbyen,2023-07-23,7.2,11.1,0.0,2.28,open_meteo_era5_longyearbyen_2022_2023
longyearbyen,2023-07-24,8.1,10.5,0.0,2.12,open_meteo_era5_longyearbyen_2022_2023
longyearbyen,2023-07-25,6.6,9.9,0.0,2.4,open_meteo_era5_longyearbyen_2022_2023
longyearbyen,2023-07-26,6.1,10.1,0.0,2.54,open_meteo_era5_longyearbyen_2022_2023
longyearbyen,2023-07-27,7.5,10.2,0.0,2.5,open_meteo_era5_longyearbyen_2022_2023
longyearbyen,2023-07-28,5.2,7.1,2.4,0.91,open_meteo_era5_longyearbyen_2022_2023
longyearbyen,2023-07-29,5.2,6.4,2.4,1.34,open_meteo_era5_longyearbyen_2022_2023
longyearbyen,2023-07-30,5.5,6.9,1.0,1.33,open_meteo_era5_longyearbyen_2022_2023
longyearbyen,2023-07-31,5.8,8.0,0.0,1.41,open_meteo_era5_longyearbyen_2022_2023
longyearbyen,2023-08-01,5.8,8.6,0.0,1.36,open_meteo_era5_longyearbyen_2022_2023
longyearbyen,2023-08-02,5.5,9.9,0.0,1.85,open_meteo_era5_longyearbyen_2022_2023
longyearbyen,2023-08-03,6.2,11.2,9.3,2.0,open_meteo_era5_longyearbyen_2022_2023
longyearbyen,2023-08-04,5.6,9.9,20.9,1.13,open_meteo_era5_longyearbyen_2022_2023
longyearbyen,2023-08-05,8.6,11.4,13.1,1.09,open_meteo_era5_longyearbyen_2022_2023
longyearbyen,2023-08-06,7.8,9.3,7.9,0.94,open_meteo_era5_longyearbyen_2022_2023
longyearbyen,2023-08-07,7.1,8.3,1.8,0.95,open_meteo_era5_longyearbyen_2022_2023
longyearbyen,2023-08-08,4.7,8.5,0.0,1.9,open_meteo_era5_longyearbyen_2022_2023
longyearbyen,2023-08-09,6.1,8.8,0.0,1.62,open_meteo_era5_longyearbyen_2022_2023
longyearbyen,2023-08-10,6.0,7.6,0.0,1.25,open_meteo_era5_longyearbyen_2022_2023
longyearbyen,2023-08-11,6.0,10.4,2.8,1.35,open_meteo_era5_longyearbyen_2022_2023
longyearbyen,2023-08-12,6.5,10.4,3.3,0.82,open_meteo_era5_longyearbyen_2022_2023
longyearbyen,2023-08-13,6.2,9.2,0.1,0.93,open_meteo_era5_longyearbyen_2022_2023
longyearbyen,2023-08-14,5.2,8.8,0.1,1.16,open_meteo_era5_longyearbyen_2022_2023
longyearbyen,2023-08-15,4.5,6.5,4.0,0.8,open_meteo_era5_longyearbyen_2022_2023
longyearbyen,2023-08-16,4.2,6.0,1.6,1.14,open_meteo_era5_longyearbyen_2022_2023
longyearbyen,2023-08-17,4.0,7.0,0.8,1.05,open_meteo_era5_longyearbyen_2022_2023
longyearbyen,2023-08-18,3.8,7.1,1.0,1.15,open_meteo_era5_longyearbyen_2022_2023
longyearbyen,2023-08-19,3.5,5.9,0.0,1.09,open_meteo_era5_longyearbyen_2022_2023
longyearbyen,2023-08-20,3.2,5.9,0.0,1.03,open_meteo_era5_longyearbyen_2022_2023
longyearbyen,2023-08-21,3.1,5.4,0.0,0.86,open_meteo_era5_longyearbyen_2022_2023
longyearbyen,2023-08-22,4.0,5.7,0.0,0.79,open_meteo_era5_longyearbyen_2022_2023
longyearbyen,2023-08-23,3.7,5.5,0.0,0.8,open_meteo_era5_longyearbyen_2022_2023
longyearbyen,2023-08-24,3.9,6.5,0.0,0.77,open_meteo_era5_longyearbyen_2022_2023
longyearbyen,2023-08-25,4.4,6.4,1.0,0.73,open_meteo_era5_longyearbyen_2022_2023
longyearbyen,2023-08-26,4.0,6.0,2.3,0.59,open_meteo_era5_longyearbyen_2022_2023
longyearbyen,2023-08-27,5.1,6.7,0.0,0.57,open_meteo_era5_longyearbyen_2022_2023
longyearbyen,2023-08-28,4.5,6.4,0.2,0.6,open_meteo_era5_longyearbyen_2022_2023
longyearbyen,2023-08-29,4.2,5.1,0.1,0.46,open_meteo_era5_longyearbyen_2022_2023
longyearbyen,2023-08-30,4.1,6.3,2.2,0.49,open_meteo_era5_longyearbyen_2022_2023
longyearbyen,2023-08-31,4.2,5.9,0.1,0.68,open_meteo_era5_longyearbyen_2022_2023
longyearbyen,2023-09-01,2.7,4.3,0.3,0.78,open_meteo_era5_longyearbyen_2022_2023
longyearbyen,2023-09-02,3.0,5.4,0.5,0.66,open_meteo_era5_longyearbyen_2022_2023
longyearbyen,2023-09-03,1.6,4.1,0.3,0.55,open_meteo_era5_longyearbyen_2022_2023
longyearbyen,2023-09-04,3.0,5.3,11.9,0.37,open_meteo_era5_longyearbyen_2022_2023
longyearbyen,2023-09-05,4.1,5.1,5.3,0.38,open_meteo_era5_longyearbyen_2022_2023
longyearbyen,2023-09-06,1.4,4.0,7.6,0.41,open_meteo_era5_longyearbyen_2022_2023
longyearbyen,2023-09-07,1.3,3.3,1.6,0.49,open_meteo_era5_longyearbyen_2022_2023
longyearbyen,2023-09-08,2.3,4.5,14.9,0.3,open_meteo_era5_longyearbyen_2022_2023
longyearbyen,2023-09-09,0.4,4.4,2.8,0.5,open_meteo_era5_longyearbyen_2022_2023
longyearbyen,2023-09-10,-0.1,1.8,0.7,0.63,open_meteo_era5_longyearbyen_2022_2023
longyearbyen,2023-09-11,-0.2,2.4,0.5,0.63,open_meteo_era5_longyearbyen_2022_2023
longyearbyen,2023-09-12,-0.2,1.5,0.0,0.44,open_meteo_era5_longyearbyen_2022_2023
longyearbyen,2023-09-13,-1.3,1.2,0.0,0.59,open_meteo_era5_longyearbyen_2022_2023
longyearbyen,2023-09-14,0.2,1.1,0.6,0.58,open_meteo_era5_longyearbyen_2022_2023
longyearbyen,2023-09-15,-2.4,1.0,3.6,0.37,open_meteo_era5_longyearbyen_2022_2023
longyearbyen,2023-09-16,-2.4,-0.7,0.1,0.41,open_meteo_era5_longyearbyen_2022_2023
longyearbyen,2023-09-17,-3.6,-1.9,0.3,0.31,open_meteo_era5_longyearbyen_2022_2023
longyearbyen,2023-09-18,-4.4,-2.4,0.1,0.54,open_meteo_era5_longyearbyen_2022_2023
longyearbyen,2023-09-19,-3.0,-1.7,0.0,0.39,open_meteo_era5_longyearbyen_2022_2023
longyearbyen,2023-09-20,-4.0,-2.4,0.0,0.25,open_meteo_era5_longyearbyen_2022_2023
longyearbyen,2023-09-21,-3.6,-2.2,0.2,0.24,open_meteo_era5_longyearbyen_2022_2023
longyearbyen,2023-09-22,-4.1,-2.1,0.9,0.21,open_meteo_era5_longyearbyen_2022_2023
longyearbyen,2023-09-23,-4.8,-2.5,0.0,0.21,open_meteo_era5_longyearbyen_2022_2023
longyearbyen,2023-09-24,-5.2,-3.9,0.0,0.17,open_meteo_era5_longyearbyen_2022_2023
longyearbyen,2023-09-25,-6.2,-4.1,0.0,0.18,open_meteo_era5_longyearbyen_2022_2023
longyearbyen,2023-09-26,-7.0,-5.4,0.0,0.12,open_meteo_era5_longyearbyen_2022_2023
longyearbyen,2023-09-27,-9.2,-6.4,0.0,0.12,open_meteo_era5_longyearbyen_2022_2023
longyearbyen,2023-09-28,-8.3,-1.5,3.9,0.33,open_meteo_era5_longyearbyen_2022_2023
longyearbyen,2023-09-29,-1.4,0.2,5.8,0.34,open_meteo_era5_longyearbyen_2022_2023
longyearbyen,2023-09-30,-8.7,-0.9,0.0,0.29,open_meteo_era5_longyearbyen_2022_2023
longyearbyen,2023-10-01,-9.4,-5.0,0.0,0.45,open_meteo_era5_longyearbyen_2022_2023
longyearbyen,2023-10-02,-6.3,-5.0,0.0,0.53,open_meteo_era5_longyearbyen_2022_2023
longyearbyen,2023-10-03,-7.6,-4.6,1.5,0.36,open_meteo_era5_longyearbyen_2022_2023
longyearbyen,2023-10-04,-4.8,-3.4,0.6,0.38,open_meteo_era5_longyearbyen_2022_2023
longyearbyen,2023-10-05,-7.7,-3.0,0.0,0.27,open_meteo_era5_longyearbyen_2022_2023
longyearbyen,2023-10-06,-6.7,-1.9,0.1,0.32,open_meteo_era5_longyearbyen_2022_2023
longyearbyen,2023-10-07,-4.9,-2.9,0.0,0.28,open_meteo_era5_longyearbyen_2022_2023
longyearbyen,2023-10-08,-9.5,-4.9,0.0,0.08,open_meteo_era5_longyearbyen_2022_2023
longyearbyen,2023-10-09,-10.2,-7.3,0.0,0.04,open_meteo_era5_longyearbyen_2022_2023
longyearbyen,2023-10-10,-7.8,-6.0,0.0,0.05,open_meteo_era5_longyearbyen_2022_2023
longyearbyen,2023-10-11,-7.7,-6.2,0.0,0.22,open_meteo_era5_longyearbyen_2022_2023
longyearbyen,2023-10-12,-7.1,-4.7,0.0,0.37,open_meteo_era5_longyearbyen_2022_2023
longyearbyen,2023-10-13,-4.6,-0.3,0.0,0.25,open_meteo_era5_longyearbyen_2022_2023
longyearbyen,2023-10-14,-3.4,-1.2,1.0,0.37,open_meteo_era5_longyearbyen_2022_2023
longyearbyen,2023-10-15,-2.9,-1.0,1.3,0.45,open_meteo_era5_longyearbyen_2022_2023
longyearbyen,2023-10-16,-6.6,-2.9,0.0,0.34,open_meteo_era5_longyearbyen_2022_2023
longyearbyen,2023-10-17,-7.2,-6.0,0.0,0.14,open_meteo_era5_longyearbyen_2022_2023
longyearbyen,2023-10-18,-10.0,-0.6,2.7,0.09,open_meteo_era5_longyearbyen_2022_2023
longyearbyen,2023-10-19,-7.1,1.6,15.5,0.3,open_meteo_era5_longyearbyen_2022_2023
longyearbyen,2023-10-20,-8.7,-6.5,0.8,0.48,open_meteo_era5_longyearbyen_2022_2023
longyearbyen,2023-10-21,-9.7,-6.9,0.0,0.05,open_meteo_era5_longyearbyen_2022_2023
longyearbyen,2023-10-22,-12.0,-9.0,0.0,0.02,open_meteo_era5_longyearbyen_2022_2023
longyearbyen,2023-10-23,-11.9,-8.2,0.0,0.01,open_meteo_era5_longyearbyen_2022_2023
longyearbyen,2023-10-24,-7.7,-3.1,1.1,0.01,open_meteo_era5_longyearbyen_2022_2023
longyearbyen,2023-10-25,-5.2,-3.3,0.4,0.0,open_meteo_era5_longyearbyen_2022_2023
longyearbyen,2023-10-26,-5.5,-4.5,0.8,0.05,open_meteo_era5_longyearbyen_2022_2023
longyearbyen,2023-10-27,-5.6,-4.4,1.2,0.0,open_meteo_era5_longyearbyen_2022_2023
longyearbyen,2023-10-28,-5.7,-4.0,0.2,0.0,open_meteo_era5_longyearbyen_2022_2023
longyearbyen,2023-10-29,-7.0,-4.3,0.0,0.0,open_meteo_era5_longyearbyen_2022_2023
longyearbyen,2023-10-30,-6.1,-2.9,1.8,0.08,open_meteo_era5_longyearbyen_2022_2023
longyearbyen,2023-10-31,-8.8,-2.6,2.4,0.27,open_meteo_era5_longyearbyen_2022_2023
longyearbyen,2023-11-01,-15.9,-8.7,0.0,0.03,open_meteo_era5_longyearbyen_2022_2023
longyearbyen,2023-11-02,-16.8,-15.0,0.0,0.03,open_meteo_era5_longyearbyen_2022_2023
longyearbyen,2023-11-03,-15.6,-9.0,2.8,0.02,open_meteo_era5_longyearbyen_2022_2023
longyearbyen,2023-11-04,-13.7,-9.1,0.5,0.12,open_meteo_era5_longyearbyen_2022_2023
longyearbyen,2023-11-05,-14.5,-11.3,2.4,0.15,open_meteo_era5_longyearbyen_2022_2023
longyearbyen,2023-11-06,-17.5,-14.6,0.0,0.08,open_meteo_era5_longyearbyen_2022_2023
longyearbyen,2023-11-07,-17.5,-14.8,0.1,0.01,open_meteo_era5_longyearbyen_2022_2023
longyearbyen,2023-11-08,-14.5,-5.5,2.3,0.1,open_meteo_era5_longyearbyen_2022_2023
longyearbyen,2023-11-09,-8.9,-4.3,6.4,0.07,open_meteo_era5_longyearbyen_2022_2023
longyearbyen,2023-11-10,-12.7,-6.5,0.0,0.08,open_meteo_era5_longyearbyen_2022_2023
longyearbyen,2023-11-11,-14.0,-8.4,1.4,0.06,open_meteo_era5_longyearbyen_2022_2023
longyearbyen,2023-11-12,-9.5,-6.5,3.0,0.05,open_meteo_era5_longyearbyen_2022_2023
longyearbyen,2023-11-13,-14.0,-8.3,1.8,0.06,open_meteo_era5_longyearbyen_2022_2023
longyearbyen,2023-11-14,-16.5,-12.4,1.6,0.09,open_meteo_era5_longyearbyen_2022_2023
longyearbyen,2023-11-15,-19.9,-16.2,0.0,0.01,open_meteo_era5_longyearbyen_2022_2023
longyearbyen,2023-11-16,-20.0,-14.2,0.0,0.05,open_meteo_era5_longyearbyen_2022_2023
longyearbyen,2023-11-17,-18.6,-16.7,0.0,0.02,open_meteo_era5_longyearbyen_2022_2023
longyearbyen,2023-11-18,-20.1,-17.9,0.0,0.02,open_meteo_era5_longyearbyen_2022_2023
longyearbyen,2023-11-19,-20.5,-12.6,0.8,0.06,open_meteo_era5_longyearbyen_2022_2023
longyearbyen,2023-11-20,-11.6,-3.2,2.4,0.13,open_meteo_era5_longyearbyen_2022_2023
longyearbyen,2023-11-21,-5.0,-1.1,4.4,0.14,open_meteo_era5_longyearbyen_2022_2023
longyearbyen,2023-11-22,-1.1,1.5,5.2,0.46,open_meteo_era5_longyearbyen_2022_2023
longyearbyen,2023-11-23,-4.4,-1.1,1.0,0.39,open_meteo_era5_longyearbyen_2022_2023
longyearbyen,2023-11-24,-9.5,-4.3,0.1,0.04,open_meteo_era5_longyearbyen_2022_2023
longyearbyen,2023-11-25,-10.9,-7.2,0.0,0.01,open_meteo_era5_longyearbyen_2022_2023
longyearbyen,2023-11-26,-10.4,-2.2,0.3,0.06,open_meteo_era5_longyearbyen_2022_2023
longyearbyen,2023-11-27,-1.8,1.1,2.4,0.19,open_meteo_era5_longyearbyen_2022_2023
longyearbyen,2023-11-28,0.2,1.2,1.4,0.15,open_meteo_era5_longyearbyen_2022_2023
longyearbyen,2023-11-29,-5.2,0.1,2.9,0.12,open_meteo_era5_longyearbyen_2022_2023
longyearbyen,2023-11-30,-9.8,-5.4,1.7,0.22,open_meteo_era5_longyearbyen_2022_2023
longyearbyen,2023-12-01,-13.5,-10.1,0.0,0.25,open_meteo_era5_longyearbyen_2022_2023
longyearbyen,2023-12-02,-10.9,-8.8,0.0,0.09,open_meteo_era5_longyearbyen_2022_2023
longyearbyen,2023-12-03,-13.1,-6.8,0.0,0.07,open_meteo_era5_longyearbyen_2022_2023
longyearbyen,2023-12-04,-13.0,-5.4,0.0,0.33,open_meteo_era5_longyearbyen_2022_2023
longyearbyen,2023-12-05,-7.6,-5.2,0.0,0.3,open_meteo_era5_longyearbyen_2022_2023
longyearbyen,2023-12-06,-8.2,-6.2,0.0,0.24,open_meteo_era5_longyearbyen_2022_2023
longyearbyen,2023-12-07,-7.0,-3.7,0.5,0.25,open_meteo_era5_longyearbyen_2022_2023
longyearbyen,2023-12-08,-4.0,-2.7,2.9,0.17,open_meteo_era5_longyearbyen_2022_2023
longyearbyen,2023-12-09,-7.0,-3.9,3.8,0.07,open_meteo_era5_longyearbyen_2022_2023
longyearbyen,2023-12-10,-8.4,-2.8,8.3,0.19,open_meteo_era5_longyearbyen_2022_2023
longyearbyen,2023-12-11,-9.0,-3.2,3.0,0.17,open_meteo_era5_longyearbyen_2022_2023
longyearbyen,2023-12-12,-13.8,-9.1,0.0,0.16,open_meteo_era5_longyearbyen_2022_2023
longyearbyen,2023-12-13,-12.3,-2.6,9.1,0.09,open_meteo_era5_longyearbyen_2022_2023
longyearbyen,2023-12-14,-8.7,-2.1,0.8,0.05,open_meteo_era5_longyearbyen_2022_2023
longyearbyen,2023-12-15,-5.6,-1.7,0.0,0.08,open_meteo_era5_longyearbyen_2022_2023
longyearbyen,2023-12-16,-4.0,-2.6,0.0,0.25,open_meteo_era5_longyearbyen_2022_2023
longyearbyen,2023-12-17,-2.7,-1.5,2.8,0.24,open_meteo_era5_longyearbyen_2022_2023
longyearbyen,2023-12-18,-5.9,-1.8,0.4,0.24,open_meteo_era5_longyearbyen_2022_2023
longyearbyen,2023-12-19,-9.2,-5.9,0.2,0.35,open_meteo_era5_longyearbyen_2022_2023
longyearbyen,2023-12-20,-12.5,-9.1,0.0,0.31,open_meteo_era5_longyearbyen_2022_2023
longyearbyen,2023-12-21,-13.2,-11.3,0.0,0.26,open_meteo_era5_longyearbyen_2022_2023
longyearbyen,2023-12-22,-15.9,-12.5,0.0,0.16,open_meteo_era5_longyearbyen_2022_2023
longyearbyen,2023-12-23,-20.7,-16.0,0.0,0.06,open_meteo_era5_longyearbyen_2022_2023
longyearbyen,2023-12-24,-21.0,-19.8,0.0,0.08,open_meteo_era5_longyearbyen_2022_2023
longyearbyen,2023-12-25,-20.4,-14.9,0.7,0.18,open_meteo_era5_longyearbyen_2022_2023
longyearbyen,2023-12-26,-14.5,-9.8,3.5,0.31,open_meteo_era5_longyearbyen_2022_2023
longyearbyen,2023-12-27,-9.9,-6.0,2.1,0.19,open_meteo_era5_longyearbyen_2022_2023
longyearbyen,2023-12-28,-5.9,-3.5,1.9,0.11,open_meteo_era5_longyearbyen_2022_2023
longyearbyen,2023-12-29,-3.4,-1.7,2.9,0.12,open_meteo_era5_longyearbyen_2022_2023
longyearbyen,2023-12-30,-2.3,-1.6,0.0,0.18,open_meteo_era5_longyearbyen_2022_2023
longyearbyen,2023-12-31,-2.7,-1.7,0.6,0.23,open_meteo_era5_longyearbyen_2022_2023
